# This file uses centimeters as units for non-parametric coordinates.

mtllib saoba.mtl
g default
v -30.179485 433.688110 551.230164
v -17.250402 426.606598 552.521240
v -22.415955 485.021515 560.908569
v -7.334415 334.668762 614.637268
v -22.497662 488.686737 614.357605
v -16.476999 487.386261 566.833130
v -20.591593 338.232391 553.252991
v 36.513062 0.809985 602.023315
v 36.513062 0.809464 593.646179
v 28.753866 0.000001 593.647522
v 28.754124 0.000944 602.024658
v -7.507244 466.164551 580.168579
v -20.692486 462.733032 580.195679
v -20.692484 462.733032 612.369690
v -7.507242 466.164551 612.406128
v -9.150473 496.753784 578.382568
v -7.369270 485.128204 612.607666
v -10.830198 494.975769 612.981567
v -22.829287 497.388794 612.680725
v -22.025503 498.689270 577.586975
v -27.908218 489.207428 573.670532
v -27.888914 491.960785 612.680725
v -34.064919 364.579803 639.465942
v -25.630857 485.732727 560.400574
v -21.881460 494.879272 567.210815
v -11.288746 494.180756 568.093445
v -7.369271 483.959808 582.089966
v -9.496574 485.300934 561.686829
v -7.388799 346.268951 556.244873
v -20.049049 349.492188 551.688843
v -30.452024 358.874969 549.776733
v -2.320655 339.626831 569.071899
v -17.240143 481.242004 582.376648
v -14.040879 331.026398 582.532959
v -12.132811 482.859985 609.056641
v -7.646048 335.933685 602.997131
v -0.930465 329.090912 613.368347
v 0.025916 344.054047 633.017151
v -8.189588 480.566345 626.764160
v -9.016479 349.906219 637.329285
v -15.367856 480.833069 630.867798
v -24.912815 358.643829 638.047119
v -28.678091 479.834839 629.835022
v -3.041565 421.176086 593.643372
v -3.041514 421.176086 602.022339
v -11.061895 419.669861 602.023743
v -11.061920 419.669861 593.644897
v -23.505325 385.666870 641.232239
v -30.749966 389.375275 643.466431
v -27.047411 481.074371 629.153015
v -18.575672 463.708374 592.281311
v -14.760643 435.709961 592.281494
v -4.515325 437.759735 592.280457
v -8.322685 465.717529 592.280212
v -4.515274 437.759735 602.855591
v -8.319205 465.717529 602.855835
v -14.759043 435.709961 602.857056
v -18.574022 463.710907 602.857300
v -12.998975 437.462555 592.976501
v -9.271601 410.617310 592.977051
v -1.443748 412.207336 592.974426
v -5.165768 439.029755 592.973877
v -1.441893 412.207336 602.178284
v -5.163558 439.029755 602.178467
v -9.269213 410.619843 602.179993
v -12.996232 437.465088 602.180237
v -5.700513 387.307709 577.141602
v -9.900199 381.257446 588.495667
v -5.701837 473.743927 581.126099
v -25.988739 403.215729 548.642151
v -11.933903 392.397888 549.933228
v -11.829081 487.711365 563.582703
vt 0.909668 0.692627
vt 0.931641 0.460938
vt 0.977539 0.496582
vt 0.237793 0.691406
vt 0.023972 0.697022
vt 0.005466 0.003906
vt 0.291992 0.014648
vt 0.733887 0.733154
vt 0.805176 0.733154
vt 0.805176 0.789795
vt 0.733887 0.789795
vt 0.090088 0.879028
vt 0.004959 0.879028
vt 0.004925 0.728027
vt 0.090027 0.728027
vt 0.178711 0.879028
vt 0.178711 0.728027
vt 0.713379 0.720703
vt 0.581055 0.738525
vt 0.558594 0.685059
vt 0.710449 0.675049
vt 0.707519 0.621338
vt 0.553711 0.628174
vt 0.536621 0.579590
vt 0.707519 0.589111
vt 0.815918 0.028809
vt 0.422607 0.010742
vt 0.563477 0.654785
vt 0.527832 0.616699
vt 0.559082 0.094727
vt 0.447022 0.688477
vt 0.471435 0.654297
vt 0.515625 0.656494
vt 0.395508 0.634033
vt 0.470459 0.616455
vt 0.456543 0.045898
vt 0.514160 0.054199
vt 0.516602 0.698486
vt 0.396973 0.027832
vt 0.354248 0.621338
vt 0.344727 0.001953
vt 0.928711 0.001465
vt 0.976074 0.037109
vt 0.895508 0.636963
vt 0.871094 0.645508
vt 0.842285 0.051270
vt 0.825195 0.610840
vt 0.800781 0.071289
vt 0.803711 0.605957
vt 0.743164 0.106445
vt 0.708008 0.131836
vt 0.759766 0.602051
vt 0.757324 0.701172
vt 0.716797 0.672607
vt 0.830566 0.693359
vt 0.002821 0.973038
vt 0.997559 0.973038
vt 0.997559 0.992630
vt 0.002821 0.992638
vt 0.002821 0.944031
vt 0.997559 0.944031
vt 0.002821 0.920227
vt 0.997559 0.920227
vt 0.997559 0.889831
vt 0.002821 0.889831
vt 0.332764 0.603760
vt 0.302490 0.125977
vt 0.341797 0.107910
vt 0.326172 0.877808
vt 0.326172 0.712891
vt 0.386963 0.712891
vt 0.386963 0.877808
vt 0.248291 0.877808
vt 0.248169 0.712891
vt 0.187256 0.877808
vt 0.187256 0.712891
vt 0.983887 0.763794
vt 0.814941 0.763794
vt 0.814941 0.714111
vt 0.983887 0.714111
vt 0.983887 0.826050
vt 0.814941 0.826660
vt 0.983887 0.876038
vt 0.814941 0.876038
vt 0.302246 0.137695
vt 0.317139 0.615967
vt 0.256836 0.581299
vt 0.995117 0.009277
vt 0.996094 0.505127
vt 0.921875 0.451172
vn 0.182132 0.155509 -0.970899
vn 0.182132 0.155509 -0.970899
vn 0.182132 0.155509 -0.970899
vn 0.997226 0.068683 0.028696
vn 0.987677 0.097461 0.122458
vn 0.987446 0.009764 -0.157657
vn 0.977342 -0.007702 -0.211524
vn -0.721890 -0.081991 0.687134
vn -0.721981 -0.082007 -0.687036
vn 0.720858 0.054415 -0.690943
vn 0.721021 0.054436 0.690772
vn 0.849745 -0.527194 0.000100
vn 0.251865 -0.967762 0.000000
vn 0.251865 -0.967762 0.000000
vn 0.833953 -0.551836 0.000097
vn 0.989576 0.071984 -0.124732
vn 0.982228 0.005531 0.187613
vn 0.653265 0.755241 -0.053444
vn 0.547807 0.795791 0.258116
vn -0.201964 0.944764 0.258130
vn -0.389297 0.919843 -0.048334
vn -0.997095 0.060058 -0.046852
vn -0.995754 0.091930 0.004697
vn -0.990558 0.038071 0.131700
vn -0.961983 0.040791 -0.270046
vn -0.581123 0.121814 -0.804647
vn 0.681604 0.610222 -0.403788
vn -0.262928 0.781672 -0.565561
vn 0.784211 0.081550 -0.615112
vn 0.796810 0.058007 -0.601439
vn 0.310618 0.045760 -0.949433
vn 0.918180 0.034758 0.394635
vn 0.140787 -0.077893 0.986971
vn 0.748801 0.016637 0.662587
vn 0.963636 0.044410 -0.263503
vn 0.852458 0.047503 -0.520633
vn 0.615085 0.022711 -0.788134
vn 0.994012 0.050470 0.096913
vn 0.913267 0.110696 0.392033
vn 0.306265 0.063055 0.949856
vn 0.162058 0.184936 0.969297
vn 0.099983 0.050576 0.993703
vn -0.838128 0.140201 0.527148
vn 0.742077 0.069822 -0.666669
vn -0.701750 -0.066583 -0.709305
vn 0.742194 0.069839 0.666536
vn -0.701617 -0.066564 0.709438
vn 0.352523 0.130411 0.926672
vn 0.352523 0.130411 0.926672
vn 0.352523 0.130411 0.926672
vn 0.718137 0.097748 -0.689003
vn 0.691527 0.094126 -0.716192
vn -0.000098 -0.000021 -1.000000
vn -0.000098 -0.000021 -1.000000
vn 0.718310 0.097771 0.688819
vn 0.691687 0.094147 0.716035
vn 0.000144 0.000010 1.000000
vn 0.000144 0.000010 1.000000
vn 0.760595 0.105526 -0.640593
vn 0.735664 0.102066 -0.669612
vn -0.000326 -0.000065 -1.000000
vn -0.000326 -0.000065 -1.000000
vn 0.760893 0.105575 0.640232
vn 0.736067 0.102130 0.669160
vn 0.000217 0.000022 1.000000
vn 0.000217 0.000022 1.000000
vn 0.940465 -0.015637 0.339531
vn 0.940465 -0.015637 0.339531
vn 0.940465 -0.015637 0.339531
vn 0.196001 0.138799 -0.970731
vn 0.196001 0.138799 -0.970731
vn 0.196001 0.138799 -0.970731
s off
g MopStanding
usemtl blinn5SG
f 3/1/1 2/2/2 1/3/3
s 1
f 6/4/4 5/5/5 4/6/6
f 4/6/6 7/7/7 6/4/4
s 2
f 11/8/8 10/9/9 9/10/10 8/11/11
s 3
f 15/12/12 14/13/13 13/14/14 12/15/15
f 17/16/16 15/12/12 12/15/15 27/17/17
f 17/18/16 27/19/17 16/20/18
f 16/20/18 18/21/19 17/18/16
f 19/22/20 18/21/19 16/20/18
f 16/20/18 20/23/21 19/22/20
f 19/22/20 20/23/21 21/24/22
f 21/24/22 22/25/23 19/22/20
f 23/26/24 22/25/23 21/24/22
f 21/24/22 31/27/25 23/26/24
f 21/28/22 24/29/26 31/30/25
f 16/31/18 26/32/27 25/33/28
f 26/32/27 16/31/18 27/34/17
f 27/34/17 28/35/29 26/32/27
f 29/36/30 28/35/29 27/34/17
f 29/36/30 30/37/31 28/35/29
f 28/35/29 30/37/31 31/30/25
f 31/30/25 24/29/26 28/35/29
f 28/35/29 24/29/26 25/33/28
f 25/33/28 24/29/26 21/28/22
f 20/38/21 25/33/28 21/28/22
f 25/33/28 20/38/21 16/31/18
f 25/33/28 26/32/27 28/35/29
f 27/34/17 32/39/32 29/36/30
f 32/39/32 27/34/17 33/40/33
f 33/40/33 34/41/34 32/39/32
f 37/42/35 36/43/36 35/44/37
f 35/44/37 17/45/16 37/42/35
f 38/46/38 37/42/35 17/45/16
f 17/45/16 39/47/39 38/46/38
f 39/47/39 40/48/40 38/46/38
f 40/48/40 39/47/39 41/49/41
f 41/49/41 42/50/42 40/48/40
f 23/51/24 42/50/42 41/49/41
f 41/49/41 43/52/43 23/51/24
f 19/53/20 43/52/43 41/49/41
f 43/52/43 19/53/20 22/54/23
f 22/54/23 23/51/24 43/52/43
f 41/49/41 18/55/19 19/53/20
f 18/55/19 41/49/41 39/47/39
f 39/47/39 17/45/16 18/55/19
s 2
f 44/56/44 9/57/10 10/58/9 47/59/45
f 45/60/46 8/61/11 9/57/10 44/56/44
f 46/62/47 11/63/8 8/61/11 45/60/46
f 10/64/9 11/63/8 46/62/47 47/65/45
s off
f 50/66/48 49/67/49 48/68/50
s 5
f 54/69/51 53/70/52 52/71/53 51/72/54
f 56/73/55 55/74/56 53/70/52 54/69/51
f 58/75/57 57/76/58 55/74/56 56/73/55
s 6
f 62/77/59 61/78/60 60/79/61 59/80/62
f 64/81/63 63/82/64 61/78/60 62/77/59
f 66/83/65 65/84/66 63/82/64 64/81/63
s off
f 69/85/67 68/86/68 67/87/69
f 72/88/70 71/89/71 70/90/72
g default
v 3.595006 29.996141 418.118195
v -73.102463 136.755386 408.148712
v -67.932022 38.117027 491.526489
v -73.679543 136.675629 493.055054
v -73.679543 136.675629 423.862915
v -98.107735 183.454819 503.697906
v -100.051094 171.735764 503.693085
v -0.509453 127.781311 525.835266
v -1.325532 126.489471 528.172852
v -4.269138 126.609360 525.769470
v 21.999109 126.863869 524.632324
v 22.340029 125.524780 526.907898
v 43.097717 126.004074 518.318665
v 44.455605 124.623589 520.289673
v 70.112144 124.902985 480.232819
v 71.477646 123.522240 482.193359
v 82.972420 124.378983 476.240845
v 84.191109 123.004089 478.246979
v 86.432655 124.237511 472.449097
v 88.580231 122.825783 473.437988
v 82.864723 121.732819 476.240845
v 86.330040 121.591331 472.444580
v 87.929733 124.237251 458.458984
v 70.004189 122.257072 480.232819
v 21.891260 124.217949 524.632324
v -0.617294 125.135399 525.835266
v -4.276301 126.609612 520.544189
v -1.925201 127.838974 524.679565
v 42.989773 123.358162 518.318665
v -2.033042 125.193054 524.679565
v -1.930881 127.839233 520.541138
v -2.038721 125.193306 520.541138
v -67.932030 38.117027 425.391479
v -16.533752 38.539177 511.582581
v 59.193954 38.117035 504.334167
v 56.439064 122.509796 402.184509
v 3.409886 122.182396 391.838593
v 3.478923 122.509796 396.785492
v 67.250832 122.076477 398.816467
v 71.575180 122.509796 413.451447
v 78.435211 121.621307 410.433167
v 82.147934 121.525803 458.458984
v -49.719471 132.126740 400.694061
v -98.873039 107.709717 458.458984
v -82.685623 107.709724 433.039948
v -94.707695 107.709717 434.683899
v -98.873039 98.541084 458.458984
v -82.685623 98.541084 483.878052
v -82.685623 98.541084 433.039948
v -94.707695 98.541084 434.683899
v 63.897530 122.509796 511.439819
v -18.147343 125.403114 517.796204
v 3.409891 122.182396 525.079346
v 67.250832 122.076477 518.101501
v 78.435211 121.621307 506.484802
v 79.230232 121.931442 458.458984
v -49.719467 132.126740 516.223938
v -52.112907 122.269264 516.749451
v -94.707695 98.541084 482.234070
v -94.707695 107.709717 482.234070
v -82.685623 107.709724 483.878052
v -104.796570 171.304214 479.391174
v -98.248451 165.746445 479.391174
v -101.743492 179.434494 479.391174
v -105.046761 192.036957 479.391174
v -100.479843 193.626755 479.391174
v 3.595010 29.996141 509.386505
v 59.045113 38.070297 498.799774
v -37.864014 86.745583 485.532074
v -37.864017 86.745583 480.363831
v -48.920639 87.902550 431.385895
v -37.864017 86.745583 431.385895
v -38.235874 81.086716 436.554138
v -49.292496 82.243690 440.308167
v -48.920639 87.902550 440.308167
v -37.864017 86.745583 436.554138
v -75.302605 143.963150 426.217499
v -72.239365 81.086716 426.217499
v -38.235874 81.086716 426.217499
v -34.103806 143.963150 426.217499
v -33.459663 147.811249 417.331055
v -33.459660 147.811249 499.592773
v -34.508423 139.841736 499.592773
v -25.734756 147.361923 494.999939
v -25.734760 147.361923 421.913208
v -31.617655 147.704056 414.607910
v -26.783522 139.392410 494.999939
v -34.508427 139.841736 417.331055
v -26.783525 139.392410 421.913208
v -32.666164 139.734802 414.607910
v -91.912430 180.118515 413.013824
v -97.393242 188.582825 409.967346
v -103.158791 178.241211 411.418457
v -98.379272 182.925217 414.123047
v -103.422432 178.238419 503.710876
v -99.802177 172.022018 408.637665
v -92.866707 173.329865 409.623688
v -92.784409 172.968674 503.669464
v -91.564697 180.206406 503.672516
v -33.150806 313.228485 399.241669
v -36.984173 314.935364 404.648071
v -60.910721 284.104858 404.641205
v -57.696602 281.836639 399.250580
v -70.827637 267.884399 404.637665
v -67.416161 266.040375 399.254639
v -81.196426 247.611145 404.633606
v -77.620613 246.141251 399.259979
v -101.628944 187.499252 404.621155
v -98.133652 185.232559 399.275208
v -51.725063 278.730225 401.309509
v -26.946856 310.470062 401.306702
v -61.009781 264.112518 401.310760
v -71.025246 245.468658 401.312531
v -51.247032 279.078186 407.972687
v -26.946856 310.470062 407.989441
v -60.458851 264.762756 407.964539
v -70.519539 246.521240 407.954651
v -91.286827 186.987946 407.925171
v -91.749107 184.918610 401.317383
v -76.807304 247.845840 410.007202
v -66.528183 267.094482 410.020691
v -56.925461 282.400513 410.031616
v -33.150806 313.228485 410.054718
v -39.963837 86.475578 429.969574
v -38.564804 81.877930 429.951050
v -46.379623 81.877930 458.458984
v -39.963833 86.475578 486.948395
v -38.564800 81.877930 486.966919
v -39.621445 106.558342 486.943573
v -39.621445 106.558342 429.974396
v -42.389538 106.428040 429.980774
v -42.389538 106.427788 486.937225
v -40.556419 135.834137 486.901917
v -40.556423 135.834137 430.016052
v -31.617651 147.704056 502.315643
v -32.666161 139.734802 502.315643
v -71.588356 145.037064 494.450012
v 59.045113 29.996143 509.386475
v 59.045113 38.070297 509.386475
v -71.588356 145.037064 422.467957
v -104.141258 210.077820 420.218781
v -112.205757 170.091873 421.176880
v -75.320381 130.703583 423.200989
v -73.699356 112.027473 423.200745
v -98.166664 112.027466 423.200745
v -73.699356 142.490448 418.942444
v -102.415329 206.245468 415.790039
v -109.323112 169.749222 416.950317
v -95.593903 114.675926 418.942444
v -72.998314 114.423706 418.942444
v 3.595010 29.996141 498.799774
v 59.045113 29.996143 498.799774
v -22.808525 210.322937 501.473877
v -17.522203 206.500732 479.580017
v -17.522205 206.500732 437.337952
v -23.301670 206.500732 415.530701
v -100.535728 210.077820 425.028259
v -81.430107 210.074005 420.246704
v -81.430107 210.074005 425.028259
v -52.482483 145.033249 423.271362
v -71.588356 145.037064 427.672150
v -52.482483 145.033249 427.672150
v -23.174210 200.507614 490.264862
v -27.517328 142.490448 488.112213
v -32.489632 142.490448 496.322754
v -22.744698 206.245468 490.477966
v -22.744699 206.245468 426.440002
v -23.174213 200.507614 426.653107
v -25.909767 206.245468 417.574371
v -32.489635 142.490448 420.595215
v -27.517330 142.490448 428.805756
v -102.372910 206.184006 412.822571
v -104.107986 210.008484 412.633331
v -112.185188 170.101273 413.948792
v -109.302284 169.758621 413.980804
v -98.110786 112.103165 415.971130
v -95.556564 114.785912 415.970367
v -73.034637 114.615730 416.376282
v -73.004921 112.207054 415.969604
v -32.864792 144.875259 488.000458
v -27.445702 200.892426 490.076660
v -27.445705 200.892426 426.841309
v -34.860725 145.037064 423.973145
v -32.864796 144.875259 428.917511
v -102.415321 206.245468 501.127930
v -102.372902 206.184006 504.095428
v -23.301666 206.500732 501.387268
v -25.909763 206.245468 499.343597
v -109.302277 169.758621 502.937195
v -28.150557 210.077820 421.056458
v -22.808529 210.322937 415.444092
v -17.029064 210.322937 437.295410
v -24.272026 210.077820 440.056702
v -24.272024 210.077820 476.861267
v -17.029062 210.322937 479.622559
v -72.998314 114.423706 497.975555
v -73.034637 114.615730 500.541718
v -95.556564 114.785912 500.947601
v -95.593903 114.675926 497.975555
v -34.860722 145.037064 492.944824
v -28.150555 210.077820 495.861511
v -73.699356 112.027473 493.717224
v -50.862724 132.562103 405.097412
v -18.147348 125.403114 399.289948
v -19.031218 125.582436 402.599060
v -67.573639 135.875031 412.667358
v -69.784195 136.125214 409.179932
v -73.102463 136.755386 407.041779
v 72.774567 110.730042 412.357208
v 82.095612 110.848160 458.458984
v 78.326759 110.956352 409.849487
v 63.825130 110.604820 403.060577
v 66.417969 111.451401 397.564514
v 0.807019 110.481377 397.243713
v 0.777681 111.527344 391.151001
v -54.127895 121.614700 404.162415
v -52.112915 122.269264 400.168518
v -69.784195 136.125214 507.738037
v -73.102455 136.755386 508.769287
v 0.777687 111.527344 525.766968
v 66.417969 111.451401 519.353455
v 78.326759 110.956352 507.068481
v 72.774567 110.730042 504.560730
v 78.785988 110.730042 458.458984
v -73.004921 112.207054 500.948364
v -98.110786 112.103165 500.946838
v -112.185181 170.101273 502.969177
v 67.382149 35.985722 458.458984
v 3.478932 29.665434 520.132446
v 3.478927 29.665434 396.785492
v 55.178211 34.984200 403.041504
v 64.127396 35.985722 412.357208
v -69.427322 31.743404 506.640503
v -65.373230 31.626310 412.571594
v -68.666595 31.743404 407.707245
v -69.427330 31.743404 410.277466
v -78.293709 31.626310 428.197174
v -78.293701 31.626310 488.720795
v -22.523083 176.395142 421.913208
v -21.474468 188.380890 421.913208
v -28.405827 176.909744 414.607910
v -27.357313 188.895493 414.607910
v -29.199322 189.056778 417.331055
v -29.199318 189.056778 499.592773
v -30.248089 177.070770 417.331055
v -27.357309 188.895493 502.315643
v -21.474466 188.380890 494.999939
v -30.248083 177.071030 499.592773
v -22.523081 176.395142 494.999939
v -31.466778 167.631119 417.331055
v -31.466776 167.631119 499.592773
v -29.624769 167.470078 414.607910
v -30.673279 155.484329 502.315643
v -32.515545 155.645370 417.331055
v -30.673283 155.484329 414.607910
v -75.320381 130.703583 493.716980
v -104.141251 210.077820 496.699188
v -29.624765 167.470078 502.315643
v -32.515541 155.645370 499.592773
v -24.790541 154.969467 421.913208
v -24.790562 154.969467 494.999939
v -23.741922 166.955231 494.999939
v -23.741926 166.955231 421.913208
v 56.732193 0.387802 508.003448
v 62.111912 15.824470 508.003448
v 41.580330 14.888249 508.003448
v 56.732193 0.387802 499.701965
v 62.483261 6.942521 499.701965
v 62.111912 15.824470 499.701965
v -73.102455 136.755386 509.876221
v -67.573639 135.875031 504.250610
v -83.818970 137.123688 488.720795
v 53.488613 8.760449 508.948090
v 57.106079 13.018556 508.948090
v 54.749973 34.853390 508.948090
v 48.317169 10.558973 498.754547
v 34.913334 32.546303 498.754547
v -65.373222 31.626310 504.346375
v -85.790009 31.626310 458.458984
v -91.315269 137.123688 458.458984
v -83.818970 137.123688 428.197174
v 57.106075 13.018556 418.163422
v 53.488609 8.760449 418.163422
v 54.749969 34.853390 418.163422
v 34.913334 32.546303 418.163422
v 53.488609 8.760449 407.969879
v 57.106071 13.018556 407.969879
v 48.317165 10.558973 407.969879
v 54.749969 34.853390 407.969879
v 34.913330 32.546303 407.969879
v 62.483261 6.942521 508.003448
v 55.835827 21.830755 499.701965
v 55.835827 21.830755 508.003448
v 47.331394 21.442947 508.003448
v 47.331394 21.442947 499.701965
v 41.580330 14.888249 499.701965
v 41.951679 6.006276 508.003448
v 41.951679 6.006276 499.701965
v 48.227764 0.000005 508.003448
v 48.227764 0.000005 499.701965
v 48.317173 10.558973 508.948090
v 34.913338 32.546303 508.948090
v 48.317169 10.558973 418.163422
v -61.484486 8.760444 508.948090
v -65.101952 13.018551 508.948090
v -62.745853 34.853382 508.948090
v -42.909218 32.546303 508.948090
v -56.313046 10.558993 508.948090
v 57.106075 13.018556 498.754547
v 53.488613 8.760449 498.754547
v 54.749973 34.853390 498.754547
v -56.313046 10.558993 498.754547
v -65.101952 13.018551 498.754547
v -61.484486 8.760444 498.754547
v -62.745853 34.853382 498.754547
v -42.909218 32.546303 498.754547
v -61.484489 8.760444 418.163422
v -61.484489 8.760444 407.969879
v -56.313049 10.558993 407.969879
v -56.313049 10.558993 418.163422
v -42.909222 32.546303 407.969879
v -42.909222 32.546303 418.163422
v -65.101959 13.018551 418.163422
v -65.101959 13.018551 407.969879
v -62.745857 34.853382 407.969879
v -62.745857 34.853382 418.163422
v 3.595006 29.996141 407.531494
v 59.045109 29.996143 407.531464
v 59.045109 29.996143 418.118195
v 59.045109 38.070297 418.118195
v 59.045109 38.070297 407.531464
v -64.306931 58.374035 506.440338
v -86.612450 38.452053 501.169098
v -64.306931 58.374035 501.169098
v -63.087994 30.149048 501.169098
v -86.612450 30.149046 501.169098
v -86.612450 30.149046 506.440338
v -63.087994 30.149048 506.440338
v -86.612450 38.452053 506.440338
v 3.344588 122.106445 520.392578
v 2.626708 122.106445 523.747375
v 2.044547 129.062485 523.743835
v -0.879803 131.837952 523.238159
v -6.197811 131.837952 522.368164
v -5.495044 131.837952 519.015137
v -9.720766 122.106445 521.860718
v -89.376495 175.436035 437.526794
v -96.085396 180.950623 437.526794
v -104.728760 173.781219 420.821014
v -106.981232 173.781219 427.541870
v -107.597946 188.439819 434.900604
v -107.597946 194.549026 434.900604
v -107.597946 194.549026 432.766632
v -107.597946 188.439819 432.766632
v -91.366585 181.856644 434.900604
v -91.366585 181.856644 432.766632
v -99.147873 201.131943 432.766632
v -99.147873 201.131943 434.900604
v -101.756447 192.707275 485.627838
v -101.756447 192.707275 477.949005
v -104.129822 190.333893 485.627838
v -104.129822 190.333893 477.949005
v -101.756447 187.960510 477.949005
v -99.383072 190.333893 477.949005
v -99.383072 190.333893 485.627838
v -101.756447 187.960510 485.627838
v -99.120178 205.186798 492.520142
v -99.120186 205.186798 424.397858
v -87.145103 205.186798 424.397827
v -87.145096 205.186798 492.520142
v -60.947029 143.137146 490.711395
v -60.947033 143.137146 426.206573
v -8.684065 130.090179 521.867065
v -8.032733 130.027695 518.509399
v -9.002886 122.106445 518.663086
v 2.695846 129.000259 520.386230
v -0.177031 131.837952 519.885071
v -86.612457 30.149046 410.477631
v -63.087997 30.149048 410.477631
v -64.306938 58.374035 410.477631
v -86.612457 38.452053 410.477631
v -86.612457 30.149046 415.748901
v -86.612457 38.452053 415.748901
v -64.306938 58.374035 415.748901
v -63.087997 30.149048 415.748901
v -100.895905 167.142426 420.791565
v -102.022141 182.370743 427.541870
v -100.895905 180.420013 420.821014
v -92.103691 182.370743 427.541870
v -93.229927 180.420013 420.821014
v -89.397072 173.781219 420.821014
v -87.144341 173.781219 427.541870
v -93.229927 167.142426 420.791565
v -92.103683 165.191452 427.541870
v -98.166664 112.027466 493.717224
v -112.205750 170.091873 495.741119
v -104.107979 210.008484 504.284668
v 65.294777 38.117035 458.458984
v 71.575180 122.509796 503.466522
v 57.575722 122.505226 511.668182
v 56.439072 122.509796 514.733459
v 20.887609 38.117031 512.684448
v 3.478928 122.509796 520.132446
v -19.031212 125.582436 514.318909
v -59.269100 38.117027 502.411652
v -50.862720 132.562103 511.820587
v -54.127892 121.614700 512.755554
v -68.666588 31.743404 509.210724
v 0.807024 110.481377 519.674255
v 55.178219 34.984200 513.876465
v 63.825138 110.604820 513.857422
v 64.127403 35.985722 504.560730
v -101.756454 192.707275 431.290131
v -104.129829 190.333893 431.290131
v -99.383080 190.333893 431.290131
v -101.756454 192.707275 438.968994
v -104.129829 190.333893 438.968994
v -101.756454 187.960510 431.290131
v -99.383080 190.333893 438.968994
v -101.756454 187.960510 438.968994
v -101.743500 179.434494 434.753571
v -101.743500 179.434494 437.526794
v -104.796570 171.304214 437.526794
v -104.796577 171.304214 434.753571
v -98.248451 165.746445 437.526794
v -98.248451 165.746445 434.753571
v -92.268280 167.348923 437.526794
v -92.268288 167.348923 434.753571
v -89.376495 175.436035 434.753571
v -96.085396 180.950623 434.753571
v -105.046768 192.036957 434.753571
v -105.046768 192.036957 437.526794
v -100.479851 193.626755 437.526794
v -100.479851 193.626755 434.753571
v -100.895897 167.142426 496.126434
v -93.229919 167.142426 496.126434
v -92.103683 165.191452 489.376129
v -104.728752 173.781219 496.096954
v -102.022133 165.191452 489.376129
v -106.981224 173.781219 489.376129
v -93.229919 180.420013 496.096954
v -100.895897 180.420013 496.096954
v -102.022133 182.370743 489.376129
v -89.397064 173.781219 496.096954
v -92.103683 182.370743 489.376129
v -87.144333 173.781219 489.376129
v -107.597939 194.549026 484.151337
v -107.597939 194.549026 482.017395
v -107.597939 188.439819 482.017395
v -99.147865 201.131943 482.017395
v -107.597939 188.439819 484.151337
v -99.147865 201.131943 484.151337
v -91.366577 181.856644 482.017395
v -91.366577 181.856644 484.151337
v -30.018469 142.782043 445.044556
v -23.734104 201.536819 445.368652
v -23.734104 201.536819 435.615662
v -30.018469 142.782043 435.939789
v -33.076122 143.048233 445.044556
v -33.076122 143.048233 435.939789
v -26.791908 201.802750 435.615662
v -26.791908 201.802750 445.368652
v -23.734104 201.536819 463.469299
v -33.076118 143.048233 463.135834
v -30.018469 142.782043 463.135834
v -23.734104 201.536819 453.434448
v -30.018469 142.782043 453.767944
v -33.076118 143.048233 453.767944
v -26.791908 201.802750 453.434448
v -26.791908 201.802750 463.469299
v -35.036236 129.775970 485.532074
v -34.686733 135.094223 480.363831
v -45.743099 134.573532 483.776031
v -46.092602 130.932953 485.532074
v -48.920635 87.902550 485.532074
v -35.036240 129.775970 431.385895
v -46.092606 130.932953 431.385895
v -34.686733 135.094223 436.554138
v -45.743099 134.573532 433.141937
v -75.302605 143.963150 490.700470
v -34.103802 143.963150 490.700470
v -72.239365 81.086716 490.700470
v -38.235870 81.086716 490.700470
v -48.920635 87.902550 476.609802
v -49.292496 82.243690 476.609802
v -38.235870 81.086716 480.363831
v -55.379341 0.387797 499.701996
v -49.628529 6.942516 508.003448
v -56.275967 21.830751 499.701996
v -56.275963 21.830751 508.003448
v -64.780388 21.442944 508.003448
v -70.531204 14.888245 508.003448
v -70.159859 6.006271 499.701996
v -92.268280 167.348923 479.391174
v -98.248451 165.746445 482.164398
v -104.796570 171.304214 482.164398
v -92.268280 167.348923 482.164398
v -89.376488 175.436035 482.164398
v -96.085388 180.950623 482.164398
v -101.743492 179.434494 482.164398
v -100.479843 193.626755 482.164398
v -105.046761 192.036957 482.164398
v -1.930886 127.839233 396.376801
v -1.925207 127.838974 392.238373
v -0.509459 127.781311 391.082703
v 21.999104 126.863869 392.285645
v 43.097713 126.004074 398.599304
v 70.112144 124.902985 436.685150
v -4.276307 126.609612 396.373749
v -4.269144 126.609360 391.148468
v -1.325538 126.489471 388.745148
v 22.340023 125.524780 390.010040
v 44.455597 124.623589 396.628265
v 71.477646 123.522240 434.724609
v -2.038727 125.193306 396.376801
v -2.033047 125.193054 392.238373
v -0.617300 125.135399 391.082703
v 21.891254 124.217949 392.285645
v 42.989765 123.358162 398.599304
v 70.004189 122.257072 436.685150
v 84.191109 123.004089 438.670990
v 82.972420 124.378983 440.677124
v 86.432655 124.237511 444.468872
v 88.580231 122.825783 443.479980
v 82.864723 121.732819 440.677124
v 86.330040 121.591331 444.473389
v 90.159851 122.828819 458.458984
v 87.821274 121.602516 458.458984
v 62.483257 6.942521 417.215973
v 56.732189 0.387802 417.215973
v 48.227760 0.000005 417.215973
v 41.951675 6.006276 417.215973
v 62.111904 15.824470 417.215973
v 41.580326 14.888249 417.215973
v 55.835819 21.830755 417.215973
v 47.331390 21.442947 417.215973
v 48.227760 0.000005 408.914520
v 56.732189 0.387802 408.914520
v 62.483257 6.942521 408.914520
v 41.951675 6.006276 408.914520
v 62.111904 15.824470 408.914520
v 41.580322 14.888249 408.914520
v 55.835819 21.830755 408.914520
v 47.331390 21.442947 408.914520
v -71.588356 145.037064 489.245819
v -81.430099 210.074005 491.889709
v -100.535721 210.077820 491.889709
v -52.482479 145.033249 489.245819
v -52.482479 145.033249 493.646637
v -81.430099 210.074005 496.671265
v -30.018467 142.782043 480.986023
v -23.734102 201.536819 481.311127
v -23.734104 201.536819 471.527832
v -30.018469 142.782043 471.852905
v -26.791908 201.802750 471.527832
v -26.791906 201.802750 481.311127
v -33.076118 143.048233 480.986023
v -33.076118 143.048233 471.852905
v -73.699356 142.490448 497.975555
v -109.323105 169.749222 499.967682
v -63.883770 -0.000003 499.701996
v -49.628529 6.942516 499.701996
v -49.999882 15.824465 499.701996
v -70.531204 14.888245 499.701996
v -64.780388 21.442944 499.701996
v -16.533756 38.539177 405.335388
v -59.269104 38.117027 414.506317
v 20.887604 38.117031 404.233551
v 59.193951 38.117035 412.583801
v 57.575714 122.505226 405.249786
v 63.897522 122.509796 405.478149
v -55.379341 0.387797 508.003448
v -63.883770 -0.000003 508.003448
v -70.159859 6.006271 508.003448
v -49.999878 15.824465 508.003448
v -56.275967 21.830751 417.216003
v -70.159866 6.006271 417.216003
v -55.379345 0.387797 417.216003
v -49.999882 15.824465 417.216003
v -56.275970 21.830751 408.914520
v -49.628532 6.942516 417.216003
v -63.883774 -0.000003 417.216003
v -70.531212 14.888245 417.216003
v -64.780396 21.442944 417.216003
v -63.883774 -0.000003 408.914520
v -55.379345 0.387797 408.914520
v -49.628532 6.942516 408.914520
v -70.159866 6.006271 408.914520
v -49.999886 15.824465 408.914520
v -70.531212 14.888245 408.914520
v -64.780396 21.442944 408.914520
v -28.405823 176.909744 502.315643
v -102.022141 165.191452 427.541870
v -96.085388 180.950623 479.391174
v -89.376488 175.436035 479.391174
v 2.044541 129.062485 393.174133
v 2.626702 122.106445 393.170563
v 3.344582 122.106445 396.525391
v 2.695841 129.000259 396.531738
v -0.879809 131.837952 393.679840
v -0.177037 131.837952 397.032898
v -6.197817 131.837952 394.549805
v -5.495050 131.837952 397.902832
v -8.684070 130.090179 395.050934
v -8.032738 130.027695 398.408569
v -9.720771 122.106445 395.057281
v -9.002891 122.106445 398.218811
vt 0.772461 0.261231
vt 0.772461 0.403320
vt 0.793457 0.403320
vt 0.016586 0.731934
vt 0.016129 0.999063
vt 0.011269 0.999063
vt 0.011734 0.732178
vt 0.001434 0.734619
vt 0.000970 0.999063
vt 0.825195 0.001465
vt 0.825195 0.254395
vt 0.999023 0.254395
vt 0.999023 0.001465
vt 0.796875 0.001465
vt 0.796875 0.249512
vt 0.835449 0.517334
vt 0.835449 0.539551
vt 0.881836 0.539551
vt 0.881836 0.517334
vt 0.164185 0.591553
vt 0.202637 0.591797
vt 0.214355 0.628662
vt 0.183105 0.650879
vt 0.152100 0.628174
vt 0.120666 0.620850
vt 0.133179 0.620850
vt 0.133179 0.610352
vt 0.120666 0.610352
vt 0.133179 0.499023
vt 0.120666 0.499023
vt 0.133179 0.390137
vt 0.120666 0.390137
vt 0.133179 0.162598
vt 0.120666 0.162598
vt 0.133179 0.097168
vt 0.120666 0.097168
vt 0.133179 0.070801
vt 0.120666 0.070801
vt 0.145874 0.070801
vt 0.145874 0.097168
vt 0.107666 0.390137
vt 0.107666 0.162598
vt 0.107666 0.097168
vt 0.107666 0.070801
vt 0.107666 0.000977
vt 0.120666 0.000977
vt 0.133179 0.000977
vt 0.145874 0.000977
vt 0.145874 0.162598
vt 0.145874 0.390137
vt 0.145874 0.499023
vt 0.145874 0.610352
vt 0.145874 0.620850
vt 0.133179 0.641846
vt 0.145874 0.641846
vt 0.120666 0.641846
vt 0.107666 0.620850
vt 0.107666 0.610352
vt 0.107666 0.499023
vt 0.107666 0.641846
vt 0.294190 0.527588
vt 0.283203 0.578857
vt 0.270020 0.589356
vt 0.285400 0.436523
vt 0.295410 0.482422
vt 0.230102 0.429199
vt 0.190552 0.589600
vt 0.177368 0.579102
vt 0.166260 0.527588
vt 0.164917 0.482910
vt 0.174805 0.436523
vt 0.395996 0.736328
vt 0.402100 0.728516
vt 0.420654 0.732666
vt 0.201050 0.731201
vt 0.257324 0.735596
vt 0.256836 0.748291
vt 0.419678 0.750610
vt 0.454346 0.732178
vt 0.456055 0.750366
vt 0.577637 0.740234
vt 0.580078 0.748535
vt 0.457031 0.776123
vt 0.580078 0.776367
vt 0.117676 0.731445
vt 0.113892 0.720459
vt 0.417725 0.776611
vt 0.251221 0.775635
vt 0.113220 0.757202
vt 0.106323 0.728516
vt 0.101563 0.757568
vt 0.120850 0.696045
vt 0.120850 0.719482
vt 0.182739 0.719482
vt 0.182739 0.696045
vt 0.213867 0.719482
vt 0.213867 0.696045
vt 0.933594 0.272461
vt 0.933594 0.402832
vt 0.964356 0.398438
vt 0.975098 0.337402
vt 0.964356 0.276367
vt 0.420654 0.732666
vt 0.402100 0.728516
vt 0.395996 0.736328
vt 0.256836 0.748291
vt 0.257324 0.735352
vt 0.201050 0.731201
vt 0.419678 0.750610
vt 0.454346 0.732178
vt 0.456055 0.750366
vt 0.457031 0.776123
vt 0.117676 0.731445
vt 0.113892 0.720459
vt 0.417725 0.776611
vt 0.251221 0.775635
vt 0.113220 0.757202
vt 0.106323 0.728516
vt 0.101563 0.757568
vt 0.182739 0.719482
vt 0.182739 0.696045
vt 0.933594 0.402832
vt 0.933594 0.272461
vt 0.964356 0.276367
vt 0.975098 0.337402
vt 0.964356 0.398438
vt 0.213867 0.719482
vt 0.213867 0.696045
vt 0.843262 0.855957
vt 0.839844 0.884277
vt 0.834473 0.884277
vt 0.831055 0.855957
vt 0.893066 0.884277
vt 0.872559 0.855957
vt 0.843262 0.855957
vt 0.839844 0.884277
vt 0.870117 0.911621
vt 0.844727 0.911621
vt 0.861816 0.964264
vt 0.842285 0.964264
vt 0.772461 0.403320
vt 0.772461 0.261231
vt 0.745117 0.261231
vt 0.745117 0.403320
vt 0.793457 0.403320
vt 0.772461 0.430664
vt 0.793457 0.430664
vt 0.746094 0.495117
vt 0.746094 0.470215
vt 0.730469 0.470215
vt 0.730469 0.495117
vt 0.730469 0.495117
vt 0.730469 0.470215
vt 0.746094 0.470215
vt 0.746094 0.495117
vt 0.757813 0.470215
vt 0.757813 0.495117
vt 0.999023 0.421875
vt 0.837891 0.421875
vt 0.837891 0.509033
vt 0.999023 0.527344
vt 0.695801 0.289551
vt 0.676269 0.289551
vt 0.676269 0.274902
vt 0.695801 0.274902
vt 0.676269 0.269531
vt 0.695801 0.269531
vt 0.665527 0.242676
vt 0.665527 0.442871
vt 0.658691 0.442383
vt 0.658691 0.242676
vt 0.652832 0.449219
vt 0.639648 0.430664
vt 0.639648 0.254883
vt 0.652832 0.236328
vt 0.613281 0.242676
vt 0.633789 0.432617
vt 0.618164 0.450195
vt 0.613281 0.443359
vt 0.618164 0.235840
vt 0.633789 0.253418
vt 0.351563 0.560059
vt 0.323242 0.580566
vt 0.305908 0.526856
vt 0.340820 0.526856
vt 0.294922 0.560059
vt 0.104370 0.420410
vt 0.104370 0.452148
vt 0.083069 0.452148
vt 0.022766 0.729981
vt 0.001637 0.729981
vt 0.001637 0.452148
vt 0.022766 0.452148
vt 0.042755 0.452148
vt 0.042755 0.729981
vt 0.062561 0.452148
vt 0.062561 0.729981
vt 0.083069 0.729981
vt 0.104370 0.729981
vt 0.022766 0.111328
vt 0.022766 0.000977
vt 0.042755 0.000977
vt 0.042755 0.111328
vt 0.022766 0.163574
vt 0.042755 0.163574
vt 0.022766 0.228027
vt 0.042755 0.228027
vt 0.022766 0.420410
vt 0.042755 0.420410
vt 0.062561 0.000977
vt 0.062561 0.111328
vt 0.062561 0.163574
vt 0.062561 0.228027
vt 0.083069 0.000977
vt 0.083069 0.111328
vt 0.083069 0.163574
vt 0.083069 0.228027
vt 0.083069 0.420410
vt 0.062561 0.420410
vt 0.104370 0.228027
vt 0.104370 0.163574
vt 0.104370 0.111328
vt 0.104370 0.000977
vt 0.731934 0.725586
vt 0.784180 0.731201
vt 0.782715 0.739746
vt 0.679688 0.731201
vt 0.681152 0.739746
vt 0.782715 0.775391
vt 0.681152 0.775391
vt 0.681152 0.780396
vt 0.782715 0.780396
vt 0.782715 0.832886
vt 0.681152 0.832886
vt 0.676269 0.415039
vt 0.676269 0.399902
vt 0.695801 0.399902
vt 0.695801 0.415039
vt 0.676269 0.419922
vt 0.695801 0.419922
vt 0.798828 0.828247
vt 0.903809 0.828247
vt 0.903809 0.791016
vt 0.798828 0.791016
vt 0.961426 0.835571
vt 0.975098 0.835571
vt 0.975098 0.983872
vt 0.961426 0.983872
vt 0.890137 0.722168
vt 0.812012 0.722168
vt 0.812012 0.729981
vt 0.890625 0.729736
vt 0.896973 0.719482
vt 0.898926 0.670654
vt 0.803223 0.670898
vt 0.805664 0.719482
vt 0.800781 0.736572
vt 0.901367 0.736328
vt 0.674805 0.443848
vt 0.667969 0.437500
vt 0.667969 0.241211
vt 0.674805 0.240723
vt 0.966797 0.823486
vt 0.974121 0.823608
vt 0.998535 0.736816
vt 0.991211 0.736816
vt 0.986816 0.592773
vt 0.979492 0.592041
vt 0.999023 0.537354
vt 0.993164 0.535645
vt 0.684570 0.236328
vt 0.684570 0.444824
vt 0.155762 0.200195
vt 0.333984 0.200195
vt 0.333984 0.408203
vt 0.155762 0.301270
vt 0.701660 0.431152
vt 0.701660 0.236328
vt 0.953613 0.589600
vt 0.890625 0.627930
vt 0.938965 0.830322
vt 0.968262 0.736816
vt 0.893066 0.581299
vt 0.971191 0.591553
vt 0.986816 0.533203
vt 0.968750 0.530518
vt 0.958008 0.830322
vt 0.984863 0.736816
vt 0.790527 0.998440
vt 0.790527 0.835571
vt 0.677246 0.835571
vt 0.602051 0.998440
vt 0.584961 0.904663
vt 0.620117 0.763306
vt 0.677246 0.763306
vt 0.772461 0.403320
vt 0.772461 0.261231
vt 0.793457 0.403320
vt 0.827637 0.835571
vt 0.827637 0.983872
vt 0.814453 0.983872
vt 0.814453 0.835571
vt 0.713379 0.244629
vt 0.723633 0.242676
vt 0.723633 0.300781
vt 0.713379 0.301270
vt 0.713379 0.408203
vt 0.723633 0.409180
vt 0.713379 0.464844
vt 0.723633 0.466797
vt 0.772461 0.261231
vt 0.793457 0.403320
vt 0.772461 0.403320
vt 0.704102 0.461426
vt 0.704102 0.437012
vt 0.704102 0.272461
vt 0.704102 0.248535
vt 0.161987 0.374512
vt 0.150146 0.374512
vt 0.150146 0.315918
vt 0.161987 0.325684
vt 0.161987 0.557129
vt 0.150146 0.557129
vt 0.326660 0.454590
vt 0.326660 0.405762
vt 0.790527 0.835571
vt 0.790527 0.998440
vt 0.814453 0.998440
vt 0.975098 0.998440
vt 0.998535 0.998440
vt 0.998535 0.835571
vt 0.309082 0.017578
vt 0.155762 0.017578
vt 0.155762 0.001465
vt 0.333984 0.001465
vt 0.333984 0.049805
vt 0.333984 0.151367
vt 0.309570 0.184082
vt 0.155762 0.184082
vt 0.674805 0.443848
vt 0.674805 0.240723
vt 0.667969 0.241211
vt 0.667969 0.437500
vt 0.991211 0.736816
vt 0.979492 0.592041
vt 0.986816 0.592773
vt 0.998535 0.736816
vt 0.966797 0.823486
vt 0.974121 0.823608
vt 0.742188 0.253418
vt 0.742188 0.305664
vt 0.742188 0.403809
vt 0.742188 0.456543
vt 0.993164 0.535645
vt 0.999023 0.537354
vt 0.684570 0.444824
vt 0.684570 0.236328
vt 0.155762 0.200195
vt 0.155762 0.301270
vt 0.333984 0.408203
vt 0.333984 0.200195
vt 0.701660 0.431152
vt 0.701660 0.236328
vt 0.953613 0.589600
vt 0.968750 0.530518
vt 0.986816 0.533203
vt 0.971191 0.591553
vt 0.683594 0.219727
vt 0.679199 0.221680
vt 0.751465 0.247070
vt 0.799316 0.259766
vt 0.803711 0.268066
vt 0.804688 0.265137
vt 0.578125 0.785034
vt 0.457764 0.790527
vt 0.418457 0.791504
vt 0.250488 0.791260
vt 0.105652 0.766357
vt 0.016586 0.731934
vt 0.011734 0.732178
vt 0.011269 0.999063
vt 0.016129 0.999063
vt 0.001434 0.734619
vt 0.000970 0.999063
vt 0.796875 0.001465
vt 0.825195 0.001465
vt 0.825195 0.254395
vt 0.796875 0.249512
vt 0.105652 0.766357
vt 0.250488 0.791260
vt 0.418457 0.791504
vt 0.457764 0.790527
vt 0.984863 0.736816
vt 0.958008 0.830322
vt 0.394775 0.658935
vt 0.391357 0.714600
vt 0.380615 0.725830
vt 0.318115 0.734131
vt 0.316650 0.585449
vt 0.379395 0.592529
vt 0.390381 0.603516
vt 0.231201 0.721924
vt 0.230225 0.718750
vt 0.235107 0.716065
vt 0.234009 0.605469
vt 0.229980 0.599609
vt 0.229004 0.602783
vt 0.219360 0.697266
vt 0.209961 0.660889
vt 0.218628 0.624512
vt 0.695801 0.289551
vt 0.676269 0.289551
vt 0.676269 0.274902
vt 0.695801 0.274902
vt 0.676269 0.269531
vt 0.695801 0.269531
vt 0.665527 0.242676
vt 0.665527 0.442871
vt 0.658691 0.442383
vt 0.658691 0.242676
vt 0.652832 0.449219
vt 0.639648 0.430664
vt 0.639648 0.254883
vt 0.652832 0.236328
vt 0.676269 0.415039
vt 0.676269 0.399902
vt 0.695801 0.399902
vt 0.695801 0.415039
vt 0.676269 0.419922
vt 0.695801 0.419922
vt 0.695801 0.289551
vt 0.676269 0.289551
vt 0.676269 0.274902
vt 0.695801 0.274902
vt 0.676269 0.269531
vt 0.695801 0.269531
vt 0.665527 0.242676
vt 0.665527 0.442871
vt 0.658691 0.442383
vt 0.658691 0.242676
vt 0.652832 0.449219
vt 0.639648 0.430664
vt 0.639648 0.254883
vt 0.652832 0.236328
vt 0.613281 0.242676
vt 0.633789 0.432617
vt 0.618164 0.450195
vt 0.613281 0.443359
vt 0.618164 0.235840
vt 0.633789 0.253418
vt 0.890625 0.627930
vt 0.893066 0.581299
vt 0.938965 0.830322
vt 0.968262 0.736816
vt 0.676269 0.415039
vt 0.676269 0.399902
vt 0.695801 0.399902
vt 0.695801 0.415039
vt 0.676269 0.419922
vt 0.695801 0.419922
vt 0.840332 0.320313
vt 0.866211 0.293945
vt 0.901856 0.293945
vt 0.927734 0.320313
vt 0.840332 0.357910
vt 0.927734 0.357910
vt 0.866211 0.384766
vt 0.901856 0.384766
vt 0.840332 0.357910
vt 0.927734 0.357910
vt 0.901856 0.384766
vt 0.866211 0.384766
vt 0.840332 0.320313
vt 0.927734 0.320313
vt 0.866211 0.293945
vt 0.901856 0.293945
vt 0.799316 0.259766
vt 0.804688 0.265137
vt 0.803711 0.268066
vt 0.751465 0.247070
vt 0.683594 0.219727
vt 0.679199 0.221680
vt 0.553223 0.495606
vt 0.600098 0.531494
vt 0.591309 0.537354
vt 0.562500 0.521240
vt 0.474121 0.491211
vt 0.385010 0.521240
vt 0.394531 0.495117
vt 0.356201 0.536621
vt 0.347168 0.531006
vt 0.835449 0.517334
vt 0.835449 0.539551
vt 0.881836 0.539551
vt 0.881836 0.517334
vt 0.835449 0.666504
vt 0.881836 0.666504
vt 0.881836 0.601563
vt 0.835449 0.601563
vt 0.835449 0.601563
vt 0.881836 0.601563
vt 0.881836 0.539551
vt 0.881836 0.517334
vt 0.835449 0.517334
vt 0.835449 0.539551
vt 0.553223 0.223633
vt 0.610352 0.223633
vt 0.610352 0.491211
vt 0.474121 0.223633
vt 0.394531 0.223633
vt 0.337891 0.490723
vt 0.337891 0.223633
vt 0.835449 0.517334
vt 0.881836 0.517334
vt 0.881836 0.539551
vt 0.835449 0.539551
vt 0.835449 0.666504
vt 0.835449 0.601563
vt 0.881836 0.601563
vt 0.881836 0.666504
vt 0.881836 0.601563
vt 0.835449 0.601563
vt 0.881836 0.539551
vt 0.835449 0.539551
vt 0.835449 0.517334
vt 0.881836 0.517334
vt 0.951172 0.560791
vt 0.883789 0.523193
vt 0.945801 0.523193
vt 0.960449 0.541504
vt 0.885742 0.581787
vt 0.001637 0.111328
vt 0.001637 0.000977
vt 0.001637 0.163574
vt 0.001637 0.228027
vt 0.001637 0.420410
vt 0.833496 0.490723
vt 0.798340 0.490723
vt 0.798340 0.453613
vt 0.833496 0.453613
vt 0.833496 0.528076
vt 0.798340 0.528076
vt 0.833496 0.564941
vt 0.798340 0.564941
vt 0.833984 0.306152
vt 0.798828 0.306152
vt 0.798828 0.270020
vt 0.833984 0.270020
vt 0.833984 0.343262
vt 0.798340 0.343262
vt 0.833496 0.380859
vt 0.798340 0.380859
vt 0.833496 0.417481
vt 0.798340 0.417481
vt 0.945801 0.523193
vt 0.883789 0.523193
vt 0.951172 0.560791
vt 0.960449 0.541260
vt 0.885742 0.581787
vt 0.883789 0.523193
vt 0.951172 0.560791
vt 0.960449 0.541260
vt 0.945801 0.523193
vt 0.885742 0.581787
vt 0.881836 0.539551
vt 0.835449 0.539551
vt 0.835449 0.517334
vt 0.881836 0.517334
vt 0.881836 0.539551
vt 0.881836 0.601563
vt 0.835449 0.601563
vt 0.835449 0.539551
vt 0.881836 0.666504
vt 0.835449 0.666504
vt 0.835449 0.601563
vt 0.881836 0.601563
vt 0.835449 0.517334
vt 0.881836 0.517334
vt 0.945801 0.523193
vt 0.951172 0.560791
vt 0.885742 0.581787
vt 0.883789 0.523193
vt 0.960449 0.541504
vt 0.951172 0.560791
vt 0.883789 0.523193
vt 0.945801 0.523193
vt 0.960449 0.541260
vt 0.885742 0.581787
vt 0.960449 0.541504
vt 0.951172 0.560791
vt 0.883789 0.523193
vt 0.945801 0.523193
vt 0.885742 0.581787
vt 0.960449 0.541260
vt 0.945801 0.523193
vt 0.883789 0.523193
vt 0.951172 0.560791
vt 0.885742 0.581787
vt 0.883789 0.523193
vt 0.951172 0.560791
vt 0.960449 0.541504
vt 0.945801 0.523193
vt 0.885742 0.581787
vt 0.881836 0.539551
vt 0.881836 0.517334
vt 0.835449 0.517334
vt 0.835449 0.539551
vt 0.835449 0.601563
vt 0.881836 0.601563
vt 0.835449 0.666504
vt 0.881836 0.666504
vt 0.835449 0.601563
vt 0.881836 0.601563
vt 0.843262 0.855957
vt 0.831055 0.855957
vt 0.834473 0.884277
vt 0.839844 0.884277
vt 0.745117 0.403320
vt 0.745117 0.261231
vt 0.793457 0.430664
vt 0.772461 0.430664
vt 0.568848 0.977539
vt 0.582519 0.977539
vt 0.582519 0.900818
vt 0.568848 0.900818
vt 0.582519 0.977539
vt 0.568848 0.977539
vt 0.568848 0.998835
vt 0.582519 0.998835
vt 0.582519 0.900818
vt 0.568848 0.900818
vt 0.582519 0.900818
vt 0.568848 0.900818
vt 0.568848 0.977539
vt 0.582519 0.977539
vt 0.568848 0.977539
vt 0.568848 0.998835
vt 0.510254 0.998835
vt 0.510254 0.926453
vt 0.510254 0.998835
vt 0.510254 0.926453
vt 0.439453 0.529297
vt 0.403565 0.529297
vt 0.403076 0.547119
vt 0.439453 0.547119
vt 0.460693 0.529297
vt 0.460693 0.547119
vt 0.488770 0.547119
vt 0.488770 0.529297
vt 0.504883 0.529297
vt 0.504883 0.547119
vt 0.546387 0.529297
vt 0.546387 0.547119
vt 0.844727 0.911621
vt 0.830078 0.911621
vt 0.831543 0.964264
vt 0.842285 0.964264
vt 0.839844 0.884277
vt 0.834473 0.884277
vt 0.558594 0.838135
vt 0.539551 0.845947
vt 0.544922 0.867676
vt 0.565430 0.866089
vt 0.543457 0.813599
vt 0.528320 0.827026
vt 0.269775 0.156250
vt 0.269775 0.142090
vt 0.307617 0.126953
vt 0.289307 0.171387
vt 0.264893 0.142090
vt 0.264893 0.156250
vt 0.245117 0.171387
vt 0.227051 0.126953
vt 0.264893 0.101074
vt 0.269775 0.101074
vt 0.269775 0.181152
vt 0.264893 0.181152
vt 0.166748 0.075684
vt 0.166748 0.036133
vt 0.149414 0.036133
vt 0.149414 0.075684
vt 0.183960 0.075684
vt 0.183960 0.036133
vt 0.201172 0.075684
vt 0.201172 0.036133
vt 0.218506 0.075684
vt 0.218506 0.036133
vt 0.183960 0.093262
vt 0.201172 0.093262
vt 0.201172 0.019043
vt 0.183960 0.019043
vt 0.571289 0.729981
vt 0.571289 0.555176
vt 0.602051 0.555176
vt 0.602051 0.729981
vt 0.398682 0.559815
vt 0.398926 0.725342
vt 0.111023 0.684815
vt 0.105835 0.643555
vt 0.170776 0.643555
vt 0.167602 0.679443
vt 0.152344 0.694092
vt 0.124329 0.694092
vt 0.170776 0.643555
vt 0.105835 0.643555
vt 0.111023 0.684815
vt 0.167602 0.679443
vt 0.124329 0.694092
vt 0.152344 0.694092
vt 0.582519 0.977539
vt 0.582519 0.900818
vt 0.568848 0.900818
vt 0.568848 0.977539
vt 0.568848 0.977539
vt 0.568848 0.998835
vt 0.582519 0.998835
vt 0.582519 0.977539
vt 0.568848 0.900818
vt 0.582519 0.900818
vt 0.568848 0.900818
vt 0.568848 0.977539
vt 0.582519 0.977539
vt 0.582519 0.900818
vt 0.510254 0.926453
vt 0.510254 0.998835
vt 0.510254 0.998835
vt 0.510254 0.926453
vt 0.568848 0.977539
vt 0.568848 0.998835
vt 0.542969 0.889771
vt 0.562988 0.894775
vt 0.521973 0.795044
vt 0.511231 0.812622
vt 0.551269 0.921204
vt 0.534180 0.910217
vt 0.519531 0.926941
vt 0.532227 0.942780
vt 0.442627 0.221680
vt 0.342041 0.221680
vt 0.342041 0.001465
vt 0.456055 0.001465
vt 0.470947 0.221680
vt 0.487060 0.221680
vt 0.495605 0.221680
vt 0.567871 0.001465
vt 0.621094 0.221680
vt 0.675293 0.001465
vt 0.057922 0.769531
vt 0.065247 0.740967
vt 0.208740 0.999063
vt 0.206665 0.793213
vt 0.340576 0.999063
vt 0.361084 0.793213
vt 0.387207 0.999063
vt 0.387451 0.793213
vt 0.505371 0.999063
vt 0.505859 0.793213
vt 0.201172 0.075684
vt 0.183960 0.075684
vt 0.183960 0.092773
vt 0.201172 0.092773
vt 0.166748 0.036133
vt 0.149414 0.036133
vt 0.149414 0.075684
vt 0.166748 0.075684
vt 0.183960 0.036133
vt 0.201172 0.036133
vt 0.218506 0.036133
vt 0.218506 0.075684
vt 0.201294 0.019043
vt 0.183960 0.019043
vt 0.585938 0.787598
vt 0.601074 0.812134
vt 0.587402 0.837402
vt 0.558594 0.838135
vt 0.543457 0.813599
vt 0.557617 0.788330
vt 0.839844 0.884277
vt 0.834473 0.884277
vt 0.830078 0.911621
vt 0.844727 0.911621
vt 0.843262 0.855957
vt 0.831055 0.855957
vt 0.831055 0.830078
vt 0.843262 0.830078
vt 0.893066 0.884277
vt 0.872559 0.855957
vt 0.870117 0.911621
vt 0.842285 0.964264
vt 0.861816 0.964264
vt 0.831543 0.964264
vt 0.842285 0.982163
vt 0.831543 0.982163
vt 0.565430 0.866089
vt 0.562988 0.894775
vt 0.542969 0.889771
vt 0.544922 0.867676
vt 0.539551 0.845947
vt 0.528320 0.827026
vt 0.521973 0.795044
vt 0.511231 0.812622
vt 0.551269 0.921204
vt 0.532227 0.942780
vt 0.519531 0.926941
vt 0.534180 0.910278
vt 0.264893 0.181152
vt 0.264893 0.156250
vt 0.269775 0.156250
vt 0.269775 0.181152
vt 0.245239 0.171387
vt 0.227051 0.126953
vt 0.264893 0.142090
vt 0.269775 0.142090
vt 0.289307 0.171387
vt 0.307617 0.126953
vt 0.269775 0.101074
vt 0.264893 0.101074
vt 0.935547 0.982468
vt 0.927734 0.982468
vt 0.927734 0.833862
vt 0.935547 0.833862
vt 0.895996 0.833862
vt 0.903809 0.833862
vt 0.903809 0.982468
vt 0.895996 0.982468
vt 0.959473 0.833862
vt 0.959473 0.982468
vt 0.935547 0.982468
vt 0.927734 0.982468
vt 0.927734 0.833862
vt 0.935547 0.833862
vt 0.895996 0.833862
vt 0.903809 0.833862
vt 0.903809 0.982468
vt 0.895996 0.982468
vt 0.959473 0.833862
vt 0.959473 0.982468
vt 0.622070 0.470215
vt 0.622070 0.495117
vt 0.634766 0.495117
vt 0.634766 0.470215
vt 0.634766 0.470215
vt 0.634766 0.495117
vt 0.622070 0.495117
vt 0.622070 0.470215
vt 0.837891 0.509033
vt 0.837891 0.421875
vt 0.999023 0.421875
vt 0.999023 0.527344
vt 0.837891 0.395508
vt 0.852051 0.395508
vt 0.852051 0.408691
vt 0.962891 0.408691
vt 0.976563 0.395508
vt 0.976563 0.283203
vt 0.999023 0.255859
vt 0.962891 0.269043
vt 0.837891 0.255859
vt 0.852051 0.269043
vt 0.837891 0.281738
vt 0.852051 0.281738
vt 0.757813 0.495117
vt 0.757813 0.470215
vt 0.800781 0.714356
vt 0.792969 0.497559
vt 0.611816 0.497559
vt 0.604492 0.714356
vt 0.800781 0.714356
vt 0.788086 0.723633
vt 0.616699 0.723633
vt 0.604492 0.714356
vt 0.611816 0.497559
vt 0.792969 0.497559
vt 0.833496 0.490723
vt 0.798340 0.490723
vt 0.798340 0.453613
vt 0.833984 0.453613
vt 0.833496 0.528076
vt 0.798340 0.528076
vt 0.833496 0.564941
vt 0.798340 0.564941
vt 0.833984 0.306152
vt 0.798828 0.306152
vt 0.798828 0.270020
vt 0.833984 0.270020
vt 0.833984 0.343262
vt 0.798828 0.343262
vt 0.833984 0.380859
vt 0.798340 0.380859
vt 0.833984 0.417481
vt 0.798340 0.417481
vt 0.843262 0.855957
vt 0.831055 0.855957
vt 0.831055 0.830078
vt 0.843262 0.830078
vt 0.834473 0.884277
vt 0.839844 0.884277
vt 0.893066 0.884277
vt 0.872559 0.855957
vt 0.844727 0.911621
vt 0.870117 0.911621
vt 0.842285 0.964264
vt 0.861816 0.964264
vt 0.831543 0.964264
vt 0.830078 0.911621
vt 0.842285 0.982163
vt 0.831543 0.982163
vt 0.120666 0.620850
vt 0.120666 0.641846
vt 0.107666 0.641846
vt 0.107666 0.620850
vt 0.120666 0.610352
vt 0.107666 0.610352
vt 0.120666 0.499023
vt 0.107666 0.499023
vt 0.120666 0.390137
vt 0.107666 0.390137
vt 0.120666 0.162598
vt 0.107666 0.162598
vt 0.133179 0.620850
vt 0.133179 0.641846
vt 0.133179 0.610352
vt 0.133179 0.499023
vt 0.133179 0.390137
vt 0.133179 0.162598
vt 0.145874 0.620850
vt 0.145874 0.641846
vt 0.145874 0.610352
vt 0.145874 0.499023
vt 0.145874 0.390137
vt 0.145874 0.162598
vt 0.145874 0.097168
vt 0.133179 0.097168
vt 0.120666 0.097168
vt 0.133179 0.070801
vt 0.120666 0.070801
vt 0.145874 0.070801
vt 0.107666 0.097168
vt 0.107666 0.070801
vt 0.833496 0.306152
vt 0.833496 0.270020
vt 0.798340 0.270020
vt 0.798340 0.306152
vt 0.833496 0.343262
vt 0.798340 0.343262
vt 0.833496 0.380859
vt 0.798340 0.380859
vt 0.833496 0.417481
vt 0.798340 0.417481
vt 0.833496 0.453613
vt 0.798340 0.453613
vt 0.833496 0.490723
vt 0.798340 0.490723
vt 0.833496 0.528076
vt 0.798340 0.528076
vt 0.833496 0.564941
vt 0.798340 0.564941
vt 0.840332 0.357910
vt 0.866211 0.384766
vt 0.901856 0.384766
vt 0.927734 0.357910
vt 0.840332 0.320313
vt 0.927734 0.320313
vt 0.866211 0.293945
vt 0.901856 0.293945
vt 0.840332 0.320313
vt 0.927734 0.320313
vt 0.901856 0.293945
vt 0.866211 0.293945
vt 0.840332 0.357910
vt 0.927734 0.357910
vt 0.866211 0.384766
vt 0.901856 0.384766
vt 0.161987 0.325684
vt 0.161987 0.374512
vt 0.326660 0.454590
vt 0.326660 0.405762
vt 0.150146 0.374512
vt 0.150146 0.557129
vt 0.161987 0.557129
vt 0.150146 0.315918
vt 0.935547 0.982468
vt 0.927734 0.982468
vt 0.927734 0.833862
vt 0.935547 0.833862
vt 0.895996 0.833862
vt 0.903809 0.833862
vt 0.903809 0.982468
vt 0.895996 0.982468
vt 0.959473 0.982468
vt 0.959473 0.833862
vt 0.677246 0.763306
vt 0.677246 0.835571
vt 0.620117 0.763306
vt 0.584961 0.905029
vt 0.602051 0.998440
vt 0.927734 0.357910
vt 0.840332 0.357910
vt 0.866211 0.384766
vt 0.901856 0.384766
vt 0.927734 0.320313
vt 0.840332 0.320313
vt 0.901856 0.293945
vt 0.866211 0.293945
vt 0.675293 0.001465
vt 0.567871 0.001465
vt 0.621094 0.221680
vt 0.495605 0.221680
vt 0.456055 0.001465
vt 0.487060 0.221680
vt 0.470947 0.221680
vt 0.442627 0.221680
vt 0.057922 0.769531
vt 0.065247 0.740967
vt 0.208740 0.999063
vt 0.206665 0.793213
vt 0.340576 0.999063
vt 0.361084 0.793213
vt 0.387207 0.999063
vt 0.387451 0.793213
vt 0.927734 0.320313
vt 0.901856 0.293945
vt 0.866211 0.293945
vt 0.840332 0.320313
vt 0.927734 0.357910
vt 0.840332 0.357910
vt 0.901856 0.384766
vt 0.866211 0.384766
vt 0.833984 0.306152
vt 0.833984 0.270020
vt 0.798828 0.270020
vt 0.798828 0.306152
vt 0.833984 0.343262
vt 0.798828 0.343262
vt 0.833496 0.380859
vt 0.798340 0.380859
vt 0.833496 0.417481
vt 0.798340 0.417481
vt 0.833496 0.453613
vt 0.798340 0.453613
vt 0.833496 0.490723
vt 0.798340 0.490723
vt 0.833496 0.528076
vt 0.798340 0.528076
vt 0.833496 0.564941
vt 0.798340 0.564941
vt 0.927734 0.357910
vt 0.901856 0.384766
vt 0.866211 0.384766
vt 0.840332 0.357910
vt 0.927734 0.320313
vt 0.840332 0.320313
vt 0.901856 0.293945
vt 0.866211 0.293945
vt 0.927734 0.320313
vt 0.840332 0.320313
vt 0.866211 0.293945
vt 0.901856 0.293945
vt 0.927734 0.357910
vt 0.840332 0.357910
vt 0.901856 0.384766
vt 0.866211 0.384766
vt 0.613281 0.242676
vt 0.633789 0.432617
vt 0.618164 0.450195
vt 0.613281 0.443359
vt 0.618164 0.235840
vt 0.633789 0.253418
vt 0.585938 0.787598
vt 0.587402 0.837402
vt 0.601074 0.812134
vt 0.557617 0.788330
vt 0.111023 0.684815
vt 0.105835 0.643555
vt 0.170776 0.643555
vt 0.167602 0.679443
vt 0.124329 0.694092
vt 0.152344 0.694092
vt 0.893066 0.884277
vt 0.839844 0.884277
vt 0.843262 0.855957
vt 0.872559 0.855957
vt 0.870117 0.911621
vt 0.844727 0.911621
vt 0.861816 0.964264
vt 0.842285 0.964264
vt 0.170776 0.643555
vt 0.105835 0.643555
vt 0.111023 0.684815
vt 0.167602 0.679443
vt 0.152344 0.694092
vt 0.124329 0.694092
vt 0.844727 0.911621
vt 0.842285 0.964264
vt 0.831543 0.964264
vt 0.830078 0.911621
vt 0.839844 0.884277
vt 0.834473 0.884277
vt 0.403076 0.547119
vt 0.403565 0.529297
vt 0.439453 0.529297
vt 0.439453 0.547119
vt 0.460693 0.529297
vt 0.460693 0.547119
vt 0.488770 0.547119
vt 0.488770 0.529297
vt 0.504883 0.529297
vt 0.504883 0.547119
vt 0.546387 0.529297
vt 0.546387 0.547119
vn 0.000000 0.000000 1.000000
vn 0.000000 0.000000 1.000000
vn 0.000000 0.000000 1.000000
vn -0.958022 -0.042266 -0.283561
vn -0.958022 -0.042266 -0.283561
vn -0.958022 -0.042266 -0.283561
vn -0.999388 -0.034975 0.000000
vn -0.999388 -0.034975 0.000000
vn -0.999388 -0.034975 0.000000
vn -0.295203 0.009036 0.955392
vn -0.295203 0.009036 0.955392
vn -0.295203 0.009036 0.955392
vn -0.492315 0.007469 0.870385
vn -0.492315 0.007469 0.870385
vn -0.492315 0.007469 0.870385
vn 0.998304 0.058217 -0.000000
vn 0.998304 0.058217 -0.000000
vn 0.998304 0.058217 -0.000000
vn 0.998304 0.058217 -0.000000
vn 0.781259 0.055202 0.621762
vn 0.781259 0.055202 0.621762
vn 0.781259 0.055203 0.621762
vn 0.877355 0.083421 0.472535
vn 0.877355 0.083421 0.472535
vn 0.877355 0.083421 0.472535
vn 0.328486 -0.944509 0.000000
vn 0.328486 -0.944509 0.000000
vn 0.328486 -0.944509 0.000000
vn 0.328486 -0.944509 0.000000
vn 0.003401 -0.000987 0.999994
vn 0.003401 -0.000987 0.999994
vn 0.003401 -0.000987 0.999994
vn 0.003401 -0.000987 0.999994
vn 0.003410 -0.000966 0.999994
vn 0.003410 -0.000966 0.999994
vn 0.003410 -0.000966 0.999994
vn -0.280524 0.878189 0.387416
vn -0.280524 0.878189 0.387416
vn -0.280524 0.878189 0.387416
vn -0.280524 0.878189 0.387416
vn 0.061911 0.864238 0.499260
vn 0.061911 0.864238 0.499260
vn 0.061911 0.864238 0.499260
vn 0.061911 0.864238 0.499260
vn 0.178383 0.859469 0.479055
vn 0.178383 0.859468 0.479055
vn 0.178383 0.859468 0.479055
vn 0.178383 0.859468 0.479055
vn 0.442651 0.848697 0.289438
vn 0.442651 0.848697 0.289438
vn 0.442651 0.848697 0.289438
vn 0.442651 0.848697 0.289438
vn 0.183253 0.859280 0.477553
vn 0.183253 0.859280 0.477553
vn 0.183253 0.859280 0.477553
vn 0.183253 0.859280 0.477553
vn 0.404015 0.850373 0.337103
vn 0.404015 0.850373 0.337103
vn 0.404015 0.850373 0.337103
vn 0.404015 0.850373 0.337103
vn 0.333756 -0.880229 0.337348
vn 0.333756 -0.880229 0.337348
vn 0.333756 -0.880229 0.337348
vn 0.333756 -0.880229 0.337348
vn -0.814747 0.033240 -0.578864
vn -0.814747 0.033240 -0.578864
vn -0.814747 0.033240 -0.578864
vn -0.814747 0.033240 -0.578864
vn -0.295984 0.012061 -0.955117
vn -0.295984 0.012061 -0.955117
vn -0.295984 0.012061 -0.955117
vn -0.295984 0.012061 -0.955117
vn -0.737730 0.029891 -0.674433
vn -0.737730 0.029891 -0.674433
vn -0.737730 0.029891 -0.674433
vn -0.737730 0.029891 -0.674433
vn -0.993621 0.038713 -0.105915
vn -0.993621 0.038713 -0.105915
vn -0.993621 0.038713 -0.105915
vn -0.993491 0.040903 -0.106314
vn -0.993491 0.040903 -0.106314
vn -0.993491 0.040903 -0.106314
vn 0.530061 0.846061 0.056706
vn 0.530061 0.846061 0.056706
vn 0.530061 0.846061 0.056706
vn 0.533125 0.844155 0.056392
vn 0.533125 0.844155 0.056392
vn 0.533125 0.844155 0.056392
vn 0.463816 -0.884590 0.048739
vn 0.463816 -0.884590 0.048739
vn 0.463816 -0.884590 0.048739
vn 0.463816 -0.884590 0.048739
vn 0.112731 -0.871324 0.477585
vn 0.112731 -0.871324 0.477585
vn 0.112731 -0.871324 0.477585
vn 0.112731 -0.871324 0.477585
vn 0.372122 -0.881900 0.289443
vn 0.372122 -0.881900 0.289443
vn 0.372122 -0.881900 0.289443
vn 0.372122 -0.881900 0.289443
vn 0.107855 -0.871140 0.479043
vn 0.107855 -0.871140 0.479043
vn 0.107855 -0.871140 0.479043
vn 0.107855 -0.871140 0.479043
vn -0.008634 -0.866408 0.499263
vn -0.008634 -0.866408 0.499263
vn -0.008634 -0.866408 0.499263
vn -0.008634 -0.866408 0.499263
vn -0.351043 -0.852437 0.387452
vn -0.351043 -0.852437 0.387452
vn -0.351043 -0.852437 0.387452
vn -0.351043 -0.852437 0.387452
vn -0.534834 -0.844957 0.000686
vn -0.534834 -0.844957 0.000686
vn -0.534834 -0.844957 0.000686
vn -0.534834 -0.844957 0.000686
vn -0.464310 0.885673 0.000683
vn -0.464310 0.885672 0.000683
vn -0.464310 0.885672 0.000683
vn -0.464310 0.885672 0.000683
vn 0.631533 -0.025740 -0.774922
vn 0.631533 -0.025740 -0.774922
vn 0.631533 -0.025740 -0.774922
vn 0.631533 -0.025740 -0.774922
vn -0.053282 0.002172 -0.998577
vn -0.053282 0.002172 -0.998577
vn -0.053282 0.002172 -0.998577
vn -0.053282 0.002172 -0.998577
vn -0.286228 0.011672 -0.958090
vn -0.286228 0.011672 -0.958090
vn -0.286228 0.011672 -0.958090
vn -0.286228 0.011672 -0.958090
vn 0.999170 -0.040723 -0.001374
vn 0.999170 -0.040723 -0.001374
vn 0.999170 -0.040723 -0.001374
vn 0.999170 -0.040723 -0.001374
vn -0.011911 0.999884 -0.009480
vn -0.011911 0.999884 -0.009480
vn -0.011911 0.999884 -0.009480
vn -0.000000 1.000000 0.000000
vn -0.000000 1.000000 0.000000
vn -0.000000 1.000000 0.000000
vn 0.011014 0.999899 -0.009020
vn 0.011014 0.999899 -0.009020
vn 0.011014 0.999899 -0.009020
vn -0.003193 0.999912 0.012864
vn -0.003193 0.999912 0.012864
vn -0.003193 0.999912 0.012864
vn -0.000000 1.000000 -0.000000
vn -0.000000 1.000000 -0.000000
vn -0.000000 1.000000 -0.000000
vn -0.011911 0.999884 0.009480
vn -0.011911 0.999884 0.009480
vn -0.011911 0.999884 0.009480
vn -0.003193 0.999912 -0.012864
vn -0.003193 0.999912 -0.012864
vn -0.003193 0.999912 -0.012864
vn 0.011014 0.999899 0.009020
vn 0.011014 0.999899 0.009020
vn 0.011014 0.999899 0.009020
vn -0.000000 1.000000 -0.000000
vn -0.000000 1.000000 -0.000000
vn -0.000000 1.000000 -0.000000
vn -0.000787 0.999998 0.001788
vn -0.000787 0.999998 0.001788
vn -0.000787 0.999998 0.001788
vn 0.124649 0.989919 -0.067256
vn 0.124649 0.989919 -0.067256
vn 0.124649 0.989919 -0.067256
vn 0.006742 0.997789 -0.066126
vn 0.006742 0.997789 -0.066126
vn 0.006742 0.997789 -0.066126
vn 0.011589 0.995791 -0.090914
vn 0.011589 0.995791 -0.090914
vn 0.011589 0.995791 -0.090914
vn 0.023461 0.998312 -0.053130
vn 0.023461 0.998312 -0.053130
vn 0.023461 0.998312 -0.053130
vn 0.044278 0.998109 -0.042636
vn 0.044278 0.998109 -0.042636
vn 0.044278 0.998109 -0.042636
vn 0.102362 0.992957 -0.059645
vn 0.102362 0.992957 -0.059645
vn 0.102362 0.992958 -0.059645
vn 0.124772 0.992149 -0.008473
vn 0.124772 0.992149 -0.008473
vn 0.124772 0.992149 -0.008473
vn 0.137698 0.990436 -0.008676
vn 0.137698 0.990436 -0.008676
vn 0.137698 0.990436 -0.008676
vn 0.997001 -0.005399 -0.077200
vn 0.997001 -0.005399 -0.077200
vn 0.997001 -0.005399 -0.077200
vn 0.997001 -0.005399 -0.077200
vn 0.206262 0.977547 -0.043106
vn 0.206262 0.977547 -0.043106
vn 0.206262 0.977547 -0.043106
vn 0.212581 0.956086 0.201765
vn 0.212581 0.956086 0.201765
vn 0.212581 0.956086 0.201765
vn 0.720643 0.030579 -0.692632
vn 0.720643 0.030579 -0.692632
vn 0.720643 0.030579 -0.692632
vn 0.718296 0.025618 -0.695265
vn 0.718296 0.025618 -0.695265
vn 0.718296 0.025618 -0.695265
vn 0.108195 0.107964 -0.988250
vn 0.108195 0.107964 -0.988250
vn 0.108195 0.107964 -0.988250
vn 0.097212 0.040159 -0.994453
vn 0.097212 0.040159 -0.994453
vn 0.097212 0.040159 -0.994453
vn -0.147471 0.099931 -0.984005
vn -0.147471 0.099931 -0.984005
vn -0.147471 0.099931 -0.984005
vn -0.147651 0.088369 -0.985084
vn -0.147651 0.088369 -0.985084
vn -0.147651 0.088369 -0.985084
vn -0.933370 0.240813 -0.266140
vn -0.933370 0.240813 -0.266140
vn -0.933370 0.240813 -0.266140
vn -0.871960 0.293540 -0.391816
vn -0.871960 0.293540 -0.391816
vn -0.871960 0.293540 -0.391816
vn -0.984997 0.000000 -0.172569
vn -0.984997 0.000000 -0.172569
vn -0.984997 0.000000 -0.172569
vn -0.984997 0.000000 -0.172569
vn -0.135485 0.000000 -0.990779
vn -0.135485 0.000000 -0.990779
vn -0.135485 0.000000 -0.990779
vn -0.135485 0.000000 -0.990779
vn 0.000000 -1.000000 0.000000
vn 0.000000 -1.000000 0.000000
vn 0.000000 -1.000000 0.000000
vn 0.000000 -1.000000 0.000000
vn 0.000000 -1.000000 0.000000
vn 0.000000 -1.000000 0.000000
vn 0.000000 -1.000000 0.000000
vn -0.000787 0.999998 -0.001788
vn -0.000787 0.999998 -0.001788
vn -0.000787 0.999998 -0.001788
vn 0.125160 0.989854 0.067254
vn 0.125160 0.989855 0.067254
vn 0.125160 0.989854 0.067254
vn 0.006742 0.997789 0.066126
vn 0.006742 0.997789 0.066126
vn 0.006742 0.997788 0.066126
vn 0.011589 0.995791 0.090914
vn 0.011589 0.995791 0.090914
vn 0.011589 0.995791 0.090914
vn 0.023462 0.998312 0.053130
vn 0.023462 0.998312 0.053130
vn 0.023462 0.998312 0.053130
vn 0.044277 0.998109 0.042636
vn 0.044277 0.998109 0.042636
vn 0.044277 0.998109 0.042636
vn 0.102362 0.992958 0.059645
vn 0.102362 0.992957 0.059645
vn 0.102362 0.992957 0.059645
vn 0.124772 0.992149 0.008473
vn 0.124772 0.992149 0.008473
vn 0.124772 0.992149 0.008473
vn 0.137698 0.990436 0.008676
vn 0.137697 0.990436 0.008676
vn 0.137697 0.990436 0.008676
vn 0.997001 -0.005399 0.077200
vn 0.997001 -0.005399 0.077200
vn 0.997001 -0.005399 0.077200
vn 0.997001 -0.005399 0.077200
vn 0.213637 0.953967 -0.210492
vn 0.213637 0.953967 -0.210492
vn 0.213637 0.953967 -0.210492
vn 0.206035 0.977592 0.043165
vn 0.206035 0.977592 0.043165
vn 0.206035 0.977592 0.043165
vn 0.720646 0.030579 0.692629
vn 0.720646 0.030579 0.692629
vn 0.720646 0.030579 0.692629
vn 0.718296 0.025618 0.695265
vn 0.718296 0.025618 0.695265
vn 0.718296 0.025618 0.695265
vn 0.108196 0.107964 0.988250
vn 0.108196 0.107964 0.988250
vn 0.108196 0.107964 0.988250
vn 0.097210 0.040162 0.994453
vn 0.097210 0.040162 0.994453
vn 0.097210 0.040162 0.994453
vn -0.147472 0.099934 0.984005
vn -0.147472 0.099934 0.984005
vn -0.147472 0.099934 0.984005
vn -0.147649 0.088366 0.985084
vn -0.147649 0.088366 0.985084
vn -0.147649 0.088366 0.985084
vn -0.933367 0.240817 0.266145
vn -0.933367 0.240817 0.266145
vn -0.933367 0.240817 0.266145
vn -0.871965 0.293534 0.391811
vn -0.871965 0.293534 0.391811
vn -0.871965 0.293534 0.391811
vn -0.984997 0.000000 0.172569
vn -0.984997 0.000000 0.172569
vn -0.984997 0.000000 0.172569
vn -0.984997 0.000000 0.172569
vn -0.000001 1.000000 0.000000
vn -0.000001 1.000000 0.000000
vn -0.000001 1.000000 0.000000
vn -0.000001 1.000000 0.000000
vn -0.000001 1.000000 0.000000
vn -0.000001 1.000000 0.000000
vn -0.000001 1.000000 0.000000
vn -0.135488 0.000000 0.990779
vn -0.135488 0.000000 0.990779
vn -0.135488 0.000000 0.990779
vn -0.135488 0.000000 0.990779
vn 0.941611 -0.336704 0.000000
vn 0.941611 -0.336704 0.000000
vn 0.941611 -0.336704 0.000000
vn 0.941611 -0.336704 0.000000
vn -0.000002 0.000000 -1.000000
vn -0.000002 0.000000 -1.000000
vn -0.000002 0.000000 -1.000000
vn -0.000002 0.000000 -1.000000
vn -0.000001 0.000000 -1.000000
vn -0.000001 0.000000 -1.000000
vn -0.000001 0.000000 -1.000000
vn -0.000001 0.000000 -1.000000
vn 0.000002 0.000000 -1.000000
vn 0.000002 0.000000 -1.000000
vn 0.000002 0.000000 -1.000000
vn 0.000002 0.000000 -1.000000
vn 0.000000 -1.000000 0.000000
vn 0.000000 -1.000000 0.000000
vn 0.000000 -1.000000 0.000000
vn 0.000000 -1.000000 0.000000
vn 1.000000 0.000000 0.000000
vn 1.000000 0.000000 0.000000
vn 1.000000 0.000000 0.000000
vn 1.000000 0.000000 0.000000
vn 0.104073 0.994570 -0.000000
vn 0.104073 0.994570 -0.000000
vn 0.104073 0.994570 -0.000000
vn 0.104073 0.994570 -0.000000
vn 0.104072 0.994570 0.000000
vn 0.104072 0.994570 0.000000
vn 0.104072 0.994570 0.000000
vn 0.104072 0.994570 0.000000
vn 0.319456 -0.020992 0.947369
vn 0.319456 -0.020992 0.947369
vn 0.319456 -0.020992 0.947369
vn 0.319456 -0.020992 0.947369
vn 0.000000 0.000000 -1.000000
vn 0.000000 0.000000 -1.000000
vn 0.000000 0.000000 -1.000000
vn 0.000000 0.000000 -1.000000
vn 0.772496 -0.101647 -0.626831
vn 0.772496 -0.101647 -0.626831
vn 0.772496 -0.101647 -0.626831
vn 0.772496 -0.101647 -0.626831
vn -0.821454 0.108088 -0.559938
vn -0.821454 0.108088 -0.559938
vn -0.821454 0.108088 -0.559938
vn -0.821454 0.108088 -0.559938
vn -0.991452 0.130472 0.000000
vn -0.991452 0.130472 0.000000
vn -0.991452 0.130472 0.000000
vn -0.991452 0.130472 0.000000
vn 0.058068 0.998313 0.000000
vn 0.058068 0.998313 0.000000
vn 0.058068 0.998313 0.000000
vn 0.058068 0.998313 0.000000
vn 0.058068 0.998313 -0.000000
vn 0.058068 0.998313 -0.000000
vn 0.058068 0.998313 -0.000000
vn 0.058068 0.998313 -0.000000
vn -0.058066 -0.998313 0.000003
vn -0.058066 -0.998313 0.000003
vn -0.058066 -0.998313 0.000003
vn -0.058066 -0.998313 0.000003
vn -0.058066 -0.998313 -0.000003
vn -0.058066 -0.998313 -0.000003
vn -0.058066 -0.998313 -0.000003
vn -0.058066 -0.998313 -0.000003
vn 0.406464 0.913667 0.000000
vn 0.406464 0.913667 0.000000
vn 0.406464 0.913667 0.000000
vn 0.406464 0.913667 0.000000
vn 0.406275 0.913751 0.000000
vn 0.406275 0.913751 0.000000
vn 0.406275 0.913751 0.000000
vn 0.356278 0.512017 0.781604
vn 0.356278 0.512017 0.781604
vn 0.356278 0.512017 0.781604
vn -0.699941 0.714198 -0.002038
vn -0.699941 0.714198 -0.002038
vn -0.699941 0.714198 -0.002038
vn -0.699941 0.714198 -0.002038
vn -0.880478 -0.474079 -0.002530
vn -0.880478 -0.474080 -0.002530
vn -0.880478 -0.474079 -0.002530
vn -0.887776 -0.460261 -0.003711
vn -0.887776 -0.460261 -0.003711
vn -0.887776 -0.460261 -0.003711
vn 0.185647 -0.982614 -0.002473
vn 0.185647 -0.982613 -0.002473
vn 0.185647 -0.982614 -0.002473
vn 0.167261 -0.985905 -0.003933
vn 0.167261 -0.985905 -0.003933
vn 0.167261 -0.985905 -0.003933
vn 0.990359 -0.138516 -0.001399
vn 0.990359 -0.138516 -0.001399
vn 0.990359 -0.138516 -0.001399
vn 0.986090 -0.166175 -0.003621
vn 0.986090 -0.166175 -0.003621
vn 0.986090 -0.166175 -0.003621
vn 0.397784 0.917476 -0.002415
vn 0.397784 0.917476 -0.002415
vn 0.397784 0.917476 -0.002415
vn 0.444652 0.895679 -0.006644
vn 0.444652 0.895679 -0.006644
vn 0.444652 0.895679 -0.006644
vn -0.630827 0.489694 -0.601879
vn -0.630827 0.489694 -0.601879
vn -0.630827 0.489694 -0.601879
vn -0.636687 0.497668 -0.589030
vn -0.636687 0.497668 -0.589030
vn -0.636687 0.497668 -0.589030
vn -0.689640 0.421761 -0.588654
vn -0.689640 0.421761 -0.588654
vn -0.689640 0.421761 -0.588654
vn -0.691475 0.425321 -0.583922
vn -0.691475 0.425321 -0.583922
vn -0.691475 0.425320 -0.583922
vn -0.722394 0.369586 -0.584426
vn -0.722394 0.369586 -0.584426
vn -0.722394 0.369586 -0.584426
vn -0.723228 0.370725 -0.582669
vn -0.723228 0.370725 -0.582670
vn -0.723228 0.370725 -0.582669
vn -0.769024 0.261519 -0.583276
vn -0.769024 0.261519 -0.583276
vn -0.769024 0.261519 -0.583276
vn -0.756418 0.254596 -0.602505
vn -0.756418 0.254596 -0.602505
vn -0.756418 0.254596 -0.602505
vn -0.856746 -0.205668 -0.472955
vn -0.856746 -0.205668 -0.472955
vn -0.856746 -0.205668 -0.472955
vn -0.841676 -0.237415 -0.484990
vn -0.841676 -0.237415 -0.484990
vn -0.841676 -0.237415 -0.484990
vn 0.235754 -0.184126 -0.954211
vn 0.235754 -0.184126 -0.954211
vn 0.235754 -0.184126 -0.954211
vn 0.233926 -0.183183 -0.954842
vn 0.233926 -0.183183 -0.954842
vn 0.233926 -0.183183 -0.954842
vn 0.247705 -0.157422 -0.955961
vn 0.247705 -0.157422 -0.955961
vn 0.247705 -0.157422 -0.955961
vn 0.258004 -0.158999 -0.952971
vn 0.258004 -0.158999 -0.952971
vn 0.258004 -0.158999 -0.952971
vn 0.263596 -0.141696 -0.954170
vn 0.263596 -0.141696 -0.954170
vn 0.263596 -0.141696 -0.954170
vn 0.280614 -0.144158 -0.948933
vn 0.280614 -0.144158 -0.948933
vn 0.280614 -0.144158 -0.948933
vn 0.790765 -0.612120 0.000000
vn 0.790765 -0.612120 0.000000
vn 0.790765 -0.612120 0.000000
vn 0.788013 -0.615174 -0.024416
vn 0.788013 -0.615174 -0.024416
vn 0.788013 -0.615174 -0.024416
vn 0.840514 -0.540841 -0.032059
vn 0.840514 -0.540841 -0.032059
vn 0.840514 -0.540841 -0.032059
vn 0.843990 -0.536073 -0.017494
vn 0.843990 -0.536073 -0.017494
vn 0.843990 -0.536073 -0.017494
vn 0.875377 -0.482779 -0.025300
vn 0.875377 -0.482779 -0.025300
vn 0.875377 -0.482779 -0.025300
vn 0.880908 -0.473221 0.007923
vn 0.880908 -0.473221 0.007923
vn 0.880908 -0.473221 0.007923
vn 0.944021 -0.329296 -0.019690
vn 0.944021 -0.329296 -0.019690
vn 0.944021 -0.329296 -0.019690
vn 0.945534 -0.323614 0.035196
vn 0.945534 -0.323614 0.035196
vn 0.945534 -0.323614 0.035196
vn 0.286567 -0.098161 -0.953018
vn 0.286567 -0.098161 -0.953018
vn 0.286567 -0.098161 -0.953018
vn 0.298608 -0.100802 -0.949038
vn 0.298608 -0.100802 -0.949038
vn 0.298608 -0.100802 -0.949038
vn 0.221299 -0.582241 -0.782319
vn 0.221299 -0.582241 -0.782319
vn 0.221299 -0.582241 -0.782319
vn 0.221299 -0.582241 -0.782319
vn 0.991943 -0.121464 -0.035995
vn 0.991943 -0.121464 -0.035995
vn 0.991943 -0.121464 -0.035995
vn 0.992787 -0.115148 -0.033394
vn 0.992787 -0.115148 -0.033394
vn 0.992787 -0.115148 -0.033394
vn 0.390097 0.524883 0.756520
vn 0.390097 0.524883 0.756520
vn 0.390097 0.524883 0.756520
vn 0.291416 -0.102126 0.951129
vn 0.291416 -0.102126 0.951129
vn 0.291416 -0.102126 0.951129
vn 0.289401 -0.101169 0.951847
vn 0.289401 -0.101169 0.951847
vn 0.289401 -0.101169 0.951847
vn 0.277287 -0.153444 0.948455
vn 0.277287 -0.153444 0.948455
vn 0.277287 -0.153444 0.948455
vn 0.267610 -0.143579 0.952770
vn 0.267610 -0.143579 0.952770
vn 0.267610 -0.143579 0.952770
vn 0.258306 -0.166757 0.951562
vn 0.258306 -0.166757 0.951562
vn 0.258306 -0.166757 0.951562
vn 0.252810 -0.159296 0.954312
vn 0.252810 -0.159296 0.954312
vn 0.252810 -0.159296 0.954312
vn 0.237775 -0.184573 0.953623
vn 0.237775 -0.184573 0.953623
vn 0.237775 -0.184573 0.953623
vn 0.236323 -0.182972 0.954292
vn 0.236323 -0.182972 0.954292
vn 0.236323 -0.182972 0.954292
vn 0.925660 0.280650 0.253750
vn 0.925660 0.280650 0.253750
vn 0.925660 0.280650 0.253750
vn 0.925660 0.280650 -0.253750
vn 0.925660 0.280650 -0.253750
vn 0.925660 0.280650 -0.253750
vn 0.582491 -0.812837 0.000000
vn 0.582491 -0.812837 0.000000
vn 0.582491 -0.812837 0.000000
vn 0.999855 -0.017046 -0.000000
vn 0.999855 -0.017046 -0.000000
vn 0.999855 -0.017046 -0.000000
vn 0.999855 -0.017046 -0.000000
vn -0.047066 0.998892 0.000002
vn -0.047066 0.998892 0.000002
vn -0.047066 0.998892 0.000002
vn -0.047066 0.998892 0.000002
vn 0.998063 -0.062217 -0.000000
vn 0.998063 -0.062217 -0.000000
vn 0.998063 -0.062217 -0.000000
vn 0.998063 -0.062217 -0.000000
vn 0.772926 -0.101704 0.626292
vn 0.772926 -0.101704 0.626292
vn 0.772926 -0.101704 0.626292
vn 0.772926 -0.101704 0.626292
vn -0.821427 0.108086 0.559978
vn -0.821427 0.108086 0.559978
vn -0.821427 0.108086 0.559978
vn -0.821427 0.108086 0.559978
vn 0.991452 -0.130472 -0.000000
vn 0.991452 -0.130472 -0.000000
vn 0.991452 -0.130472 -0.000000
vn 0.991452 -0.130472 -0.000000
vn 0.999688 0.024970 0.000000
vn 0.999688 0.024970 0.000000
vn 0.999688 0.024970 0.000000
vn 0.999688 0.024970 0.000000
vn 0.036178 0.034348 0.998755
vn 0.036178 0.034348 0.998755
vn 0.036178 0.034348 0.998755
vn 0.046922 0.032465 0.998371
vn 0.046922 0.032465 0.998371
vn 0.046922 0.032465 0.998371
vn 0.407302 0.913293 0.000000
vn 0.407302 0.913293 0.000000
vn 0.407302 0.913293 0.000000
vn 0.407302 0.913293 0.000000
vn -0.001363 0.999446 0.033255
vn -0.001363 0.999446 0.033255
vn -0.001363 0.999446 0.033255
vn 0.004178 0.999991 0.000000
vn 0.004178 0.999991 0.000000
vn 0.004178 0.999991 0.000000
vn 0.004178 0.999991 0.000000
vn -0.001363 0.999446 -0.033255
vn -0.001363 0.999446 -0.033255
vn -0.001363 0.999446 -0.033255
vn 0.000000 0.000000 1.000000
vn 0.000000 0.000000 1.000000
vn 0.000000 0.000000 1.000000
vn 0.000000 -1.000000 -0.000000
vn 0.000000 -1.000000 -0.000000
vn 0.000000 -1.000000 -0.000000
vn 0.000000 -1.000000 -0.000000
vn 0.000000 -1.000000 0.000000
vn 0.000000 -1.000000 0.000000
vn 0.000000 -1.000000 0.000000
vn 0.000000 -1.000000 0.000000
vn 0.002808 -0.992719 -0.120424
vn 0.002808 -0.992719 -0.120424
vn 0.002808 -0.992719 -0.120424
vn 0.003294 -0.999779 0.020762
vn 0.003294 -0.999779 0.020762
vn 0.003294 -0.999779 0.020762
vn 0.982502 -0.185393 0.017886
vn 0.982502 -0.185393 0.017886
vn 0.982502 -0.185393 0.017886
vn 0.982400 -0.186684 0.006300
vn 0.982400 -0.186684 0.006300
vn 0.982400 -0.186684 0.006300
vn 0.970211 0.242141 0.007572
vn 0.970212 0.242142 0.007572
vn 0.970211 0.242141 0.007572
vn 0.969734 0.243245 0.021185
vn 0.969733 0.243245 0.021185
vn 0.969734 0.243245 0.021185
vn 0.011154 0.999248 0.037126
vn 0.011154 0.999248 0.037126
vn 0.011154 0.999248 0.037126
vn 0.006192 0.997200 0.074520
vn 0.006192 0.997200 0.074520
vn 0.006192 0.997200 0.074520
vn 0.034662 -0.033698 -0.998831
vn 0.034662 -0.033698 -0.998831
vn 0.034662 -0.033698 -0.998831
vn 0.034326 -0.027067 -0.999044
vn 0.034326 -0.027067 -0.999044
vn 0.034326 -0.027067 -0.999044
vn -0.011011 0.045930 0.998884
vn -0.011011 0.045930 0.998884
vn -0.011011 0.045930 0.998884
vn -0.040942 0.014056 0.999063
vn -0.040942 0.014056 0.999063
vn -0.040942 0.014056 0.999063
vn -0.005203 0.999238 0.038685
vn -0.005203 0.999238 0.038685
vn -0.005203 0.999238 0.038685
vn 0.000101 0.999958 -0.009141
vn 0.000101 0.999958 -0.009141
vn 0.000101 0.999958 -0.009141
vn -0.023944 0.028932 0.999295
vn -0.023944 0.028932 0.999295
vn -0.023944 0.028932 0.999295
vn -0.023944 0.028932 0.999295
vn 0.000000 -0.000013 1.000000
vn 0.000000 -0.000013 1.000000
vn 0.000000 -0.000013 1.000000
vn 0.004137 -0.999937 -0.010437
vn 0.004137 -0.999937 -0.010437
vn 0.004137 -0.999937 -0.010437
vn 0.000000 -0.999692 -0.024828
vn 0.000000 -0.999692 -0.024828
vn 0.000000 -0.999692 -0.024828
vn -0.980146 0.198181 -0.006110
vn -0.980147 0.198181 -0.006110
vn -0.980147 0.198181 -0.006110
vn -0.980270 0.197647 -0.002533
vn -0.980270 0.197647 -0.002533
vn -0.980270 0.197647 -0.002533
vn -0.971767 -0.235924 -0.003072
vn -0.971767 -0.235924 -0.003072
vn -0.971767 -0.235924 -0.003072
vn -0.971864 -0.235330 -0.009976
vn -0.971864 -0.235330 -0.009976
vn -0.971864 -0.235330 -0.009976
vn 0.040019 -0.051412 -0.997875
vn 0.040019 -0.051412 -0.997875
vn 0.040019 -0.051412 -0.997875
vn 0.023299 -0.038901 -0.998971
vn 0.023299 -0.038901 -0.998971
vn 0.023299 -0.038901 -0.998971
vn 0.027569 -0.036976 -0.998936
vn 0.027569 -0.036976 -0.998936
vn 0.027569 -0.036976 -0.998936
vn 0.034867 -0.027445 -0.999015
vn 0.034867 -0.027445 -0.999015
vn 0.034867 -0.027445 -0.999015
vn 0.000000 0.000000 -1.000000
vn 0.000000 0.000000 -1.000000
vn 0.000000 0.000000 -1.000000
vn 0.000000 0.000000 -1.000000
vn 0.000000 0.000000 -1.000000
vn 0.000000 0.000000 -1.000000
vn 0.046906 0.032465 -0.998372
vn 0.046906 0.032465 -0.998372
vn 0.046906 0.032465 -0.998372
vn 0.036190 0.034348 -0.998754
vn 0.036190 0.034348 -0.998754
vn 0.036190 0.034348 -0.998755
vn 0.958625 -0.129428 -0.253548
vn 0.958625 -0.129428 -0.253548
vn 0.958625 -0.129428 -0.253548
vn 0.958859 -0.126540 -0.254119
vn 0.958859 -0.126540 -0.254119
vn 0.958859 -0.126540 -0.254119
vn 0.991780 -0.127959 -0.000000
vn 0.991780 -0.127959 -0.000000
vn 0.991780 -0.127959 -0.000000
vn 0.991780 -0.127959 -0.000000
vn 0.958859 -0.126541 0.254122
vn 0.958859 -0.126541 0.254122
vn 0.958859 -0.126541 0.254122
vn 0.958625 -0.129427 0.253548
vn 0.958625 -0.129427 0.253548
vn 0.958625 -0.129427 0.253548
vn -0.000002 0.000000 -1.000000
vn -0.000002 0.000000 -1.000000
vn -0.000002 0.000000 -1.000000
vn 0.076228 -0.996719 0.027216
vn 0.076228 -0.996719 0.027216
vn 0.076228 -0.996719 0.027216
vn 0.108662 -0.993662 0.028794
vn 0.108662 -0.993662 0.028794
vn 0.108662 -0.993662 0.028794
vn 0.048820 -0.998808 0.000000
vn 0.048820 -0.998808 0.000000
vn 0.048820 -0.998808 0.000000
vn 0.048820 -0.998808 0.000000
vn 0.108662 -0.993662 -0.028798
vn 0.108662 -0.993662 -0.028798
vn 0.108662 -0.993662 -0.028798
vn 0.076228 -0.996719 -0.027214
vn 0.076228 -0.996719 -0.027214
vn 0.076228 -0.996719 -0.027214
vn 0.000182 1.000000 -0.000068
vn 0.000182 1.000000 -0.000068
vn 0.000182 1.000000 -0.000068
vn 0.000182 1.000000 -0.000068
vn 0.913600 0.406615 0.000000
vn 0.913600 0.406615 0.000000
vn 0.913600 0.406615 0.000000
vn 0.913600 0.406615 0.000000
vn 0.000008 0.040620 0.999175
vn 0.000008 0.040620 0.999175
vn 0.000008 0.040620 0.999175
vn 0.000008 0.040620 0.999175
vn 0.852425 -0.082965 0.516225
vn 0.852425 -0.082965 0.516225
vn 0.852425 -0.082965 0.516225
vn 0.929502 -0.112571 0.351219
vn 0.929502 -0.112571 0.351219
vn 0.929502 -0.112571 0.351219
vn 0.938558 -0.082700 0.335065
vn 0.938558 -0.082700 0.335065
vn 0.938558 -0.082700 0.335065
vn 0.997210 -0.074647 -0.000000
vn 0.997210 -0.074647 -0.000000
vn 0.997210 -0.074647 -0.000000
vn 0.997210 -0.074647 -0.000000
vn 0.938557 -0.082702 -0.335068
vn 0.938557 -0.082702 -0.335068
vn 0.938557 -0.082702 -0.335068
vn 0.929502 -0.112571 -0.351217
vn 0.929502 -0.112571 -0.351217
vn 0.929502 -0.112571 -0.351217
vn 0.852425 -0.082965 -0.516226
vn 0.852425 -0.082965 -0.516226
vn 0.852425 -0.082965 -0.516226
vn 0.025116 -0.038019 -0.998961
vn 0.025116 -0.038019 -0.998961
vn 0.025116 -0.038019 -0.998961
vn 0.007144 -0.033141 -0.999425
vn 0.007144 -0.033141 -0.999425
vn 0.007144 -0.033141 -0.999425
vn 0.007165 -0.033111 -0.999426
vn 0.007165 -0.033111 -0.999426
vn 0.007165 -0.033111 -0.999426
vn 0.029830 -0.028698 -0.999143
vn 0.029830 -0.028698 -0.999143
vn 0.029830 -0.028698 -0.999143
vn 0.017887 -0.017314 -0.999690
vn 0.017887 -0.017314 -0.999690
vn 0.017887 -0.017314 -0.999690
vn -0.000748 0.166473 -0.986046
vn -0.000748 0.166473 -0.986046
vn -0.000748 0.166473 -0.986046
vn -0.921187 0.103023 -0.375235
vn -0.921187 0.103023 -0.375235
vn -0.921187 0.103023 -0.375235
vn -0.949898 0.111101 -0.292149
vn -0.949898 0.111101 -0.292149
vn -0.949898 0.111101 -0.292149
vn -0.978534 0.050711 -0.199749
vn -0.978534 0.050711 -0.199749
vn -0.978534 0.050711 -0.199749
vn -0.945173 0.326570 0.000000
vn -0.945173 0.326570 0.000000
vn -0.945173 0.326570 0.000000
vn -0.945173 0.326570 0.000000
vn -0.978534 0.050710 0.199749
vn -0.978534 0.050710 0.199749
vn -0.978534 0.050710 0.199749
vn -0.949899 0.111100 0.292145
vn -0.949899 0.111100 0.292145
vn -0.949899 0.111100 0.292145
vn -0.921187 0.103023 0.375235
vn -0.921187 0.103023 0.375235
vn -0.921187 0.103023 0.375235
vn 0.003294 -0.999779 -0.020753
vn 0.003294 -0.999779 -0.020753
vn 0.003294 -0.999779 -0.020753
vn 0.002808 -0.992719 0.120424
vn 0.002808 -0.992719 0.120424
vn 0.002808 -0.992719 0.120424
vn 0.969734 0.243243 -0.021185
vn 0.969734 0.243243 -0.021185
vn 0.969734 0.243243 -0.021185
vn 0.970212 0.242141 -0.007572
vn 0.970212 0.242141 -0.007572
vn 0.970212 0.242141 -0.007572
vn 0.982399 -0.186690 -0.006300
vn 0.982399 -0.186690 -0.006300
vn 0.982399 -0.186690 -0.006300
vn 0.982503 -0.185385 -0.017885
vn 0.982503 -0.185385 -0.017885
vn 0.982503 -0.185385 -0.017885
vn -0.035882 0.999311 0.009490
vn -0.035882 0.999311 0.009490
vn -0.035882 0.999311 0.009490
vn -0.031382 0.999487 0.006406
vn -0.031382 0.999487 0.006406
vn -0.031382 0.999487 0.006406
vn -0.033823 0.999428 0.000000
vn -0.033823 0.999428 0.000000
vn -0.033823 0.999428 0.000000
vn -0.033823 0.999428 0.000000
vn -0.031383 0.999487 -0.006406
vn -0.031383 0.999487 -0.006406
vn -0.031383 0.999487 -0.006406
vn -0.035882 0.999311 -0.009490
vn -0.035882 0.999311 -0.009490
vn -0.035882 0.999311 -0.009490
vn 0.006192 0.997200 -0.074520
vn 0.006192 0.997200 -0.074520
vn 0.006192 0.997200 -0.074520
vn 0.011154 0.999248 -0.037127
vn 0.011154 0.999248 -0.037127
vn 0.011154 0.999248 -0.037127
vn 0.034326 -0.027066 0.999044
vn 0.034326 -0.027066 0.999044
vn 0.034326 -0.027066 0.999044
vn 0.034664 -0.033697 0.998831
vn 0.034664 -0.033697 0.998831
vn 0.034664 -0.033697 0.998831
vn -0.040942 0.014056 -0.999063
vn -0.040942 0.014056 -0.999063
vn -0.040942 0.014056 -0.999063
vn -0.011011 0.045930 -0.998884
vn -0.011011 0.045930 -0.998884
vn -0.011011 0.045930 -0.998884
vn 0.000101 0.999958 0.009134
vn 0.000101 0.999958 0.009134
vn 0.000101 0.999958 0.009134
vn -0.005203 0.999238 -0.038685
vn -0.005203 0.999238 -0.038685
vn -0.005203 0.999238 -0.038685
vn 0.000000 -0.999692 0.024828
vn 0.000000 -0.999692 0.024828
vn 0.000000 -0.999692 0.024828
vn 0.004137 -0.999937 0.010437
vn 0.004137 -0.999937 0.010437
vn 0.004137 -0.999937 0.010437
vn 0.214510 0.976712 0.004375
vn 0.214510 0.976712 0.004375
vn 0.214510 0.976712 0.004375
vn 0.217953 0.974426 0.054694
vn 0.217953 0.974426 0.054694
vn 0.217953 0.974426 0.054694
vn 0.176306 0.983473 -0.041208
vn 0.176306 0.983473 -0.041208
vn 0.176306 0.983473 -0.041208
vn 0.185444 0.982653 0.001835
vn 0.185444 0.982653 0.001835
vn 0.185444 0.982653 0.001835
vn 0.186579 0.982440 0.000000
vn 0.186579 0.982440 0.000000
vn 0.186579 0.982440 0.000000
vn 0.035666 -0.999353 -0.004650
vn 0.035666 -0.999353 -0.004650
vn 0.035666 -0.999353 -0.004650
vn 0.038382 -0.999250 -0.005200
vn 0.038382 -0.999250 -0.005200
vn 0.038382 -0.999250 -0.005200
vn 0.032626 -0.999307 -0.017944
vn 0.032626 -0.999307 -0.017944
vn 0.032626 -0.999307 -0.017944
vn 0.078148 -0.990210 -0.115657
vn 0.078148 -0.990210 -0.115657
vn 0.078148 -0.990210 -0.115657
vn 0.015336 -0.989291 -0.145145
vn 0.015336 -0.989291 -0.145145
vn 0.015336 -0.989292 -0.145145
vn 0.015397 -0.985452 -0.169256
vn 0.015397 -0.985452 -0.169256
vn 0.015397 -0.985452 -0.169256
vn -0.215753 -0.962542 -0.164206
vn -0.215753 -0.962542 -0.164206
vn -0.215753 -0.962542 -0.164206
vn -0.235842 -0.932980 -0.271895
vn -0.235842 -0.932980 -0.271895
vn -0.235842 -0.932980 -0.271895
vn -0.999388 -0.034975 0.000000
vn -0.999388 -0.034975 0.000000
vn -0.999388 -0.034975 0.000000
vn -0.958024 -0.042265 0.283554
vn -0.958025 -0.042265 0.283554
vn -0.958025 -0.042265 0.283554
vn -0.492315 0.007469 -0.870385
vn -0.492315 0.007469 -0.870385
vn -0.492315 0.007469 -0.870385
vn -0.295184 0.009036 -0.955398
vn -0.295184 0.009036 -0.955398
vn -0.295184 0.009036 -0.955398
vn 0.781259 0.055203 -0.621761
vn 0.781259 0.055203 -0.621761
vn 0.781259 0.055203 -0.621761
vn 0.877355 0.083421 -0.472534
vn 0.877355 0.083421 -0.472534
vn 0.877355 0.083421 -0.472534
vn -0.235842 -0.932981 0.271891
vn -0.235842 -0.932981 0.271891
vn -0.235842 -0.932981 0.271891
vn -0.215752 -0.962542 0.164207
vn -0.215752 -0.962542 0.164207
vn -0.215752 -0.962542 0.164207
vn 0.015397 -0.985452 0.169254
vn 0.015397 -0.985452 0.169254
vn 0.015397 -0.985452 0.169254
vn 0.015336 -0.989291 0.145151
vn 0.015336 -0.989291 0.145152
vn 0.015336 -0.989291 0.145151
vn 0.078150 -0.990210 0.115658
vn 0.078150 -0.990210 0.115658
vn 0.078150 -0.990210 0.115658
vn 0.032626 -0.999306 0.017947
vn 0.032626 -0.999307 0.017947
vn 0.032626 -0.999306 0.017947
vn 0.038381 -0.999250 0.005200
vn 0.038381 -0.999250 0.005200
vn 0.038381 -0.999250 0.005200
vn 0.035666 -0.999353 0.004650
vn 0.035666 -0.999353 0.004650
vn 0.035666 -0.999353 0.004650
vn -0.000752 0.166461 0.986048
vn -0.000752 0.166461 0.986048
vn -0.000752 0.166461 0.986048
vn 0.017883 -0.017313 0.999690
vn 0.017883 -0.017313 0.999690
vn 0.017883 -0.017313 0.999690
vn 0.029852 -0.028699 0.999142
vn 0.029852 -0.028699 0.999142
vn 0.029852 -0.028699 0.999142
vn 0.007165 -0.033114 0.999426
vn 0.007165 -0.033114 0.999426
vn 0.007165 -0.033114 0.999426
vn 0.007126 -0.033139 0.999425
vn 0.007126 -0.033139 0.999425
vn 0.007126 -0.033139 0.999425
vn 0.025175 -0.038020 0.998960
vn 0.025175 -0.038020 0.998960
vn 0.025175 -0.038020 0.998960
vn 0.119913 -0.992748 0.008466
vn 0.119913 -0.992748 0.008466
vn 0.119913 -0.992748 0.008466
vn 0.102898 -0.994681 0.004684
vn 0.102898 -0.994681 0.004684
vn 0.102898 -0.994681 0.004684
vn 0.098424 -0.995145 0.000000
vn 0.098424 -0.995145 0.000000
vn 0.098424 -0.995145 0.000000
vn 0.102898 -0.994681 -0.004684
vn 0.102898 -0.994681 -0.004684
vn 0.102898 -0.994681 -0.004684
vn 0.119913 -0.992748 -0.008466
vn 0.119913 -0.992748 -0.008466
vn 0.119913 -0.992748 -0.008466
vn -0.030137 -0.999506 0.008919
vn -0.030137 -0.999506 0.008919
vn -0.030137 -0.999506 0.008919
vn -0.028585 -0.999591 0.000506
vn -0.028585 -0.999591 0.000506
vn -0.028585 -0.999591 0.000506
vn -0.028468 -0.999595 -0.000000
vn -0.028468 -0.999595 -0.000000
vn -0.028468 -0.999595 -0.000000
vn -0.028468 -0.999595 -0.000000
vn -0.029417 -0.999559 -0.004144
vn -0.029417 -0.999559 -0.004144
vn -0.029417 -0.999559 -0.004144
vn -0.024732 -0.999667 -0.007319
vn -0.024732 -0.999667 -0.007319
vn -0.024732 -0.999667 -0.007319
vn 0.000000 -1.000000 0.000000
vn 0.000000 -1.000000 0.000000
vn 0.000000 -1.000000 0.000000
vn 0.000000 -1.000000 0.000000
vn 0.000000 -1.000000 0.000000
vn 0.000000 -1.000000 0.000000
vn 0.000000 -1.000000 0.000000
vn 0.774731 -0.067777 -0.628648
vn 0.774731 -0.067777 -0.628648
vn 0.774731 -0.067777 -0.628648
vn 0.774731 -0.067777 -0.628648
vn -0.824141 0.072104 -0.561777
vn -0.824141 0.072104 -0.561777
vn -0.824141 0.072104 -0.561777
vn -0.824141 0.072104 -0.561777
vn -0.996194 0.087167 -0.000000
vn -0.996194 0.087167 -0.000000
vn -0.996194 0.087167 -0.000000
vn -0.996194 0.087167 -0.000000
vn 0.087163 0.996194 0.000001
vn 0.087163 0.996194 0.000001
vn 0.087163 0.996194 0.000001
vn 0.087163 0.996194 0.000001
vn 0.087163 0.996194 -0.000002
vn 0.087163 0.996194 -0.000002
vn 0.087163 0.996194 -0.000002
vn 0.087163 0.996194 -0.000002
vn 0.775166 -0.067815 0.628107
vn 0.775166 -0.067815 0.628107
vn 0.775166 -0.067815 0.628107
vn 0.775166 -0.067815 0.628107
vn -0.824114 0.072102 0.561816
vn -0.824114 0.072102 0.561816
vn -0.824114 0.072102 0.561816
vn -0.824114 0.072102 0.561816
vn 0.996195 -0.087155 -0.000000
vn 0.996195 -0.087155 -0.000000
vn 0.996195 -0.087155 -0.000000
vn 0.996195 -0.087155 -0.000000
vn 0.774730 -0.067777 -0.628650
vn 0.774730 -0.067777 -0.628650
vn 0.774730 -0.067777 -0.628650
vn 0.774730 -0.067777 -0.628650
vn -0.824141 0.072105 -0.561777
vn -0.824140 0.072105 -0.561777
vn -0.824140 0.072105 -0.561777
vn -0.824140 0.072105 -0.561777
vn -0.996194 0.087168 0.000000
vn -0.996194 0.087168 0.000000
vn -0.996194 0.087168 0.000000
vn -0.996194 0.087168 0.000000
vn 0.087162 0.996194 -0.000001
vn 0.087162 0.996194 -0.000001
vn 0.087162 0.996194 -0.000001
vn 0.087162 0.996194 -0.000001
vn 0.087161 0.996194 0.000001
vn 0.087161 0.996194 0.000001
vn 0.087161 0.996194 0.000001
vn 0.087161 0.996194 0.000001
vn -0.087162 -0.996194 0.000002
vn -0.087162 -0.996194 0.000002
vn -0.087162 -0.996194 0.000002
vn -0.087162 -0.996194 0.000002
vn -0.087161 -0.996194 -0.000002
vn -0.087161 -0.996194 -0.000002
vn -0.087161 -0.996194 -0.000002
vn -0.087161 -0.996194 -0.000002
vn -0.000001 -0.000013 -1.000000
vn -0.000001 -0.000013 -1.000000
vn -0.000001 -0.000013 -1.000000
vn -0.023943 0.028932 -0.999295
vn -0.023943 0.028932 -0.999295
vn -0.023943 0.028932 -0.999295
vn -0.023943 0.028932 -0.999295
vn 0.775166 -0.067816 0.628108
vn 0.775166 -0.067816 0.628108
vn 0.775166 -0.067816 0.628107
vn 0.775166 -0.067816 0.628108
vn -0.824117 0.072102 0.561812
vn -0.824117 0.072102 0.561812
vn -0.824117 0.072102 0.561812
vn -0.824117 0.072102 0.561812
vn 0.996195 -0.087156 0.000000
vn 0.996195 -0.087156 0.000000
vn 0.996195 -0.087156 0.000000
vn 0.996195 -0.087156 0.000000
vn 0.000002 0.000000 1.000000
vn 0.000002 0.000000 1.000000
vn 0.000002 0.000000 1.000000
vn 0.000002 0.000000 1.000000
vn 0.000000 0.000000 1.000000
vn 0.000000 0.000000 1.000000
vn 0.000000 0.000000 1.000000
vn 0.000000 0.000000 1.000000
vn -0.000001 0.000000 1.000000
vn -0.000001 0.000000 1.000000
vn -0.000001 0.000000 1.000000
vn -0.000001 0.000000 1.000000
vn -0.000003 0.000000 -1.000000
vn -0.000003 0.000000 -1.000000
vn -0.000003 0.000000 -1.000000
vn -0.000003 0.000000 -1.000000
vn 0.000000 0.000000 -1.000000
vn 0.000000 0.000000 -1.000000
vn 0.000000 0.000000 -1.000000
vn 0.000000 0.000000 -1.000000
vn 0.000000 0.000000 -1.000000
vn 0.000000 0.000000 -1.000000
vn 0.000000 0.000000 -1.000000
vn 0.000000 0.000000 -1.000000
vn 0.186580 0.982440 0.000000
vn 0.186580 0.982440 0.000000
vn 0.186580 0.982440 0.000000
vn 0.185435 0.982655 -0.001837
vn 0.185435 0.982655 -0.001837
vn 0.185435 0.982655 -0.001837
vn 0.176307 0.983472 0.041206
vn 0.176307 0.983472 0.041206
vn 0.176307 0.983472 0.041206
vn 0.217954 0.974426 -0.054693
vn 0.217954 0.974425 -0.054693
vn 0.217954 0.974426 -0.054693
vn 0.214493 0.976717 -0.004150
vn 0.214493 0.976717 -0.004150
vn 0.214493 0.976717 -0.004150
vn 0.090186 0.995823 -0.014275
vn 0.090186 0.995823 -0.014275
vn 0.090186 0.995823 -0.014275
vn 0.017727 0.997938 0.061696
vn 0.017727 0.997938 0.061696
vn 0.017727 0.997938 0.061696
vn 0.049359 0.998706 -0.012227
vn 0.049359 0.998706 -0.012227
vn 0.049359 0.998706 -0.012227
vn 0.025398 0.999677 0.000000
vn 0.025398 0.999677 0.000000
vn 0.025398 0.999677 0.000000
vn 0.049359 0.998706 0.012227
vn 0.049359 0.998706 0.012227
vn 0.049359 0.998706 0.012227
vn 0.017726 0.997938 -0.061696
vn 0.017726 0.997938 -0.061696
vn 0.017726 0.997938 -0.061696
vn 0.090186 0.995823 0.014275
vn 0.090186 0.995823 0.014275
vn 0.090186 0.995823 0.014275
vn 0.762110 -0.647447 -0.000000
vn 0.762110 -0.647447 -0.000000
vn 0.762110 -0.647447 -0.000000
vn 0.762110 -0.647447 -0.000000
vn -0.115526 0.993304 0.000000
vn -0.115526 0.993304 0.000000
vn -0.115526 0.993304 0.000000
vn -0.115526 0.993304 0.000000
vn 0.994229 0.107283 -0.000000
vn 0.994229 0.107283 -0.000000
vn 0.994229 0.107283 -0.000000
vn 0.994229 0.107283 -0.000000
vn -0.328481 -0.944511 0.000000
vn -0.328481 -0.944511 0.000000
vn -0.328481 -0.944511 0.000000
vn -0.328481 -0.944511 0.000000
vn -0.853849 -0.520520 0.000000
vn -0.853850 -0.520520 0.000000
vn -0.853849 -0.520520 0.000000
vn -0.853850 -0.520520 0.000000
vn -0.769572 -0.053138 0.636345
vn -0.769572 -0.053138 0.636345
vn -0.769572 -0.053138 0.636345
vn -0.804951 -0.042158 0.591841
vn -0.804951 -0.042158 0.591841
vn -0.804951 -0.042158 0.591841
vn -0.969410 -0.050771 0.240137
vn -0.969410 -0.050771 0.240137
vn -0.969410 -0.050771 0.240137
vn -0.969410 -0.050771 0.240137
vn -0.969410 -0.050771 -0.240138
vn -0.969410 -0.050771 -0.240138
vn -0.969410 -0.050771 -0.240138
vn -0.969410 -0.050771 -0.240138
vn -0.804951 -0.042158 -0.591841
vn -0.804951 -0.042158 -0.591841
vn -0.804951 -0.042158 -0.591841
vn -0.769572 -0.053138 -0.636345
vn -0.769572 -0.053138 -0.636345
vn -0.769572 -0.053138 -0.636345
vn 0.762109 -0.647448 -0.000000
vn 0.762109 -0.647448 -0.000000
vn 0.762109 -0.647448 -0.000000
vn 0.762109 -0.647448 -0.000000
vn -0.115526 0.993305 0.000000
vn -0.115526 0.993304 0.000000
vn -0.115526 0.993304 0.000000
vn -0.115526 0.993305 0.000000
vn 0.994229 0.107283 -0.000000
vn 0.994229 0.107283 -0.000000
vn 0.994229 0.107283 -0.000000
vn 0.994229 0.107283 -0.000000
vn -0.328482 -0.944510 0.000000
vn -0.328482 -0.944510 0.000000
vn -0.328482 -0.944510 0.000000
vn -0.328482 -0.944510 0.000000
vn -0.853849 -0.520520 0.000000
vn -0.853849 -0.520520 0.000000
vn -0.853849 -0.520520 0.000000
vn -0.853849 -0.520520 0.000000
vn 0.000008 0.000000 -1.000000
vn 0.000008 0.000000 -1.000000
vn 0.000008 0.000000 -1.000000
vn 0.000008 0.000000 -1.000000
vn 0.000000 0.000000 -1.000000
vn 0.000000 0.000000 -1.000000
vn 0.000000 0.000000 -1.000000
vn -0.632399 0.487259 0.602205
vn -0.632399 0.487259 0.602205
vn -0.632399 0.487259 0.602205
vn -0.623603 0.483826 0.614029
vn -0.623603 0.483826 0.614029
vn -0.623603 0.483826 0.614029
vn -0.663485 0.415814 0.622002
vn -0.663485 0.415814 0.622002
vn -0.663485 0.415814 0.622002
vn -0.679971 0.415594 0.604087
vn -0.679971 0.415594 0.604087
vn -0.679971 0.415594 0.604087
vn -0.697814 0.372219 0.611972
vn -0.697813 0.372219 0.611972
vn -0.697814 0.372219 0.611972
vn -0.726894 0.371655 0.577492
vn -0.726894 0.371655 0.577492
vn -0.726894 0.371655 0.577492
vn -0.753152 0.261214 0.603763
vn -0.753152 0.261214 0.603763
vn -0.753152 0.261214 0.603763
vn -0.781160 0.265406 0.565110
vn -0.781160 0.265406 0.565110
vn -0.781159 0.265406 0.565110
vn -0.731784 0.481689 0.482149
vn -0.731784 0.481689 0.482149
vn -0.731784 0.481689 0.482149
vn -0.737262 0.474750 0.480684
vn -0.737262 0.474750 0.480684
vn -0.737262 0.474750 0.480684
vn 0.751684 -0.659524 0.000000
vn 0.751684 -0.659524 0.000000
vn 0.751684 -0.659524 0.000000
vn 0.751684 -0.659524 0.000000
vn 0.999127 0.041773 0.000000
vn 0.999127 0.041773 0.000000
vn 0.999127 0.041773 0.000000
vn 0.999127 0.041773 0.000000
vn 0.691408 0.722465 0.000000
vn 0.691408 0.722465 0.000000
vn 0.691408 0.722465 0.000000
vn 0.691408 0.722465 0.000000
vn -0.045553 0.998962 0.000000
vn -0.045553 0.998962 0.000000
vn -0.045553 0.998962 0.000000
vn -0.045553 0.998962 0.000000
vn -0.751683 0.659525 0.000000
vn -0.751683 0.659525 0.000000
vn -0.751683 0.659525 0.000000
vn -0.751683 0.659525 0.000000
vn -0.999127 -0.041773 0.000000
vn -0.999127 -0.041773 0.000000
vn -0.999127 -0.041773 0.000000
vn -0.999127 -0.041773 0.000000
vn -0.691406 -0.722467 0.000000
vn -0.691406 -0.722467 0.000000
vn -0.691406 -0.722467 0.000000
vn -0.691406 -0.722467 0.000000
vn 0.045552 -0.998962 0.000000
vn 0.045552 -0.998962 0.000000
vn 0.045552 -0.998962 0.000000
vn 0.045552 -0.998962 0.000000
vn -0.000009 0.000000 1.000000
vn -0.000009 0.000000 1.000000
vn -0.000009 0.000000 1.000000
vn -0.000009 0.000000 1.000000
vn 0.000000 0.000000 1.000000
vn 0.000000 0.000000 1.000000
vn 0.000000 0.000000 1.000000
vn 0.000000 0.000000 1.000000
vn 0.000000 0.000000 1.000000
vn 0.000000 0.000000 1.000000
vn 0.000000 0.000000 1.000000
vn 0.000000 0.000000 1.000000
vn 0.000000 0.000000 1.000000
vn 0.000000 0.000000 1.000000
vn -0.762110 -0.647448 0.000000
vn -0.762110 -0.647448 0.000000
vn -0.762110 -0.647448 0.000000
vn -0.762110 -0.647448 0.000000
vn 0.853848 -0.520522 0.000000
vn 0.853848 -0.520522 0.000000
vn 0.853848 -0.520522 0.000000
vn 0.853848 -0.520522 0.000000
vn 0.115525 0.993305 0.000000
vn 0.115525 0.993305 0.000000
vn 0.115525 0.993305 0.000000
vn 0.115525 0.993305 0.000000
vn -0.994229 0.107283 0.000000
vn -0.994229 0.107283 0.000000
vn -0.994229 0.107283 0.000000
vn -0.994229 0.107283 0.000000
vn 0.328487 -0.944509 0.000000
vn 0.328487 -0.944509 0.000000
vn 0.328487 -0.944509 0.000000
vn 0.328487 -0.944509 0.000000
vn 0.000003 0.000000 1.000000
vn 0.000003 0.000000 1.000000
vn 0.000003 0.000000 1.000000
vn 0.000003 0.000000 1.000000
vn 0.000000 0.000000 1.000000
vn 0.000000 0.000000 1.000000
vn 0.000000 0.000000 1.000000
vn 0.000000 0.000000 1.000000
vn 0.000000 0.000000 1.000000
vn 0.000000 0.000000 1.000000
vn 0.000000 0.000000 1.000000
vn 0.000000 0.000000 1.000000
vn 0.000000 0.000000 1.000000
vn 0.000000 0.000000 1.000000
vn 0.000006 0.000000 -1.000000
vn 0.000006 0.000000 -1.000000
vn 0.000006 0.000000 -1.000000
vn 0.000006 0.000000 -1.000000
vn 0.000000 0.000000 -1.000000
vn 0.000000 0.000000 -1.000000
vn 0.000000 0.000000 -1.000000
vn -0.000003 0.000000 -1.000000
vn -0.000003 0.000000 -1.000000
vn -0.000003 0.000000 -1.000000
vn -0.000003 0.000000 -1.000000
vn 0.000000 0.000000 -1.000000
vn 0.000000 0.000000 -1.000000
vn 0.000000 0.000000 -1.000000
vn 0.000000 0.000000 -1.000000
vn 0.000000 0.000000 -1.000000
vn 0.000000 0.000000 -1.000000
vn 0.000000 0.000000 -1.000000
vn -0.000004 0.000000 -1.000000
vn -0.000004 0.000000 -1.000000
vn -0.000004 0.000000 -1.000000
vn -0.762110 -0.647448 0.000000
vn -0.762110 -0.647448 0.000000
vn -0.762110 -0.647448 0.000000
vn -0.762110 -0.647448 0.000000
vn 0.853849 -0.520520 0.000000
vn 0.853849 -0.520520 0.000000
vn 0.853849 -0.520520 0.000000
vn 0.853849 -0.520520 0.000000
vn 0.115525 0.993305 0.000000
vn 0.115525 0.993305 0.000000
vn 0.115525 0.993305 0.000000
vn 0.115525 0.993305 0.000000
vn -0.994229 0.107283 0.000000
vn -0.994229 0.107283 0.000000
vn -0.994229 0.107283 0.000000
vn -0.994229 0.107283 0.000000
vn 0.941611 -0.336702 -0.000001
vn 0.941611 -0.336702 -0.000001
vn 0.941611 -0.336702 -0.000001
vn 0.941611 -0.336702 -0.000001
vn 0.000000 -1.000000 0.000000
vn 0.000000 -1.000000 0.000000
vn 0.000000 -1.000000 0.000000
vn 0.000000 -1.000000 0.000000
vn 1.000000 0.000000 0.000000
vn 1.000000 0.000000 0.000000
vn 1.000000 0.000000 0.000000
vn 1.000000 0.000000 0.000000
vn 0.999069 0.043146 0.000000
vn 0.999069 0.043146 0.000000
vn 0.999069 0.043146 0.000000
vn 0.999069 0.043146 0.000000
vn -1.000000 0.000000 0.000000
vn -1.000000 0.000000 0.000000
vn -1.000000 0.000000 0.000000
vn -1.000000 0.000000 0.000000
vn -0.666134 0.745832 0.000000
vn -0.666134 0.745832 0.000000
vn -0.666134 0.745832 0.000000
vn -0.666134 0.745832 0.000000
vn 0.000000 -1.000000 0.000000
vn 0.000000 -1.000000 0.000000
vn 0.000000 -1.000000 0.000000
vn 0.000000 -1.000000 0.000000
vn -0.000002 0.000000 1.000000
vn -0.000002 0.000000 1.000000
vn -0.000002 0.000000 1.000000
vn -0.000002 0.000000 1.000000
vn 0.000002 0.000000 -1.000000
vn 0.000002 0.000000 -1.000000
vn 0.000002 0.000000 -1.000000
vn 0.000002 0.000000 -1.000000
vn 0.974594 0.081674 0.208555
vn 0.974594 0.081674 0.208555
vn 0.974594 0.081674 0.208555
vn 0.977840 0.092189 0.187963
vn 0.977840 0.092189 0.187963
vn 0.977840 0.092189 0.187963
vn 0.672954 0.730373 0.116997
vn 0.672954 0.730373 0.116997
vn 0.672954 0.730373 0.116997
vn 0.682761 0.716491 0.143103
vn 0.682761 0.716491 0.143103
vn 0.682761 0.716491 0.143103
vn 0.000000 1.000000 0.000000
vn 0.000000 1.000000 0.000000
vn 0.000000 1.000000 0.000000
vn 0.000000 1.000000 0.000000
vn -0.555378 0.823411 -0.116402
vn -0.555378 0.823411 -0.116402
vn -0.555378 0.823411 -0.116402
vn -0.559789 0.819331 -0.123826
vn -0.559789 0.819331 -0.123826
vn -0.559789 0.819331 -0.123826
vn -0.973364 0.126548 -0.191176
vn -0.973364 0.126548 -0.191176
vn -0.973364 0.126548 -0.191176
vn -0.969297 0.114493 -0.217613
vn -0.969297 0.114493 -0.217613
vn -0.969297 0.114493 -0.217613
vn 0.634995 0.772516 0.000000
vn 0.634995 0.772516 0.000000
vn 0.634995 0.772516 0.000000
vn 0.634995 0.772516 0.000000
vn 0.944835 0.327547 0.000000
vn 0.944835 0.327547 0.000000
vn 0.944835 0.327547 0.000000
vn 0.944835 0.327547 0.000000
vn -0.832080 -0.479848 -0.278188
vn -0.832080 -0.479848 -0.278188
vn -0.832080 -0.479848 -0.278188
vn -0.832080 -0.479848 -0.278188
vn -0.831705 0.480176 -0.278743
vn -0.831705 0.480176 -0.278743
vn -0.831705 0.480176 -0.278743
vn -0.831705 0.480176 -0.278743
vn 0.000002 0.000000 1.000000
vn 0.000002 0.000000 1.000000
vn 0.000002 0.000000 1.000000
vn 0.000002 0.000000 1.000000
vn -1.000000 0.000000 0.000000
vn -1.000000 0.000000 0.000000
vn -1.000000 0.000000 0.000000
vn -1.000000 0.000000 0.000000
vn 0.000000 0.000000 -1.000000
vn 0.000000 0.000000 -1.000000
vn 0.000000 0.000000 -1.000000
vn 0.000000 0.000000 -1.000000
vn -0.375848 -0.926682 0.000000
vn -0.375848 -0.926682 0.000000
vn -0.375848 -0.926682 0.000000
vn -0.375848 -0.926682 0.000000
vn -0.614562 0.788869 0.000000
vn -0.614562 0.788869 0.000000
vn -0.614562 0.788869 0.000000
vn -0.614562 0.788869 0.000000
vn 0.707108 -0.707106 0.000000
vn 0.707108 -0.707106 0.000000
vn 0.707108 -0.707106 0.000000
vn 0.707108 -0.707106 0.000000
vn 0.707108 0.707106 0.000000
vn 0.707108 0.707106 0.000000
vn 0.707108 0.707106 0.000000
vn 0.707108 0.707106 0.000000
vn -0.707109 0.707104 0.000000
vn -0.707109 0.707104 0.000000
vn -0.707109 0.707104 0.000000
vn -0.707109 0.707104 0.000000
vn -0.707109 -0.707104 0.000000
vn -0.707109 -0.707104 0.000000
vn -0.707109 -0.707104 0.000000
vn -0.707109 -0.707104 0.000000
vn 0.000000 0.000000 -1.000000
vn 0.000000 0.000000 -1.000000
vn 0.000000 0.000000 -1.000000
vn 0.000000 0.000000 -1.000000
vn 0.000000 0.000000 1.000000
vn 0.000000 0.000000 1.000000
vn 0.000000 0.000000 1.000000
vn 0.000000 0.000000 1.000000
vn 0.000000 1.000000 0.000000
vn 0.000000 1.000000 0.000000
vn 0.000000 1.000000 0.000000
vn 0.000000 1.000000 0.000000
vn 0.921253 0.388963 -0.000000
vn 0.921253 0.388963 -0.000000
vn 0.921253 0.388963 -0.000000
vn 0.921253 0.388963 -0.000000
vn -0.151026 0.018824 0.988351
vn -0.151026 0.018824 0.988351
vn -0.151026 0.018824 0.988351
vn -0.173596 -0.014028 0.984717
vn -0.173596 -0.014028 0.984717
vn -0.173596 -0.014028 0.984717
vn -0.172528 -0.002323 0.985002
vn -0.172528 -0.002323 0.985002
vn -0.172528 -0.002323 0.985002
vn -0.161212 -0.053206 0.985485
vn -0.161212 -0.053206 0.985485
vn -0.161212 -0.053206 0.985485
vn 0.138618 -0.036180 -0.989685
vn 0.138618 -0.036180 -0.989685
vn 0.138618 -0.036180 -0.989685
vn 0.173743 0.015443 -0.984670
vn 0.173743 0.015443 -0.984670
vn 0.173743 0.015443 -0.984670
vn 0.175000 0.029620 -0.984123
vn 0.175000 0.029620 -0.984123
vn 0.175000 0.029620 -0.984123
vn 0.161422 -0.010853 -0.986826
vn 0.161422 -0.010853 -0.986826
vn 0.161422 -0.010853 -0.986826
vn 0.999069 0.043146 0.000000
vn 0.999069 0.043146 0.000000
vn 0.999069 0.043146 0.000000
vn 0.999069 0.043146 0.000000
vn -1.000000 0.000000 0.000000
vn -1.000000 0.000000 0.000000
vn -1.000000 0.000000 0.000000
vn -1.000000 0.000000 0.000000
vn -0.666134 0.745832 0.000000
vn -0.666134 0.745832 0.000000
vn -0.666134 0.745832 0.000000
vn -0.666134 0.745832 0.000000
vn 0.000000 -1.000000 0.000000
vn 0.000000 -1.000000 0.000000
vn 0.000000 -1.000000 0.000000
vn 0.000000 -1.000000 0.000000
vn -0.000001 0.000000 -1.000000
vn -0.000001 0.000000 -1.000000
vn -0.000001 0.000000 -1.000000
vn -0.000001 0.000000 -1.000000
vn -0.000001 0.000000 1.000000
vn -0.000001 0.000000 1.000000
vn -0.000001 0.000000 1.000000
vn -0.000001 0.000000 1.000000
vn 0.000000 -0.960681 -0.277655
vn 0.000000 -0.960681 -0.277655
vn 0.000000 -0.960681 -0.277655
vn 0.000000 -0.960681 -0.277655
vn 0.000000 0.960364 -0.278748
vn 0.000000 0.960364 -0.278748
vn 0.000000 0.960364 -0.278748
vn 0.000000 0.960364 -0.278748
vn 0.831695 0.480185 -0.278757
vn 0.831695 0.480185 -0.278757
vn 0.831695 0.480185 -0.278757
vn 0.831695 0.480185 -0.278757
vn 0.832070 -0.479856 -0.278204
vn 0.832070 -0.479856 -0.278204
vn 0.832070 -0.479856 -0.278204
vn 0.832070 -0.479856 -0.278204
vn -0.971865 -0.235328 0.009976
vn -0.971865 -0.235328 0.009976
vn -0.971865 -0.235328 0.009976
vn -0.971766 -0.235925 0.003072
vn -0.971766 -0.235925 0.003072
vn -0.971766 -0.235925 0.003072
vn -0.980271 0.197644 0.002533
vn -0.980271 0.197644 0.002533
vn -0.980271 0.197644 0.002533
vn -0.980147 0.198181 0.006110
vn -0.980146 0.198181 0.006110
vn -0.980147 0.198181 0.006110
vn -0.972523 0.161697 -0.167488
vn -0.972523 0.161697 -0.167488
vn -0.972523 0.161697 -0.167488
vn -0.981142 0.142602 -0.130480
vn -0.981142 0.142602 -0.130480
vn -0.981142 0.142602 -0.130480
vn -0.716864 0.098074 -0.690281
vn -0.716864 0.098074 -0.690281
vn -0.716864 0.098074 -0.690281
vn -0.036028 0.085840 -0.995657
vn -0.036028 0.085840 -0.995657
vn -0.036028 0.085840 -0.995657
vn -0.937537 0.012237 -0.347670
vn -0.937537 0.012237 -0.347670
vn -0.937537 0.012237 -0.347670
vn -0.211630 0.112722 -0.970828
vn -0.211630 0.112722 -0.970828
vn -0.211630 0.112722 -0.970828
vn -0.101192 0.066729 -0.992627
vn -0.101192 0.066729 -0.992627
vn -0.101192 0.066729 -0.992627
vn 0.121531 0.112111 -0.986236
vn 0.121531 0.112111 -0.986236
vn 0.121531 0.112111 -0.986236
vn 0.030171 0.071876 -0.996957
vn 0.030171 0.071876 -0.996957
vn 0.030171 0.071876 -0.996957
vn 0.969005 0.035489 -0.244480
vn 0.969005 0.035489 -0.244480
vn 0.969005 0.035489 -0.244480
vn 0.209882 0.036458 -0.977047
vn 0.209882 0.036458 -0.977047
vn 0.209882 0.036458 -0.977047
vn 0.209882 0.036458 -0.977047
vn -0.067003 0.104727 0.992241
vn -0.067003 0.104727 0.992241
vn -0.067003 0.104727 0.992241
vn -0.160163 -0.013021 0.987005
vn -0.160163 -0.013021 0.987005
vn -0.160163 -0.013021 0.987005
vn -0.150077 -0.014714 0.988565
vn -0.150077 -0.014714 0.988565
vn -0.150077 -0.014714 0.988565
vn -0.124656 0.001504 0.992199
vn -0.124656 0.001504 0.992199
vn -0.124656 0.001504 0.992199
vn 0.119154 0.009568 0.992830
vn 0.119154 0.009568 0.992830
vn 0.119154 0.009568 0.992830
vn 0.091930 -0.010261 0.995713
vn 0.091930 -0.010261 0.995713
vn 0.091930 -0.010261 0.995713
vn 0.723115 -0.082512 0.685781
vn 0.723115 -0.082512 0.685781
vn 0.723115 -0.082512 0.685781
vn 0.718496 -0.083124 0.690546
vn 0.718496 -0.083124 0.690546
vn 0.718496 -0.083124 0.690546
vn 0.990941 -0.114642 0.069960
vn 0.990941 -0.114642 0.069960
vn 0.990941 -0.114642 0.069960
vn 0.980448 -0.149588 0.127845
vn 0.980448 -0.149588 0.127845
vn 0.980448 -0.149588 0.127845
vn 0.000000 0.000000 -1.000000
vn 0.000000 0.000000 -1.000000
vn 0.000000 0.000000 -1.000000
vn 0.000000 0.000000 -1.000000
vn 0.707108 -0.707106 0.000000
vn 0.707108 -0.707106 0.000000
vn 0.707108 -0.707106 0.000000
vn 0.707108 -0.707106 0.000000
vn 0.707108 0.707106 0.000000
vn 0.707108 0.707106 0.000000
vn 0.707108 0.707106 0.000000
vn 0.707108 0.707106 0.000000
vn -0.707107 0.707107 0.000000
vn -0.707107 0.707107 0.000000
vn -0.707107 0.707107 0.000000
vn -0.707107 0.707107 0.000000
vn -0.707107 -0.707107 0.000000
vn -0.707107 -0.707107 0.000000
vn -0.707107 -0.707107 0.000000
vn -0.707107 -0.707107 0.000000
vn 0.000000 0.000000 1.000000
vn 0.000000 0.000000 1.000000
vn 0.000000 0.000000 1.000000
vn 0.000000 0.000000 1.000000
vn 0.000000 0.000000 -1.000000
vn 0.000000 0.000000 -1.000000
vn 0.000000 0.000000 -1.000000
vn 0.000000 0.000000 -1.000000
vn 0.000000 0.000000 -1.000000
vn 0.000000 0.000000 -1.000000
vn 0.000000 0.000000 -1.000000
vn 0.000000 0.000000 -1.000000
vn -0.936170 0.351549 0.000003
vn -0.936170 0.351549 0.000003
vn -0.936170 0.351549 0.000003
vn -0.936170 0.351549 0.000003
vn -0.647096 -0.762408 0.000000
vn -0.647096 -0.762408 0.000000
vn -0.647096 -0.762408 0.000000
vn -0.647096 -0.762408 0.000000
vn 0.258833 -0.965922 -0.000003
vn 0.258833 -0.965922 -0.000003
vn 0.258833 -0.965922 -0.000003
vn 0.258833 -0.965922 -0.000003
vn -0.000002 0.000000 -1.000000
vn -0.000002 0.000000 -1.000000
vn -0.000002 0.000000 -1.000000
vn -0.000002 0.000000 -1.000000
vn 0.000000 0.000000 -1.000000
vn 0.000000 0.000000 -1.000000
vn 0.000000 0.000000 -1.000000
vn 0.000000 0.000000 -1.000000
vn -0.000007 0.000000 -1.000000
vn -0.000007 0.000000 -1.000000
vn -0.000007 0.000000 -1.000000
vn -0.000007 0.000000 -1.000000
vn -0.967322 -0.253549 0.000000
vn -0.967322 -0.253549 0.000000
vn -0.967322 -0.253549 0.000000
vn -0.967322 -0.253549 0.000000
vn -0.328762 0.944413 0.000000
vn -0.328762 0.944413 0.000000
vn -0.328762 0.944413 0.000000
vn -0.328762 0.944413 0.000000
vn 0.000000 -0.960681 0.277655
vn 0.000000 -0.960681 0.277655
vn 0.000000 -0.960681 0.277655
vn 0.000000 -0.960681 0.277655
vn -0.832081 -0.479847 0.278189
vn -0.832081 -0.479847 0.278189
vn -0.832081 -0.479847 0.278189
vn -0.832081 -0.479847 0.278189
vn -0.831702 0.480179 0.278746
vn -0.831702 0.480179 0.278746
vn -0.831702 0.480179 0.278746
vn -0.831702 0.480179 0.278746
vn 0.000000 0.960364 0.278748
vn 0.000000 0.960364 0.278748
vn 0.000000 0.960364 0.278748
vn 0.000000 0.960364 0.278748
vn 0.831692 0.480188 0.278762
vn 0.831692 0.480188 0.278762
vn 0.831692 0.480188 0.278762
vn 0.831692 0.480188 0.278762
vn 0.832071 -0.479855 0.278204
vn 0.832071 -0.479855 0.278204
vn 0.832071 -0.479855 0.278204
vn 0.832071 -0.479855 0.278204
vn -0.614560 0.788870 0.000000
vn -0.614560 0.788870 0.000000
vn -0.614560 0.788870 0.000000
vn -0.614560 0.788870 0.000000
vn 0.000000 0.000000 -1.000000
vn 0.000000 0.000000 -1.000000
vn 0.000000 0.000000 -1.000000
vn 0.000000 0.000000 -1.000000
vn -1.000000 0.000000 0.000000
vn -1.000000 0.000000 0.000000
vn -1.000000 0.000000 0.000000
vn -1.000000 0.000000 0.000000
vn -0.000006 0.000000 1.000000
vn -0.000006 0.000000 1.000000
vn -0.000006 0.000000 1.000000
vn -0.000006 0.000000 1.000000
vn -0.375847 -0.926682 0.000000
vn -0.375847 -0.926682 0.000000
vn -0.375847 -0.926682 0.000000
vn -0.375847 -0.926682 0.000000
vn -0.000474 -0.005465 0.999985
vn -0.000474 -0.005465 0.999985
vn -0.000474 -0.005465 0.999985
vn -0.000474 -0.005465 0.999985
vn -0.000474 -0.005466 -0.999985
vn -0.000474 -0.005466 -0.999985
vn -0.000474 -0.005466 -0.999985
vn -0.000474 -0.005466 -0.999985
vn 0.994329 -0.106352 0.000000
vn 0.994328 -0.106352 0.000000
vn 0.994329 -0.106352 0.000000
vn 0.994329 -0.106352 0.000000
vn -0.994329 0.106350 0.000000
vn -0.994329 0.106350 0.000000
vn -0.994329 0.106350 0.000000
vn -0.994329 0.106350 0.000000
vn -0.000495 -0.005623 0.999984
vn -0.000495 -0.005623 0.999984
vn -0.000495 -0.005623 0.999984
vn -0.000495 -0.005623 0.999984
vn -0.000495 -0.005624 -0.999984
vn -0.000495 -0.005624 -0.999984
vn -0.000495 -0.005624 -0.999984
vn -0.000495 -0.005624 -0.999984
vn 0.994328 -0.106353 0.000000
vn 0.994329 -0.106353 0.000000
vn 0.994329 -0.106353 0.000000
vn 0.994328 -0.106353 0.000000
vn -0.994329 0.106351 0.000000
vn -0.994329 0.106351 0.000000
vn -0.994329 0.106351 0.000000
vn -0.994329 0.106351 0.000000
vn -0.187358 -0.678217 -0.710576
vn -0.187358 -0.678217 -0.710576
vn -0.187358 -0.678217 -0.710576
vn -0.045050 -0.430501 -0.901465
vn -0.045050 -0.430501 -0.901465
vn -0.045050 -0.430501 -0.901465
vn -0.000001 0.000000 -1.000000
vn -0.000001 0.000000 -1.000000
vn -0.000001 0.000000 -1.000000
vn -0.000001 0.000000 -1.000000
vn -0.000001 0.000000 1.000000
vn -0.000001 0.000000 1.000000
vn -0.000001 0.000000 1.000000
vn -0.000001 0.000000 1.000000
vn -0.072476 -0.692634 0.717639
vn -0.072476 -0.692634 0.717639
vn -0.072476 -0.692634 0.717638
vn -0.252939 -0.400516 0.880687
vn -0.252939 -0.400516 0.880687
vn -0.252939 -0.400516 0.880687
vn 0.000000 0.000000 1.000000
vn 0.000000 0.000000 1.000000
vn 0.000000 0.000000 1.000000
vn 0.000000 0.000000 1.000000
vn 0.997848 -0.065571 -0.000000
vn 0.997848 -0.065571 -0.000000
vn 0.997848 -0.065571 -0.000000
vn 0.997848 -0.065571 -0.000000
vn 0.997848 -0.065575 -0.000012
vn 0.997848 -0.065575 -0.000012
vn 0.997848 -0.065575 -0.000012
vn 0.997848 -0.065575 -0.000012
vn 0.997847 -0.065581 -0.000004
vn 0.997847 -0.065581 -0.000004
vn 0.997847 -0.065581 -0.000004
vn 0.997847 -0.065585 -0.000000
vn 0.997847 -0.065585 -0.000000
vn 0.997847 -0.065585 -0.000000
vn 0.997847 -0.065585 -0.000000
vn 0.997847 -0.065580 0.000004
vn 0.997847 -0.065580 0.000004
vn 0.997847 -0.065580 0.000004
vn 0.997848 -0.065575 0.000012
vn 0.997848 -0.065575 0.000012
vn 0.997848 -0.065575 0.000012
vn 0.997848 -0.065575 0.000012
vn 0.997848 -0.065571 0.000000
vn 0.997848 -0.065571 0.000000
vn 0.997848 -0.065571 0.000000
vn 0.997848 -0.065571 0.000000
vn 0.319459 -0.020992 -0.947367
vn 0.319459 -0.020992 -0.947368
vn 0.319459 -0.020992 -0.947368
vn 0.319459 -0.020992 -0.947367
vn 0.913601 0.406612 -0.000000
vn 0.913601 0.406612 -0.000000
vn 0.913601 0.406612 -0.000000
vn 0.913601 0.406612 -0.000000
vn 0.000000 1.000000 -0.000000
vn 0.000000 1.000000 -0.000000
vn 0.000000 1.000000 -0.000000
vn 0.000000 1.000000 -0.000000
vn -0.939955 -0.341299 0.000000
vn -0.939955 -0.341299 0.000000
vn -0.939955 -0.341299 0.000000
vn -0.939955 -0.341299 0.000000
vn 0.751698 -0.659507 0.000000
vn 0.751698 -0.659507 0.000000
vn 0.751698 -0.659507 0.000000
vn 0.751698 -0.659507 0.000000
vn 0.999127 0.041773 -0.000000
vn 0.999127 0.041773 -0.000000
vn 0.999127 0.041773 -0.000000
vn 0.999127 0.041773 -0.000000
vn 0.691407 0.722465 -0.000000
vn 0.691407 0.722465 -0.000000
vn 0.691407 0.722465 -0.000000
vn 0.691407 0.722465 -0.000000
vn -0.045553 0.998962 0.000000
vn -0.045553 0.998962 0.000000
vn -0.045553 0.998962 0.000000
vn -0.045553 0.998962 0.000000
vn -0.751696 0.659509 0.000000
vn -0.751696 0.659509 0.000000
vn -0.751696 0.659509 0.000000
vn -0.751696 0.659509 0.000000
vn -0.999127 -0.041772 0.000000
vn -0.999127 -0.041772 0.000000
vn -0.999127 -0.041772 0.000000
vn -0.999127 -0.041772 0.000000
vn -0.691406 -0.722466 0.000000
vn -0.691406 -0.722466 0.000000
vn -0.691406 -0.722466 0.000000
vn -0.691406 -0.722466 0.000000
vn 0.045552 -0.998962 0.000000
vn 0.045552 -0.998962 0.000000
vn 0.045552 -0.998962 0.000000
vn 0.045552 -0.998962 0.000000
vn 0.258833 -0.965922 0.000000
vn 0.258833 -0.965922 0.000000
vn 0.258833 -0.965922 0.000000
vn 0.258833 -0.965922 0.000000
vn -0.647102 -0.762403 0.000000
vn -0.647102 -0.762403 0.000000
vn -0.647102 -0.762403 0.000000
vn -0.647102 -0.762403 0.000000
vn 0.000003 0.000000 1.000000
vn 0.000003 0.000000 1.000000
vn 0.000003 0.000000 1.000000
vn 0.000003 0.000000 1.000000
vn 0.000000 0.000000 1.000000
vn 0.000000 0.000000 1.000000
vn 0.000000 0.000000 1.000000
vn 0.000000 0.000000 1.000000
vn 0.000001 0.000000 1.000000
vn 0.000001 0.000000 1.000000
vn 0.000001 0.000000 1.000000
vn 0.000001 0.000000 1.000000
vn -0.967323 -0.253546 0.000000
vn -0.967323 -0.253546 0.000000
vn -0.967323 -0.253546 0.000000
vn -0.967323 -0.253546 0.000000
vn -0.328762 0.944413 0.000000
vn -0.328762 0.944413 0.000000
vn -0.328762 0.944413 0.000000
vn -0.328762 0.944413 0.000000
vn -0.936169 0.351550 0.000000
vn -0.936169 0.351550 0.000000
vn -0.936169 0.351550 0.000000
vn -0.936169 0.351550 0.000000
vn 0.999170 -0.040723 0.001374
vn 0.999170 -0.040723 0.001374
vn 0.999170 -0.040723 0.001374
vn 0.999170 -0.040723 0.001374
vn 0.631531 -0.025739 0.774923
vn 0.631531 -0.025739 0.774924
vn 0.631531 -0.025739 0.774924
vn 0.631531 -0.025739 0.774924
vn -0.053279 0.002172 0.998577
vn -0.053279 0.002172 0.998577
vn -0.053279 0.002172 0.998577
vn -0.053279 0.002172 0.998577
vn -0.286227 0.011672 0.958091
vn -0.286227 0.011672 0.958091
vn -0.286227 0.011672 0.958091
vn -0.286227 0.011672 0.958091
vn -0.814746 0.033238 0.578864
vn -0.814746 0.033238 0.578864
vn -0.814746 0.033238 0.578864
vn -0.814746 0.033238 0.578864
vn -0.464314 0.885671 -0.000687
vn -0.464314 0.885671 -0.000687
vn -0.464314 0.885671 -0.000687
vn -0.464314 0.885671 -0.000687
vn -0.280512 0.878191 -0.387420
vn -0.280512 0.878191 -0.387420
vn -0.280513 0.878191 -0.387420
vn -0.280512 0.878191 -0.387420
vn 0.061910 0.864239 -0.499258
vn 0.061910 0.864239 -0.499258
vn 0.061910 0.864239 -0.499258
vn 0.061910 0.864239 -0.499258
vn 0.178379 0.859472 -0.479050
vn 0.178379 0.859472 -0.479050
vn 0.178379 0.859472 -0.479050
vn 0.178379 0.859472 -0.479050
vn 0.442648 0.848698 -0.289436
vn 0.442649 0.848698 -0.289436
vn 0.442648 0.848698 -0.289436
vn 0.442648 0.848698 -0.289436
vn -0.534837 -0.844955 -0.000687
vn -0.534837 -0.844955 -0.000687
vn -0.534837 -0.844955 -0.000687
vn -0.534837 -0.844955 -0.000687
vn -0.351032 -0.852441 -0.387455
vn -0.351032 -0.852441 -0.387455
vn -0.351032 -0.852441 -0.387455
vn -0.351032 -0.852441 -0.387455
vn -0.008633 -0.866408 -0.499262
vn -0.008633 -0.866408 -0.499262
vn -0.008633 -0.866408 -0.499262
vn -0.008633 -0.866408 -0.499262
vn 0.107854 -0.871143 -0.479039
vn 0.107854 -0.871143 -0.479039
vn 0.107854 -0.871143 -0.479039
vn 0.107854 -0.871143 -0.479039
vn 0.372121 -0.881901 -0.289443
vn 0.372121 -0.881901 -0.289443
vn 0.372121 -0.881901 -0.289443
vn 0.372121 -0.881901 -0.289443
vn 0.112731 -0.871324 -0.477585
vn 0.112731 -0.871324 -0.477585
vn 0.112731 -0.871324 -0.477585
vn 0.112731 -0.871324 -0.477585
vn 0.183253 0.859280 -0.477551
vn 0.183253 0.859280 -0.477552
vn 0.183253 0.859280 -0.477551
vn 0.183253 0.859280 -0.477552
vn 0.404015 0.850373 -0.337103
vn 0.404015 0.850373 -0.337103
vn 0.404015 0.850373 -0.337103
vn 0.404015 0.850372 -0.337103
vn 0.333757 -0.880229 -0.337348
vn 0.333757 -0.880229 -0.337348
vn 0.333757 -0.880229 -0.337348
vn 0.333757 -0.880229 -0.337348
vn -0.295984 0.012061 0.955117
vn -0.295984 0.012061 0.955117
vn -0.295984 0.012061 0.955117
vn -0.295984 0.012061 0.955117
vn -0.737731 0.029892 0.674433
vn -0.737731 0.029892 0.674433
vn -0.737731 0.029892 0.674433
vn -0.737731 0.029892 0.674433
vn -0.993622 0.038713 0.105914
vn -0.993622 0.038713 0.105914
vn -0.993622 0.038713 0.105914
vn -0.993491 0.040903 0.106314
vn -0.993491 0.040903 0.106314
vn -0.993491 0.040903 0.106314
vn 0.530063 0.846060 -0.056706
vn 0.530063 0.846060 -0.056706
vn 0.530063 0.846060 -0.056706
vn 0.533125 0.844155 -0.056392
vn 0.533125 0.844155 -0.056392
vn 0.533125 0.844155 -0.056392
vn 0.463815 -0.884590 -0.048739
vn 0.463815 -0.884590 -0.048739
vn 0.463815 -0.884590 -0.048739
vn 0.463815 -0.884590 -0.048739
vn -0.045553 0.998962 0.000000
vn -0.045553 0.998962 0.000000
vn -0.045553 0.998962 0.000000
vn -0.045553 0.998962 0.000000
vn -0.751682 0.659525 0.000000
vn -0.751682 0.659525 0.000000
vn -0.751682 0.659525 0.000000
vn -0.751682 0.659526 0.000000
vn -0.999127 -0.041774 0.000000
vn -0.999127 -0.041774 0.000000
vn -0.999127 -0.041774 0.000000
vn -0.999127 -0.041774 0.000000
vn -0.691407 -0.722465 0.000000
vn -0.691407 -0.722465 0.000000
vn -0.691407 -0.722465 0.000000
vn -0.691407 -0.722465 0.000000
vn 0.045552 -0.998962 0.000000
vn 0.045552 -0.998962 0.000000
vn 0.045552 -0.998962 0.000000
vn 0.045552 -0.998962 0.000000
vn 0.751684 -0.659524 0.000000
vn 0.751684 -0.659524 0.000000
vn 0.751684 -0.659524 0.000000
vn 0.751684 -0.659524 0.000000
vn 0.999127 0.041773 0.000000
vn 0.999127 0.041773 0.000000
vn 0.999127 0.041773 0.000000
vn 0.999127 0.041773 0.000000
vn 0.691407 0.722465 0.000000
vn 0.691407 0.722465 0.000000
vn 0.691407 0.722465 0.000000
vn 0.691407 0.722465 0.000000
vn 0.000002 0.000000 1.000000
vn 0.000002 0.000000 1.000000
vn 0.000002 0.000000 1.000000
vn 0.000002 0.000000 1.000000
vn 0.000000 0.000000 1.000000
vn 0.000000 0.000000 1.000000
vn 0.000000 0.000000 1.000000
vn 0.000000 0.000000 1.000000
vn 0.000001 0.000000 1.000000
vn 0.000001 0.000000 1.000000
vn 0.000001 0.000000 1.000000
vn 0.000001 0.000000 1.000000
vn 0.000000 0.000000 -1.000000
vn 0.000000 0.000000 -1.000000
vn 0.000000 0.000000 -1.000000
vn 0.000000 0.000000 -1.000000
vn 0.000001 0.000000 -1.000000
vn 0.000001 0.000000 -1.000000
vn 0.000001 0.000000 -1.000000
vn 0.000001 0.000000 -1.000000
vn -0.000003 0.000000 -1.000000
vn -0.000003 0.000000 -1.000000
vn -0.000003 0.000000 -1.000000
vn -0.000003 0.000000 -1.000000
vn 0.000008 0.040620 -0.999175
vn 0.000008 0.040620 -0.999175
vn 0.000008 0.040620 -0.999175
vn 0.000008 0.040620 -0.999175
vn 0.913600 0.406614 0.000000
vn 0.913600 0.406614 0.000000
vn 0.913600 0.406614 0.000000
vn 0.913600 0.406614 0.000000
vn 0.000182 1.000000 0.000068
vn 0.000182 1.000000 0.000068
vn 0.000182 1.000000 0.000068
vn 0.000182 1.000000 0.000068
vn -0.000485 -0.005482 0.999985
vn -0.000485 -0.005482 0.999985
vn -0.000485 -0.005482 0.999985
vn -0.000485 -0.005482 0.999985
vn -0.000474 -0.005482 -0.999985
vn -0.000474 -0.005482 -0.999985
vn -0.000474 -0.005482 -0.999985
vn -0.000474 -0.005482 -0.999985
vn 0.994328 -0.106353 -0.000000
vn 0.994328 -0.106353 -0.000000
vn 0.994328 -0.106353 -0.000000
vn 0.994328 -0.106353 -0.000000
vn -0.994329 0.106351 0.000000
vn -0.994329 0.106351 0.000000
vn -0.994329 0.106351 0.000000
vn -0.994329 0.106351 0.000000
vn -0.000000 0.000000 1.000000
vn -0.000000 0.000000 1.000000
vn -0.000000 0.000000 1.000000
vn 0.034866 -0.027445 0.999015
vn 0.034866 -0.027445 0.999015
vn 0.034866 -0.027445 0.999015
vn 0.027568 -0.036975 0.998936
vn 0.027568 -0.036975 0.998936
vn 0.027568 -0.036975 0.998936
vn 0.023299 -0.038900 0.998972
vn 0.023299 -0.038900 0.998972
vn 0.023299 -0.038900 0.998972
vn 0.040021 -0.051412 0.997875
vn 0.040021 -0.051412 0.997875
vn 0.040021 -0.051412 0.997875
vn 0.000003 0.000000 -1.000000
vn 0.000003 0.000000 -1.000000
vn 0.000003 0.000000 -1.000000
vn 0.000003 0.000000 -1.000000
vn -0.000003 0.000000 -1.000000
vn -0.000003 0.000000 -1.000000
vn -0.000003 0.000000 -1.000000
vn -0.000003 0.000000 -1.000000
vn 0.000000 0.000000 -1.000000
vn 0.000000 0.000000 -1.000000
vn 0.000000 0.000000 -1.000000
vn 0.000000 0.000000 -1.000000
vn 0.209881 0.036458 0.977047
vn 0.209881 0.036458 0.977047
vn 0.209881 0.036458 0.977047
vn 0.209881 0.036458 0.977047
vn 0.965993 0.035767 0.256083
vn 0.965993 0.035767 0.256083
vn 0.965993 0.035767 0.256083
vn 0.030149 0.069954 0.997095
vn 0.030149 0.069954 0.997095
vn 0.030149 0.069954 0.997095
vn 0.129281 0.113605 0.985079
vn 0.129281 0.113605 0.985079
vn 0.129281 0.113605 0.985079
vn -0.101194 0.066730 0.992626
vn -0.101194 0.066730 0.992626
vn -0.101194 0.066730 0.992626
vn -0.211626 0.112722 0.970829
vn -0.211626 0.112722 0.970829
vn -0.211626 0.112722 0.970829
vn -0.937537 0.012237 0.347670
vn -0.937537 0.012237 0.347670
vn -0.937537 0.012237 0.347670
vn -0.036025 0.085840 0.995657
vn -0.036025 0.085840 0.995658
vn -0.036025 0.085840 0.995658
vn -0.716864 0.098074 0.690281
vn -0.716864 0.098074 0.690281
vn -0.716864 0.098074 0.690281
vn -0.981142 0.142602 0.130480
vn -0.981142 0.142602 0.130480
vn -0.981142 0.142602 0.130480
vn -0.972523 0.161697 0.167488
vn -0.972523 0.161697 0.167488
vn -0.972523 0.161697 0.167488
vn -0.067007 0.104730 -0.992241
vn -0.067007 0.104730 -0.992241
vn -0.067007 0.104730 -0.992241
vn -0.160167 -0.013020 -0.987004
vn -0.160167 -0.013020 -0.987004
vn -0.160167 -0.013020 -0.987004
vn -0.150077 -0.014714 -0.988565
vn -0.150077 -0.014714 -0.988565
vn -0.150077 -0.014714 -0.988565
vn -0.124656 0.001504 -0.992199
vn -0.124656 0.001504 -0.992199
vn -0.124656 0.001504 -0.992199
vn 0.119157 0.009569 -0.992829
vn 0.119157 0.009569 -0.992829
vn 0.119157 0.009569 -0.992829
vn 0.091929 -0.010261 -0.995713
vn 0.091929 -0.010261 -0.995713
vn 0.091929 -0.010261 -0.995713
vn 0.723110 -0.082512 -0.685787
vn 0.723110 -0.082512 -0.685787
vn 0.723110 -0.082512 -0.685787
vn 0.718500 -0.083123 -0.690542
vn 0.718500 -0.083123 -0.690542
vn 0.718500 -0.083123 -0.690542
vn 0.990940 -0.114642 -0.069960
vn 0.990940 -0.114642 -0.069960
vn 0.990940 -0.114642 -0.069960
vn 0.980448 -0.149588 -0.127845
vn 0.980448 -0.149588 -0.127845
vn 0.980448 -0.149588 -0.127845
vn -0.000001 0.000000 1.000000
vn -0.000001 0.000000 1.000000
vn -0.000001 0.000000 1.000000
vn -0.000001 0.000000 1.000000
vn 0.000000 0.000000 1.000000
vn 0.000000 0.000000 1.000000
vn 0.000000 0.000000 1.000000
vn 0.000000 0.000000 1.000000
vn -0.000001 0.000000 1.000000
vn -0.000001 0.000000 1.000000
vn -0.000001 0.000000 1.000000
vn -0.000001 0.000000 1.000000
vn -0.045553 0.998962 0.000000
vn -0.045553 0.998962 0.000000
vn -0.045553 0.998962 0.000000
vn -0.045553 0.998962 0.000000
vn -0.751698 0.659507 0.000000
vn -0.751698 0.659507 0.000000
vn -0.751698 0.659507 0.000000
vn -0.751698 0.659507 0.000000
vn -0.999127 -0.041772 0.000000
vn -0.999127 -0.041772 0.000000
vn -0.999127 -0.041772 0.000000
vn -0.999127 -0.041772 0.000000
vn -0.691407 -0.722466 0.000000
vn -0.691407 -0.722466 0.000000
vn -0.691407 -0.722466 0.000000
vn -0.691407 -0.722466 0.000000
vn 0.045552 -0.998962 0.000000
vn 0.045552 -0.998962 0.000000
vn 0.045552 -0.998962 0.000000
vn 0.045552 -0.998962 0.000000
vn 0.751698 -0.659507 0.000000
vn 0.751698 -0.659507 0.000000
vn 0.751698 -0.659507 0.000000
vn 0.751698 -0.659507 0.000000
vn 0.999127 0.041774 -0.000000
vn 0.999127 0.041774 -0.000000
vn 0.999127 0.041774 -0.000000
vn 0.999127 0.041774 -0.000000
vn 0.691408 0.722465 -0.000000
vn 0.691408 0.722465 -0.000000
vn 0.691408 0.722465 -0.000000
vn 0.691408 0.722465 -0.000000
vn -0.000001 0.000000 1.000000
vn -0.000001 0.000000 1.000000
vn -0.000001 0.000000 1.000000
vn -0.000001 0.000000 1.000000
vn -0.000001 0.000000 1.000000
vn -0.000001 0.000000 1.000000
vn -0.000001 0.000000 1.000000
vn -0.000001 0.000000 1.000000
vn 0.000001 0.000000 1.000000
vn 0.000001 0.000000 1.000000
vn 0.000001 0.000000 1.000000
vn 0.000001 0.000000 1.000000
vn 0.000003 0.000000 -1.000000
vn 0.000003 0.000000 -1.000000
vn 0.000003 0.000000 -1.000000
vn 0.000003 0.000000 -1.000000
vn 0.000001 0.000000 -1.000000
vn 0.000001 0.000000 -1.000000
vn 0.000001 0.000000 -1.000000
vn 0.000001 0.000000 -1.000000
vn 0.000000 0.000000 -1.000000
vn 0.000000 0.000000 -1.000000
vn 0.000000 0.000000 -1.000000
vn 0.000000 0.000000 -1.000000
vn -0.087160 -0.996194 0.000002
vn -0.087160 -0.996194 0.000002
vn -0.087160 -0.996194 0.000002
vn -0.087160 -0.996194 0.000002
vn -0.087127 -0.996197 -0.000001
vn -0.087127 -0.996197 -0.000001
vn -0.087127 -0.996197 -0.000001
vn -0.087127 -0.996197 -0.000001
vn 0.000000 0.000000 1.000000
vn 0.000000 0.000000 1.000000
vn 0.000000 0.000000 1.000000
vn 0.000000 0.000000 1.000000
vn 0.000000 0.000000 1.000000
vn 0.000000 0.000000 1.000000
vn 0.000000 0.000000 1.000000
vn 0.000000 0.000000 1.000000
vn 0.135766 -0.040342 0.989919
vn 0.135766 -0.040342 0.989919
vn 0.135766 -0.040342 0.989919
vn 0.173730 0.015443 0.984672
vn 0.173730 0.015443 0.984672
vn 0.173730 0.015443 0.984672
vn 0.174989 0.029621 0.984125
vn 0.174989 0.029621 0.984125
vn 0.174989 0.029621 0.984125
vn 0.161419 -0.010852 0.986826
vn 0.161419 -0.010852 0.986826
vn 0.161419 -0.010852 0.986826
vn -0.000003 0.000000 1.000000
vn -0.000003 0.000000 1.000000
vn -0.000003 0.000000 1.000000
vn -0.000003 0.000000 1.000000
vn 0.000000 0.000000 1.000000
vn 0.000000 0.000000 1.000000
vn 0.000000 0.000000 1.000000
vn 0.000000 0.000000 1.000000
vn 0.000000 0.000000 1.000000
vn 0.000000 0.000000 1.000000
vn 0.000000 0.000000 1.000000
vn 0.000000 0.000000 1.000000
vn -0.151026 0.018825 -0.988351
vn -0.151026 0.018825 -0.988351
vn -0.151026 0.018825 -0.988351
vn -0.173602 -0.014024 -0.984716
vn -0.173602 -0.014024 -0.984716
vn -0.173602 -0.014024 -0.984716
vn -0.172529 -0.002314 -0.985002
vn -0.172529 -0.002314 -0.985002
vn -0.172529 -0.002314 -0.985002
vn -0.161212 -0.053231 -0.985483
vn -0.161212 -0.053231 -0.985483
vn -0.161212 -0.053231 -0.985483
vn 0.634995 0.772516 0.000000
vn 0.634995 0.772516 0.000000
vn 0.634995 0.772516 0.000000
vn 0.634995 0.772516 0.000000
vn 0.944835 0.327547 0.000000
vn 0.944835 0.327547 0.000000
vn 0.944835 0.327547 0.000000
vn 0.944835 0.327547 0.000000
vn 0.974596 0.081672 -0.208547
vn 0.974596 0.081672 -0.208547
vn 0.974596 0.081672 -0.208547
vn 0.977838 0.092193 -0.187970
vn 0.977838 0.092193 -0.187970
vn 0.977838 0.092193 -0.187970
vn 0.672953 0.730374 -0.117001
vn 0.672953 0.730374 -0.117001
vn 0.672953 0.730374 -0.117001
vn 0.682764 0.716489 -0.143099
vn 0.682764 0.716489 -0.143099
vn 0.682764 0.716489 -0.143099
vn 0.000000 1.000000 0.000001
vn 0.000000 1.000000 0.000001
vn 0.000000 1.000000 0.000001
vn 0.000000 1.000000 0.000001
vn -0.555370 0.823417 0.116402
vn -0.555370 0.823417 0.116402
vn -0.555370 0.823417 0.116402
vn -0.559791 0.819328 0.123838
vn -0.559791 0.819328 0.123838
vn -0.559791 0.819328 0.123838
vn -0.973364 0.126547 0.191176
vn -0.973364 0.126547 0.191176
vn -0.973364 0.126547 0.191176
vn -0.968887 0.113393 0.220001
vn -0.968887 0.113393 0.220001
vn -0.968887 0.113393 0.220001
s off
g mopbucket1
usemtl blinn1SG
f 73/91/73 401/92/74 402/93/75
f 280/94/76 307/95/77 308/96/78
f 308/96/79 74/97/80 280/94/81
f 279/98/82 74/97/83 308/96/84
f 308/96/85 306/99/86 279/98/87
f 105/100/88 77/101/89 76/102/90 75/103/91
f 77/101/92 105/100/93 639/104/94
f 639/104/95 278/105/96 77/101/97
f 390/106/98 391/107/99 392/108/100 389/109/101
f 170/110/102 171/111/103 78/112/104 167/113/105
f 79/114/106 170/110/107 167/113/108
f 100/115/109 82/116/110 81/117/111 80/118/112
f 84/119/113 83/120/114 80/118/115 81/117/116
f 86/121/117 85/122/118 83/120/119 84/119/120
f 88/123/121 87/124/122 85/122/123 86/121/124
f 90/125/125 89/126/126 87/124/127 88/123/128
f 92/127/129 91/128/130 89/126/131 90/125/132
f 94/129/133 92/127/134 90/125/135 93/130/136
f 101/131/137 85/122/138 87/124/139 96/132/140
f 89/126/141 93/133/142 96/132/143 87/124/144
f 91/128/145 94/134/146 93/133/147 89/126/148
f 600/135/149 94/134/150 91/128/151
f 91/128/152 95/136/153 600/135/154
f 95/136/155 91/128/156 92/127/157
f 92/127/158 599/137/159 95/136/160
f 600/138/161 599/137/162 92/127/163 94/129/164
f 88/123/165 96/139/166 93/130/167 90/125/168
f 86/121/169 101/140/170 96/139/171 88/123/172
f 84/119/173 97/141/174 101/140/175 86/121/176
f 81/117/177 98/142/178 97/141/179 84/119/180
f 82/116/181 102/143/182 98/142/183 81/117/184
f 99/144/185 104/145/186 102/143/187 82/116/188
f 103/146/189 99/144/190 82/116/191 100/115/192
f 102/147/193 100/115/194 80/118/195 98/148/196
f 83/120/197 97/149/198 98/148/199 80/118/200
f 85/122/201 101/131/202 97/149/203 83/120/204
f 104/150/205 103/146/206 100/115/207 102/147/208
f 638/151/209 639/152/210 105/153/211
f 641/154/212 640/155/213 470/156/214
f 470/156/215 640/155/216 638/151/217
f 105/153/218 470/156/219 638/151/220
f 75/157/221 470/156/222 105/153/223
f 75/157/224 477/158/225 106/159/226
f 106/159/227 470/156/228 75/157/229
f 470/156/230 106/159/231 474/160/232
f 470/156/233 474/160/234 107/161/235
f 108/162/236 642/163/237 643/164/238
f 276/165/239 110/166/240 109/167/241
f 109/167/242 110/166/243 108/162/244
f 108/162/245 111/168/246 109/167/247
f 643/164/248 111/168/249 108/162/250
f 111/168/251 643/164/252 112/169/253
f 112/169/254 113/170/255 111/168/256
f 113/170/257 112/169/258 128/171/259
f 128/171/260 114/172/261 113/170/262
f 283/173/263 113/170/264 114/172/265 282/174/266
f 115/175/267 275/176/268 276/165/269
f 276/165/270 109/167/271 115/175/272
f 111/168/273 113/170/274 283/173/275
f 283/173/276 285/177/277 111/168/278
f 109/167/279 111/168/280 285/177/281
f 285/177/282 287/178/283 109/167/284
f 109/167/285 287/178/286 289/179/287
f 289/179/288 115/175/289 109/167/290
f 275/180/291 115/175/292 289/179/293
f 289/179/294 288/181/295 275/180/296
f 119/182/297 116/183/298 118/184/299 122/185/300
f 122/185/301 118/184/302 117/186/303 121/187/304
f 121/188/305 120/189/306 131/190/307 119/191/308
f 121/188/309 119/191/310 122/192/311
f 123/193/312 472/194/313 473/195/314
f 125/196/315 475/197/316 124/198/317
f 473/195/318 475/197/319 125/196/320
f 125/196/321 126/199/322 473/195/323
f 473/195/324 126/199/325 123/193/326
f 471/200/327 123/193/328 126/199/329
f 126/199/330 127/201/331 471/200/332
f 128/171/333 471/200/334 127/201/335
f 127/201/336 114/172/337 128/171/338
f 294/202/339 282/174/340 114/172/341 127/201/342
f 129/203/343 125/196/344 124/198/345
f 124/198/346 478/204/347 129/203/348
f 294/202/349 127/201/350 126/199/351
f 126/199/352 293/205/353 294/202/354
f 293/205/355 126/199/356 125/196/357
f 125/196/358 292/206/359 293/205/360
f 130/207/361 292/206/362 125/196/363
f 125/196/364 129/203/365 130/207/366
f 130/207/367 129/203/368 478/208/369
f 478/208/370 479/209/371 130/207/372
f 132/210/373 116/183/374 119/182/375 131/211/376
f 133/212/377 117/213/378 118/214/379 116/215/380
f 133/212/381 116/215/382 132/216/383
f 133/217/384 132/210/385 131/211/386 120/218/387
f 570/219/388 569/220/389 566/221/390 667/222/391
f 667/223/392 566/224/393 135/225/394 134/226/395
f 666/227/396 667/223/397 134/226/398 136/228/399
f 138/229/400 666/227/401 136/228/402 137/230/403
f 210/231/404 139/232/405 223/233/406 224/234/407
f 211/235/408 210/231/409 224/236/410 140/237/411
f 142/238/412 556/239/413 547/240/414 141/241/415
f 144/242/416 143/243/417 147/244/418 148/245/419
f 148/245/420 147/244/421 146/246/422 145/247/423
f 152/248/424 151/249/425 150/250/426 149/251/427
f 157/252/428 161/253/429 162/254/430 158/255/431
f 158/255/432 162/254/433 160/256/434 153/257/435
f 160/258/436 155/259/437 154/260/438 153/261/439
f 153/261/440 154/260/441 207/262/442 156/263/443
f 156/263/444 157/264/445 158/265/446 153/261/447
f 160/266/448 159/267/449 208/268/450 155/269/451
f 160/266/452 162/270/453 161/271/454 159/267/455
f 195/272/456 187/273/457 172/274/458 173/275/459
f 187/273/460 183/276/461 172/274/462
f 164/277/463 166/278/464 163/279/465
f 167/280/466 78/281/467 166/282/468 165/283/469
f 167/280/470 165/283/471 168/284/472
f 168/284/473 79/285/474 167/280/475
f 79/285/476 168/284/477 169/286/478
f 169/286/479 170/287/480 79/285/481
f 170/287/482 169/286/483 163/279/484
f 163/279/485 171/288/486 170/287/487
f 171/288/488 163/279/489 166/278/490
f 166/278/491 78/289/492 171/288/493
f 174/290/494 173/291/495 172/292/496
f 172/292/497 175/293/498 174/290/499
f 176/294/500 174/290/501 175/293/502
f 175/293/503 177/295/504 176/294/505
f 178/296/506 176/294/507 177/295/508
f 177/295/509 179/297/510 178/296/511
f 180/298/512 178/296/513 179/297/514
f 179/297/515 181/299/516 180/298/517
f 165/283/518 180/298/519 181/299/520
f 181/299/521 168/284/522 165/283/523
f 172/292/524 183/300/525 182/301/526
f 182/301/527 175/293/528 172/292/529
f 175/293/530 182/301/531 184/302/532
f 184/302/533 177/295/534 175/293/535
f 177/295/536 184/302/537 185/303/538
f 185/303/539 179/297/540 177/295/541
f 183/300/542 187/304/543 186/305/544
f 186/305/545 182/301/546 183/300/547
f 182/301/548 186/305/549 188/306/550
f 188/306/551 184/302/552 182/301/553
f 184/302/554 188/306/555 189/307/556
f 189/307/557 185/303/558 184/302/559
f 185/303/560 189/307/561 190/308/562
f 190/308/563 191/309/564 185/303/565
f 179/297/566 185/303/567 191/309/568
f 191/309/569 181/299/570 179/297/571
f 169/286/572 168/284/573 181/299/574 191/309/575
f 163/279/576 169/286/577 191/309/578
f 191/309/579 190/308/580 163/279/581
f 163/279/582 190/308/583 164/277/584
f 164/277/585 190/308/586 189/307/587
f 189/307/588 192/310/589 164/277/590
f 192/310/591 189/307/592 188/306/593
f 188/306/594 193/311/595 192/310/596
f 193/311/597 188/306/598 186/305/599
f 186/305/600 194/312/601 193/311/602
f 194/312/603 186/305/604 187/304/605
f 187/304/606 195/313/607 194/312/608
f 198/314/609 197/315/610 196/316/611
f 200/317/612 198/314/613 199/318/614
f 198/314/615 196/316/616 199/318/617
f 202/319/618 201/320/619 199/318/620 196/316/621
f 204/321/622 201/320/623 202/319/624 203/322/625
f 206/323/626 205/324/627 204/321/628 203/322/629
f 208/325/630 159/326/631 156/327/632 207/328/633
f 155/329/634 208/325/635 207/328/636 154/330/637
f 157/252/638 156/327/639 159/326/640 161/253/641
f 268/331/642 222/332/643 218/333/644 631/334/645
f 256/335/646 243/336/647 240/337/648
f 240/337/649 254/338/650 256/335/651
f 256/339/652 252/340/653 236/341/654 243/342/655
f 256/339/656 255/343/657 212/344/658
f 252/340/659 256/339/660 212/344/661 209/345/662
f 209/345/663 272/346/664 252/340/665
f 211/235/666 139/232/667 210/231/668
f 237/347/669 631/334/670 218/333/671 242/348/672
f 236/341/673 237/347/674 242/348/675 243/342/676
f 228/349/677 241/350/678 219/351/679
f 219/351/680 244/352/681 228/349/682
f 244/353/683 219/354/684 220/355/685
f 220/355/686 247/356/687 244/353/688
f 247/356/689 220/355/690 221/357/691
f 221/357/692 249/358/693 247/356/694
f 249/358/695 221/357/696 222/359/697
f 222/359/698 250/360/699 249/358/700
f 244/352/701 245/361/702 263/362/703
f 263/362/704 228/349/705 244/352/706
f 255/363/707 262/364/708 213/365/709
f 213/365/710 212/366/711 255/363/712
f 262/367/713 263/362/714 245/361/715
f 245/361/716 213/368/717 262/367/718
f 217/369/719 215/370/720 213/371/721 214/372/722
f 217/369/723 216/373/724 215/370/725
f 217/369/726 248/374/727 251/375/728
f 251/375/729 216/376/730 217/369/731
f 213/371/732 245/377/733 246/378/734
f 246/378/735 214/372/736 213/371/737
f 214/372/738 246/378/739 248/374/740
f 248/374/741 217/369/742 214/372/743
f 241/379/744 242/380/745 218/381/746
f 218/381/747 219/382/748 241/379/749
f 220/383/750 219/382/751 218/381/752
f 218/381/753 221/384/754 220/383/755
f 222/385/756 221/384/757 218/381/758
f 224/386/759 223/387/760 140/388/761
f 252/389/762 253/390/763 235/391/764
f 235/391/765 236/392/766 252/389/767
f 228/393/768 263/394/769 264/395/770
f 264/395/771 227/396/772 228/393/773
f 226/397/774 227/396/775 264/395/776 267/398/777
f 259/399/778 226/397/779 267/398/780
f 267/398/781 225/400/782 259/399/783
f 399/401/784 403/402/785 400/403/786
f 259/399/787 260/404/788 238/405/789
f 238/405/790 226/397/791 259/399/792
f 227/396/793 226/397/794 238/405/795 239/406/796
f 228/393/797 227/396/798 239/406/799
f 239/406/800 241/407/801 228/393/802
f 231/408/803 230/409/804 213/410/805 229/411/806
f 234/412/807 232/413/808 230/409/809 231/408/810
f 234/414/811 231/408/812 229/411/813 233/415/814
f 237/416/815 236/392/816 235/391/817
f 235/391/818 260/417/819 237/416/820
f 238/418/821 260/417/822 235/391/823
f 240/337/824 239/419/825 238/418/826 235/391/827
f 239/419/828 240/337/829 241/420/830
f 242/421/831 241/420/832 240/337/833
f 240/337/834 243/336/835 242/421/836
f 246/378/837 245/377/838 244/353/839
f 244/353/840 247/356/841 246/378/842
f 248/374/843 246/378/844 247/356/845
f 247/356/846 249/358/847 248/374/848
f 248/374/849 249/358/850 250/360/851
f 250/360/852 251/375/853 248/374/854
f 253/422/855 252/423/856 272/424/857
f 272/424/858 273/425/859 253/422/860
f 273/425/861 266/426/862 253/422/863
f 265/427/864 254/428/865 253/422/866 266/426/867
f 262/364/868 254/428/869 265/427/870
f 254/428/871 262/364/872 255/363/873
f 255/363/874 256/429/875 254/428/876
f 259/430/877 258/431/878 257/432/879
f 257/432/880 260/433/881 259/430/882
f 261/434/883 270/435/884 271/436/885
f 271/436/886 632/437/887 261/434/888
f 258/438/889 261/434/890 632/437/891
f 632/437/892 257/439/893 258/438/894
f 264/395/895 263/394/896 262/440/897
f 262/440/898 265/441/899 264/395/900
f 267/398/901 264/395/902 265/441/903 266/442/904
f 267/398/905 266/442/906 273/443/907
f 273/443/908 225/400/909 267/398/910
f 270/435/911 269/444/912 268/445/913
f 268/445/914 271/436/915 270/435/916
f 258/431/917 259/430/918 225/446/919
f 225/446/920 469/447/921 258/431/922
f 272/448/923 209/449/924 329/450/925
f 329/450/926 273/451/927 272/448/928
f 273/452/929 329/453/930 469/447/931
f 469/447/932 225/446/933 273/452/934
f 467/454/935 274/455/936 297/456/937
f 297/456/938 298/457/939 467/454/940
f 277/458/941 276/459/942 275/460/943
f 275/460/944 278/105/945 277/458/946
f 279/461/947 278/105/948 275/460/949
f 279/461/950 275/460/951 280/462/952
f 280/462/953 74/463/954 279/461/955
f 282/174/956 296/464/957 281/465/958
f 281/465/959 283/173/960 282/174/961
f 283/173/962 281/465/963 284/466/964
f 284/466/965 285/177/966 283/173/967
f 285/177/968 284/466/969 286/467/970
f 286/467/971 287/178/972 285/177/973
f 287/178/974 286/467/975 288/468/976
f 288/468/977 289/179/978 287/178/979
f 342/469/980 291/470/981 305/471/982
f 305/471/983 480/472/984 342/469/985
f 290/473/986 350/474/987 305/471/988
f 305/471/989 291/470/990 290/473/991
f 477/475/992 75/476/993 76/477/994
f 76/477/995 343/478/996 477/475/997
f 292/206/998 130/207/999 479/479/1000
f 479/479/1001 481/480/1002 292/206/1003
f 293/205/1004 292/206/1005 481/480/1006
f 481/480/1007 483/481/1008 293/205/1009
f 294/202/1010 293/205/1011 483/481/1012
f 483/481/1013 295/482/1014 294/202/1015
f 282/174/1016 294/202/1017 295/482/1018
f 295/482/1019 296/464/1020 282/174/1021
f 298/457/1022 297/456/1023 269/444/1024
f 269/444/1025 270/435/1026 298/457/1027
f 298/457/1028 270/435/1029 261/434/1030
f 261/434/1031 299/483/1032 298/457/1033
f 299/483/1034 261/434/1035 258/438/1036
f 258/438/1037 469/484/1038 299/483/1039
f 300/485/1040 484/486/1041 482/487/1042
f 482/487/1043 301/488/1044 300/485/1045
f 300/485/1046 301/488/1047 302/489/1048
f 300/485/1049 302/489/1050 303/490/1051
f 303/490/1052 304/491/1053 300/485/1054
f 301/488/1055 480/492/1056 305/493/1057
f 305/493/1058 350/494/1059 301/488/1060
f 306/495/1061 302/489/1062 301/488/1063 350/494/1064
f 307/496/1065 302/489/1066 306/495/1067
f 306/495/1068 308/497/1069 307/496/1070
f 306/495/1071 310/498/1072 351/499/1073 309/500/1074
f 306/495/1075 350/494/1076 310/498/1077
f 312/501/1078 311/502/1079 313/503/1080 314/504/1081
f 314/504/1082 313/503/1083 317/505/1084 315/506/1085
f 317/507/1086 320/508/1087 316/509/1088 315/510/1089
f 315/510/1090 316/509/1091 318/511/1092 319/512/1093
f 319/512/1094 312/513/1095 314/514/1096 315/510/1097
f 664/515/1098 321/516/1099 319/517/1100 318/518/1101
f 320/519/1102 664/515/1103 318/518/1104 316/520/1105
f 312/501/1106 319/517/1107 321/516/1108 311/502/1109
f 335/521/1110 332/522/1111 327/523/1112 324/524/1113
f 324/524/1114 327/523/1115 326/525/1116 322/526/1117
f 326/527/1118 331/528/1119 323/529/1120 322/530/1121
f 322/530/1122 323/529/1123 330/531/1124 334/532/1125
f 334/532/1126 335/533/1127 324/534/1128 322/530/1129
f 326/535/1130 333/536/1131 325/537/1132 331/538/1133
f 326/535/1134 327/539/1135 332/540/1136 333/536/1137
f 467/454/1138 328/541/1139 274/542/1140
f 329/543/1141 328/541/1142 467/454/1143 468/544/1144
f 325/545/1145 333/546/1146 334/547/1147 330/548/1148
f 331/549/1149 325/545/1150 330/548/1151 323/550/1152
f 335/521/1153 334/547/1154 333/546/1155 332/522/1156
f 369/551/1157 371/552/1158 336/553/1159 363/554/1160
f 338/555/1161 369/551/1162 363/554/1163 337/556/1164
f 366/557/1165 338/555/1166 337/556/1167 365/558/1168
f 370/559/1169 340/560/1170 339/561/1171 372/562/1172
f 368/563/1173 341/564/1174 340/560/1175 370/559/1176
f 367/565/1177 364/566/1178 341/564/1179 368/563/1180
f 290/567/1181 291/568/1182 342/569/1183
f 342/569/1184 478/570/1185 290/567/1186
f 290/567/1187 478/570/1188 343/478/1189
f 476/571/1190 343/478/1191 478/570/1192
f 478/570/1193 124/572/1194 476/571/1195
f 344/573/1196 290/574/1197 343/575/1198
f 343/575/1199 76/576/1200 344/573/1201
f 344/573/1202 76/576/1203 352/577/1204
f 77/578/1205 352/577/1206 76/576/1207
f 353/579/1208 352/577/1209 77/578/1210
f 353/579/1211 77/578/1212 278/580/1213
f 278/580/1214 279/581/1215 353/579/1216
f 382/582/1217 381/583/1218 346/584/1219 345/585/1220
f 347/586/1221 383/587/1222 349/588/1223 374/589/1224
f 346/584/1225 381/583/1226 383/590/1227 347/591/1228
f 348/592/1229 382/593/1230 345/594/1231 373/595/1232
f 374/589/1233 349/588/1234 348/592/1235 373/595/1236
f 310/596/1237 350/597/1238 290/598/1239
f 290/598/1240 344/573/1241 310/596/1242
f 352/577/1243 351/599/1244 310/596/1245 344/573/1246
f 309/600/1247 351/599/1248 352/577/1249 353/579/1250
f 309/600/1251 353/579/1252 279/601/1253
f 279/601/1254 306/602/1255 309/600/1256
f 355/603/1257 358/604/1258 359/605/1259 354/606/1260
f 361/607/1261 362/608/1262 357/609/1263 356/610/1264
f 359/605/1265 361/611/1266 356/612/1267 354/606/1268
f 375/613/1269 360/614/1270 358/615/1271 355/616/1272
f 362/608/1273 360/614/1274 375/613/1275 357/609/1276
f 360/617/1277 361/618/1278 359/619/1279 358/620/1280
f 360/617/1281 362/621/1282 361/618/1283
f 194/622/1284 195/623/1285 173/291/1286
f 173/291/1287 174/290/1288 194/622/1289
f 193/624/1290 194/622/1291 174/290/1292
f 174/290/1293 176/294/1294 193/624/1295
f 192/625/1296 193/624/1297 176/294/1298
f 176/294/1299 178/296/1300 192/625/1301
f 164/626/1302 192/625/1303 178/296/1304
f 178/296/1305 180/298/1306 164/626/1307
f 166/282/1308 164/626/1309 180/298/1310
f 180/298/1311 165/283/1312 166/282/1313
f 340/627/1314 363/628/1315 336/629/1316 339/630/1317
f 341/631/1318 337/632/1319 363/628/1320 340/627/1321
f 364/633/1322 365/634/1323 337/632/1324 341/631/1325
f 367/635/1326 366/636/1327 365/637/1328 364/638/1329
f 368/639/1330 338/640/1331 366/636/1332 367/635/1333
f 370/641/1334 369/642/1335 338/640/1336 368/639/1337
f 372/643/1338 371/644/1339 369/642/1340 370/641/1341
f 339/630/1342 336/629/1343 371/644/1344 372/643/1345
f 346/645/1346 347/646/1347 373/647/1348 345/648/1349
f 347/646/1350 374/649/1351 373/647/1352
f 356/650/1353 375/651/1354 355/652/1355 354/653/1356
f 356/650/1357 357/654/1358 375/651/1359
f 377/655/1360 385/656/1361 386/657/1362 376/658/1363
f 384/659/1364 388/660/1365 379/661/1366 380/662/1367
f 388/660/1368 387/663/1369 378/664/1370 379/661/1371
f 387/665/1372 385/656/1373 377/655/1374 378/666/1375
f 376/667/1376 386/668/1377 384/659/1378 380/662/1379
f 377/669/1380 380/670/1381 379/671/1382 378/672/1383
f 377/669/1384 376/673/1385 380/670/1386
f 392/674/1387 398/675/1388 395/676/1389 389/677/1390
f 392/674/1391 394/678/1392 398/675/1393
f 382/679/1394 348/680/1395 383/681/1396 381/682/1397
f 348/680/1398 349/683/1399 383/681/1400
f 386/684/1401 385/685/1402 387/686/1403 384/687/1404
f 387/686/1405 388/688/1406 384/687/1407
f 397/689/1408 391/690/1409 390/691/1410 396/692/1411
f 397/689/1412 393/693/1413 391/690/1414
f 396/694/1415 390/695/1416 389/696/1417 395/697/1418
f 392/108/1419 391/107/1420 393/698/1421 394/699/1422
f 394/699/1423 393/698/1424 397/700/1425 398/701/1426
f 398/702/1427 397/703/1428 396/694/1429 395/697/1430
f 501/704/1431 419/705/1432 499/706/1433 500/707/1434
f 400/403/1435 401/708/1436 73/709/1437 399/401/1438
f 403/402/1439 402/710/1440 401/711/1441 400/403/1442
f 406/712/1443 404/713/1444 410/714/1445 407/715/1446
f 411/716/1447 405/717/1448 408/718/1449 409/719/1450
f 404/720/1451 406/721/1452 405/717/1453 411/716/1454
f 409/722/1455 408/723/1456 407/724/1457 410/725/1458
f 411/726/1459 409/727/1460 410/728/1461 404/729/1462
f 407/730/1463 408/718/1464 405/717/1465 406/731/1466
f 414/732/1467 413/733/1468 412/734/1469
f 412/734/1470 448/735/1471 414/732/1472
f 415/736/1473 414/732/1474 448/735/1475
f 448/735/1476 449/737/1477 415/736/1478
f 417/738/1479 416/739/1480 415/736/1481 449/737/1482
f 445/740/1483 416/739/1484 417/738/1485
f 417/738/1486 446/741/1487 445/740/1488
f 418/742/1489 445/740/1490 446/741/1491
f 446/741/1492 447/743/1493 418/742/1494
f 502/744/1495 420/745/1496 419/746/1497 501/747/1498
f 506/748/1499 505/749/1500 420/745/1501 502/744/1502
f 422/750/1503 421/751/1504 458/752/1505 665/753/1506
f 459/754/1507 460/755/1508 421/751/1509 422/750/1510
f 424/756/1511 423/757/1512 427/758/1513 430/759/1514
f 426/760/1515 423/757/1516 424/756/1517 425/761/1518
f 429/762/1519 428/763/1520 426/760/1521 425/761/1522
f 428/764/1523 427/765/1524 423/757/1525 426/760/1526
f 430/766/1527 429/767/1528 425/761/1529 424/756/1530
f 436/768/1531 437/769/1532 438/770/1533 435/771/1534
f 432/772/1535 431/773/1536 437/769/1537 436/768/1538
f 434/774/1539 433/775/1540 431/773/1541 432/772/1542
f 435/776/1543 438/777/1544 433/775/1545 434/774/1546
f 432/772/1547 436/778/1548 435/779/1549 434/774/1550
f 433/775/1551 438/780/1552 437/781/1553 431/773/1554
f 442/782/1555 441/783/1556 440/784/1557 439/785/1558
f 444/786/1559 441/783/1560 442/782/1561 443/787/1562
f 445/788/1563 418/789/1564 413/790/1565
f 413/790/1566 414/791/1567 445/788/1568
f 445/788/1569 414/791/1570 415/792/1571
f 415/792/1572 416/793/1573 445/788/1574
f 412/794/1575 447/795/1576 446/796/1577
f 446/796/1578 448/797/1579 412/794/1580
f 448/797/1581 446/796/1582 417/798/1583
f 417/798/1584 449/799/1585 448/797/1586
f 456/800/1587 457/801/1588 451/802/1589 452/803/1590
f 453/804/1591 450/805/1592 454/806/1593 455/807/1594
f 452/808/1595 453/804/1596 455/807/1597 456/809/1598
f 450/810/1599 451/811/1600 457/812/1601 454/813/1602
f 453/804/1603 452/814/1604 451/815/1605 450/805/1606
f 457/816/1607 456/817/1608 455/818/1609 454/819/1610
f 665/753/1611 458/752/1612 465/820/1613 466/821/1614
f 461/822/1615 462/823/1616 460/755/1617 459/754/1618
f 464/824/1619 463/825/1620 462/826/1621 461/827/1622
f 466/821/1623 465/820/1624 463/825/1625 464/824/1626
f 468/544/1627 467/454/1628 298/457/1629
f 298/457/1630 299/483/1631 468/544/1632
f 329/543/1633 468/544/1634 299/483/1635
f 299/483/1636 469/484/1637 329/543/1638
f 471/828/1639 128/829/1640 470/830/1641
f 470/830/1642 107/831/1643 471/828/1644
f 123/832/1645 471/828/1646 107/831/1647
f 472/833/1648 123/832/1649 107/831/1650
f 473/834/1651 472/833/1652 107/831/1653
f 107/831/1654 474/835/1655 473/834/1656
f 475/836/1657 473/834/1658 474/835/1659
f 124/572/1660 475/836/1661 474/835/1662
f 474/835/1663 106/837/1664 124/572/1665
f 124/572/1666 106/837/1667 476/571/1668
f 477/475/1669 343/478/1670 476/571/1671 106/837/1672
f 479/838/1673 478/839/1674 342/469/1675
f 479/838/1676 342/469/1677 480/472/1678
f 479/838/1679 480/472/1680 301/840/1681
f 301/840/1682 481/841/1683 479/838/1684
f 481/841/1685 301/840/1686 482/842/1687
f 482/842/1688 483/843/1689 481/841/1690
f 483/843/1691 482/842/1692 484/844/1693
f 484/844/1694 295/845/1695 483/843/1696
f 295/845/1697 484/844/1698 300/846/1699
f 300/846/1700 296/847/1701 295/845/1702
f 486/848/1703 485/849/1704 487/850/1705 490/851/1706
f 491/852/1707 492/853/1708 490/854/1709 487/855/1710
f 488/856/1711 491/852/1712 487/855/1713 485/849/1714
f 489/857/1715 488/856/1716 485/849/1717 486/848/1718
f 492/858/1719 489/857/1720 486/848/1721 490/859/1722
f 488/856/1723 489/857/1724 492/860/1725 491/861/1726
f 518/862/1727 509/863/1728 511/864/1729 512/865/1730
f 515/866/1731 517/867/1732 518/862/1733 512/865/1734
f 496/868/1735 495/869/1736 494/870/1737 493/871/1738
f 498/872/1739 497/873/1740 495/869/1741 496/868/1742
f 499/874/1743 497/873/1744 498/872/1745 500/875/1746
f 501/876/1747 500/877/1748 498/872/1749 496/868/1750
f 493/871/1751 502/878/1752 501/876/1753 496/868/1754
f 503/879/1755 506/880/1756 502/878/1757 493/871/1758
f 504/881/1759 503/879/1760 493/871/1761 494/870/1762
f 506/882/1763 503/879/1764 504/881/1765 505/883/1766
f 511/884/1767 509/885/1768 508/886/1769 507/887/1770
f 512/865/1771 511/884/1772 507/887/1773 510/888/1774
f 515/866/1775 512/865/1776 510/888/1777 514/889/1778
f 517/890/1779 515/866/1780 514/889/1781 513/891/1782
f 518/892/1783 517/893/1784 513/894/1785 516/895/1786
f 509/885/1787 518/892/1788 516/895/1789 508/886/1790
f 522/896/1791 520/897/1792 519/898/1793 524/899/1794
f 520/897/1795 522/900/1796 525/901/1797 521/902/1798
f 523/903/1799 519/898/1800 520/897/1801 521/902/1802
f 524/904/1803 519/898/1804 523/903/1805 526/905/1806
f 526/906/1807 523/903/1808 521/902/1809 525/907/1810
f 531/908/1811 527/909/1812 528/910/1813 534/911/1814
f 533/912/1815 529/913/1816 530/914/1817 532/915/1818
f 530/914/1819 529/913/1820 528/910/1821 527/909/1822
f 534/911/1823 533/916/1824 532/917/1825 531/908/1826
f 536/918/1827 537/919/1828 535/920/1829 542/921/1830
f 541/922/1831 538/923/1832 539/924/1833 540/925/1834
f 539/924/1835 538/923/1836 535/920/1837 537/919/1838
f 542/921/1839 541/926/1840 540/927/1841 536/918/1842
f 545/928/1843 544/929/1844 543/930/1845
f 543/930/1846 546/931/1847 545/928/1848
f 547/240/1849 546/931/1850 543/930/1851 141/241/1852
f 549/932/1853 143/243/1854 144/242/1855 548/933/1856
f 549/932/1857 548/933/1858 550/934/1859
f 550/934/1860 551/935/1861 549/932/1862
f 554/936/1863 555/937/1864 553/938/1865 552/939/1866
f 555/937/1867 558/940/1868 142/941/1869 141/942/1870
f 553/938/1871 555/937/1872 141/942/1873 543/943/1874
f 553/938/1875 543/943/1876 544/944/1877
f 550/945/1878 152/946/1879 553/938/1880 544/944/1881
f 152/946/1882 550/945/1883 548/947/1884
f 151/948/1885 152/946/1886 548/947/1887 144/949/1888
f 145/950/1889 151/948/1890 144/949/1891 148/951/1892
f 558/952/1893 557/953/1894 556/239/1895 142/238/1896
f 619/954/1897 617/955/1898 233/956/1899 229/957/1900
f 329/958/1901 619/959/1902 229/960/1903 213/961/1904
f 215/962/1905 328/963/1906 329/958/1907 213/961/1908
f 634/964/1909 560/965/1910 644/966/1911 559/967/1912
f 635/968/1913 647/969/1914 560/965/1915 634/964/1916
f 561/970/1917 562/971/1918 647/969/1919 635/968/1920
f 637/972/1921 563/973/1922 562/974/1923 561/975/1924
f 636/976/1925 564/977/1926 563/973/1927 637/972/1928
f 565/978/1929 646/979/1930 564/977/1931 636/976/1932
f 633/980/1933 645/981/1934 646/979/1935 565/978/1936
f 559/967/1937 644/966/1938 645/981/1939 633/980/1940
f 567/982/1941 135/983/1942 566/984/1943 569/985/1944
f 134/986/1945 135/983/1946 567/982/1947 568/987/1948
f 570/988/1949 568/987/1950 567/982/1951 569/989/1952
f 572/990/1953 568/987/1954 570/988/1955 571/991/1956
f 574/992/1957 572/990/1958 571/991/1959 573/993/1960
f 137/994/1961 136/995/1962 572/990/1963 574/992/1964
f 573/996/1965 138/997/1966 137/994/1967 574/992/1968
f 568/987/1969 572/990/1970 136/995/1971 134/986/1972
f 576/998/1973 575/999/1974 587/1000/1975 588/1001/1976
f 577/1002/1977 576/998/1978 588/1001/1979 589/1003/1980
f 578/1004/1981 577/1002/1982 589/1003/1983 590/1005/1984
f 579/1006/1985 578/1004/1986 590/1005/1987 591/1007/1988
f 580/1008/1989 579/1006/1990 591/1007/1991 592/1009/1992
f 582/1010/1993 581/1011/1994 575/999/1995 576/998/1996
f 583/1012/1997 582/1010/1998 576/998/1999 577/1002/2000
f 584/1013/2001 583/1012/2002 577/1002/2003 578/1004/2004
f 585/1014/2005 584/1013/2006 578/1004/2007 579/1006/2008
f 586/1015/2009 585/1014/2010 579/1006/2011 580/1008/2012
f 588/1016/2013 587/1017/2014 581/1011/2015 582/1010/2016
f 589/1018/2017 588/1016/2018 582/1010/2019 583/1012/2020
f 590/1019/2021 589/1018/2022 583/1012/2023 584/1013/2024
f 591/1020/2025 590/1019/2026 584/1013/2027 585/1014/2028
f 592/1021/2029 591/1020/2030 585/1014/2031 586/1015/2032
f 597/1022/2033 592/1021/2034 586/1015/2035 593/1023/2036
f 593/1023/2037 586/1015/2038 580/1008/2039 594/1024/2040
f 596/1025/2041 593/1023/2042 594/1024/2043 595/1026/2044
f 598/1027/2045 597/1022/2046 593/1023/2047 596/1025/2048
f 594/1024/2049 580/1008/2050 592/1009/2051 597/1028/2052
f 595/1026/2053 594/1024/2054 597/1028/2055 598/1029/2056
f 595/1026/2057 598/1029/2058 600/135/2059
f 600/135/2060 95/136/2061 595/1026/2062
f 596/1025/2063 595/1026/2064 95/136/2065
f 95/136/2066 599/137/2067 596/1025/2068
f 600/138/2069 598/1027/2070 596/1025/2071 599/137/2072
f 608/1030/2073 607/1031/2074 615/1032/2075 616/1033/2076
f 606/1034/2077 608/1030/2078 616/1033/2079 614/1035/2080
f 604/1036/2081 606/1034/2082 614/1035/2083 612/1037/2084
f 603/1038/2085 604/1036/2086 612/1037/2087 609/1039/2088
f 602/1040/2089 603/1038/2090 609/1039/2091 610/1041/2092
f 601/1042/2093 602/1040/2094 610/1041/2095 611/1043/2096
f 605/1044/2097 601/1042/2098 611/1043/2099 613/1045/2100
f 607/1046/2101 605/1044/2102 613/1045/2103 615/1047/2104
f 604/1048/2105 603/1049/2106 602/1050/2107 601/1051/2108
f 606/1052/2109 604/1048/2110 601/1051/2111 605/1053/2112
f 608/1054/2113 606/1052/2114 605/1053/2115 607/1055/2116
f 612/1056/2117 611/1057/2118 610/1058/2119 609/1059/2120
f 614/1060/2121 613/1061/2122 611/1057/2123 612/1056/2124
f 616/1062/2125 615/1063/2126 613/1061/2127 614/1060/2128
f 619/1064/2129 618/1065/2130 620/1066/2131 617/1067/2132
f 622/1068/2133 621/1069/2134 620/1070/2135 618/1065/2136
f 329/1071/2137 622/1068/2138 618/1065/2139 619/1064/2140
f 629/1072/2141 623/1073/2142 624/1074/2143 628/1075/2144
f 627/1076/2145 625/1077/2146 626/1078/2147 630/1079/2148
f 626/1078/2149 625/1077/2150 624/1074/2151 623/1073/2152
f 630/1080/2153 629/1072/2154 628/1075/2155 627/1081/2156
f 268/1082/2157 631/1083/2158 271/1084/2159
f 632/1085/2160 271/1084/2161 631/1083/2162
f 631/1083/2163 257/1086/2164 632/1085/2165
f 260/417/2166 257/1086/2167 631/1083/2168
f 631/1083/2169 237/416/2170 260/417/2171
f 565/1087/2172 634/1088/2173 559/1089/2174 633/1090/2175
f 636/1091/2176 635/1092/2177 634/1088/2178 565/1087/2179
f 637/1093/2180 561/1094/2181 635/1092/2182 636/1091/2183
f 277/458/2184 278/105/2185 639/104/2186 638/1095/2187
f 276/459/2188 277/458/2189 638/1095/2190
f 276/459/2191 638/1095/2192 640/1096/2193
f 640/1096/2194 110/1097/2195 276/459/2196
f 110/1097/2197 640/1096/2198 108/1098/2199
f 108/1098/2200 640/1096/2201 641/1099/2202
f 641/1099/2203 642/1100/2204 108/1098/2205
f 642/1100/2206 641/1099/2207 643/1101/2208
f 643/1101/2209 641/1099/2210 112/1102/2211
f 112/1102/2212 641/1099/2213 470/830/2214
f 470/830/2215 128/829/2216 112/1102/2217
f 288/1103/2218 280/94/2219 275/1104/2220
f 288/1103/2221 307/95/2222 280/94/2223
f 302/1105/2224 307/95/2225 288/1103/2226
f 288/1103/2227 286/1106/2228 302/1105/2229
f 303/1107/2230 302/1105/2231 286/1106/2232
f 286/1106/2233 284/1108/2234 303/1107/2235
f 304/1109/2236 303/1107/2237 284/1108/2238
f 284/1108/2239 281/1110/2240 304/1109/2241
f 300/846/2242 304/1109/2243 281/1110/2244
f 281/1110/2245 296/847/2246 300/846/2247
f 646/1111/2248 645/1112/2249 644/1113/2250 560/1114/2251
f 564/1115/2252 646/1111/2253 560/1114/2254 647/1116/2255
f 563/1117/2256 564/1115/2257 647/1116/2258 562/1118/2259
f 656/1119/2260 648/1120/2261 652/1121/2262 663/1122/2263
f 655/1123/2264 656/1119/2265 663/1122/2266 662/1124/2267
f 649/1125/2268 655/1123/2269 662/1124/2270 660/1126/2271
f 654/1127/2272 649/1125/2273 660/1126/2274 657/1128/2275
f 650/1129/2276 654/1127/2277 657/1128/2278 658/1130/2279
f 653/1131/2280 650/1129/2281 658/1130/2282 659/1132/2283
f 651/1133/2284 653/1131/2285 659/1132/2286 661/1134/2287
f 648/1135/2288 651/1133/2289 661/1134/2290 652/1136/2291
f 649/1137/2292 654/1138/2293 650/1139/2294 653/1140/2295
f 655/1141/2296 649/1137/2297 653/1140/2298 651/1142/2299
f 656/1143/2300 655/1141/2301 651/1142/2302 648/1144/2303
f 660/1145/2304 659/1146/2305 658/1147/2306 657/1148/2307
f 662/1149/2308 661/1150/2309 659/1146/2310 660/1145/2311
f 663/1151/2312 652/1152/2313 661/1150/2314 662/1149/2315
f 317/1153/2316 321/1154/2317 664/1155/2318 320/1156/2319
f 317/1153/2320 313/1157/2321 311/1158/2322 321/1154/2323
f 464/1159/2324 422/750/2325 665/1160/2326 466/1161/2327
f 459/754/2328 422/750/2329 464/1159/2330 461/1162/2331
f 677/1163/2332 679/1164/2333 670/1165/2334
f 670/1165/2335 671/1166/2336 677/1163/2337
f 675/1167/2338 677/1163/2339 671/1166/2340
f 671/1166/2341 673/1168/2342 675/1167/2343
f 419/1169/2344 495/1170/2345 497/1171/2346 499/1172/2347
f 420/1173/2348 494/1174/2349 495/1170/2350 419/1169/2351
f 505/1175/2352 504/1176/2353 494/1174/2354 420/1173/2355
f 669/1177/2356 678/1178/2357 676/1179/2358
f 676/1179/2359 668/1180/2360 669/1177/2361
f 672/1181/2362 668/1180/2363 676/1179/2364
f 676/1179/2365 674/1182/2366 672/1181/2367
f 571/1183/2368 570/1184/2369 667/1185/2370 666/1186/2371
f 573/1187/2372 571/1183/2373 666/1186/2374 138/1188/2375
f 670/1189/2376 669/1190/2377 668/1191/2378
f 668/1191/2379 671/1192/2380 670/1189/2381
f 671/1192/2382 668/1191/2383 672/1193/2384
f 672/1193/2385 673/1194/2386 671/1192/2387
f 675/1195/2388 673/1194/2389 672/1193/2390 674/1196/2391
f 675/1195/2392 674/1196/2393 676/1197/2394
f 676/1197/2395 677/1198/2396 675/1195/2397
f 677/1198/2398 676/1197/2399 678/1199/2400
f 678/1199/2401 679/1200/2402 677/1198/2403
g default
v -63.095394 2.280052 326.325073
v -63.095387 2.280047 200.252167
v 13.745568 310.561737 260.255066
v 15.988540 309.731171 263.464996
v 18.618252 313.746918 263.464996
v 16.860115 315.319153 260.255066
v 10.116391 311.907959 261.481171
v 43.934639 337.714355 260.255066
v 52.349148 347.556854 263.464996
v 14.015367 317.864258 261.481171
v 10.116390 311.907959 265.448792
v 49.986187 348.130890 260.255066
v 41.010082 340.190857 261.481201
v 14.015367 317.864258 265.448792
v 13.745567 310.561737 266.674927
v 16.860115 315.319153 266.674927
v 41.010082 340.190857 265.448822
v 46.162724 349.060516 261.481201
v 49.288704 362.375214 260.255066
v 43.391838 374.452911 263.464996
v 41.922958 372.507263 260.255066
v 45.574970 361.067108 261.481201
v 46.162724 349.060516 265.448822
v 43.934639 337.714355 266.674927
v 45.741848 336.182739 263.464996
v 49.986187 348.130890 266.674927
v 45.574970 361.067108 265.448822
v 39.546532 369.360199 261.481171
v 39.546532 369.360199 265.448822
v 49.288704 362.375214 266.674927
v 41.922958 372.507263 266.674927
v 51.584103 363.182922 263.464996
v 31.378147 376.370605 266.674927
v 30.709112 372.596161 265.448792
v 30.709112 372.596161 261.481171
v 31.378147 376.370605 260.255066
v 31.791407 378.702332 263.464996
v -5.792185 376.360443 260.255066
v -5.791195 372.588531 261.481171
v -5.791195 372.588531 265.448792
v -5.792186 376.360443 266.674927
v -5.792770 378.692169 263.464996
v 36.586147 42.141144 330.605225
v 31.825171 44.889671 330.605225
v 26.327848 44.889671 330.605225
v 39.334682 31.882843 330.605225
v 39.334682 37.380161 330.605225
v 23.902176 53.864258 324.475189
v 14.997291 48.710854 324.474945
v 21.566999 42.141144 330.605225
v 34.208961 53.864258 324.475189
v 43.134777 48.710850 324.475189
v 48.288181 39.785034 324.475189
v 18.818314 31.882845 330.605225
v 18.818314 37.380165 330.605225
v 21.566999 27.122120 330.605225
v 31.825171 24.373384 330.605225
v 36.586143 27.122120 330.605225
v 26.327848 24.373384 330.605225
v 23.923155 15.398980 324.475189
v 14.997290 20.552361 324.474945
v 32.071045 32.639004 315.723877
v 32.071045 32.639004 324.791168
v 32.274754 36.573208 315.723877
v 32.274754 36.573208 324.791168
v 28.596069 37.982906 315.723877
v 28.596067 37.982906 324.791168
v 26.118809 34.919922 315.723877
v 26.118809 34.919922 324.791168
v 28.266125 31.617159 315.723877
v 28.266123 31.617159 324.791168
v -0.384753 6.764937 322.796509
v -0.891148 3.214830 322.796509
v -2.114480 2.926260 322.796509
v -1.116986 7.484595 322.796509
v -0.384750 6.764937 318.076935
v -0.891152 3.214830 318.076935
v 31.974270 32.653732 318.076935
v 31.974270 32.653732 322.796509
v 29.523930 32.278576 322.796509
v -5.911749 184.301636 207.351471
v -4.140531 183.970169 207.763718
v 6.551801 183.970169 234.927490
v -5.911754 184.301636 319.518890
v -5.876347 175.659546 319.518890
v 4.815987 175.659546 292.355103
v 4.780580 184.301636 292.355103
v -4.140536 183.970169 319.931122
v 6.551798 183.970169 292.767609
v 7.479535 184.301636 263.435181
v 9.250753 183.970169 263.847504
v 4.780583 184.301636 234.515244
v -5.876342 175.659546 207.351471
v 7.514942 175.659546 263.435181
v -3.917123 70.450455 322.796234
v -5.103836 76.194672 322.798798
v -3.672546 76.101952 322.799286
v -2.839299 70.979027 322.796234
v -3.917122 70.450455 318.076660
v -5.103836 76.194672 318.079224
v 30.176710 37.283646 318.076660
v 30.176710 37.283646 322.796234
v 32.196266 36.578793 322.796234
v 21.566999 27.122120 338.612579
v 18.818314 31.882845 338.612579
v 18.818314 37.380165 338.612579
v 39.334682 31.882843 338.612579
v 36.586143 27.122120 338.612579
v 31.825171 24.373384 338.612579
v 26.327848 44.889671 338.612579
v 21.566999 42.141144 338.612579
v 26.327848 24.373384 338.612579
v 31.825171 44.889671 338.612579
v 36.586147 42.141144 338.612579
v 39.334682 37.380161 338.612579
v 28.266129 31.617159 210.943802
v 26.118813 34.919922 210.943802
v 28.596073 37.982906 210.943802
v 32.071049 32.639004 210.943802
v -0.891145 3.214855 203.871155
v -0.384745 6.764962 203.871155
v 31.974274 32.653732 203.871170
v 29.523935 32.278576 203.871170
v -0.891145 3.214855 208.590485
v -5.911754 86.396065 207.351471
v -5.911759 86.396065 319.518890
v 4.780576 86.396065 292.355103
v 7.479530 86.396065 263.435181
v 4.780578 86.396065 234.515244
v 21.570332 27.091133 188.054840
v 26.342333 24.362131 188.054840
v 31.839653 24.384764 188.054840
v 18.779457 37.338001 188.054840
v 18.802090 31.840679 188.054840
v 34.302437 15.420442 181.924805
v 43.185833 20.610399 181.924805
v 36.589199 27.153109 188.054840
v 15.048680 20.494576 181.924805
v 39.295570 37.422325 188.054840
v 39.318176 31.925007 188.054840
v 36.527477 42.171871 188.054840
v 26.258005 44.878246 188.054840
v 21.508511 42.110153 188.054840
v 31.755327 44.900848 188.054840
v 14.932755 48.652687 181.924805
v 34.123119 53.885082 181.924805
v 43.070011 48.768505 181.924805
v 21.570332 27.091133 196.062439
v 18.802088 31.840679 196.062439
v 18.779430 37.338001 196.062439
v 31.839653 24.384764 196.062439
v 26.342333 24.362131 196.062439
v 23.995703 15.378024 202.192230
v 9.858646 29.399233 202.192230
v 9.816204 39.705791 202.192230
v 14.932754 48.652687 202.192230
v 21.508486 42.110153 196.062439
v 23.837336 53.842922 202.192230
v 26.258003 44.878246 196.062439
v 36.527477 42.171871 196.062439
v 39.318176 31.925007 196.062439
v 36.589199 27.153109 196.062439
v 39.295570 37.422325 196.062439
v 31.755325 44.900848 196.062439
v 43.070011 48.768505 202.192474
v 48.259991 39.864029 202.192474
v 48.302410 29.557470 202.192474
v 43.185833 20.610399 202.192474
v -5.911750 272.995148 319.518890
v -5.876343 264.354065 319.518890
v 4.815991 264.354065 292.355103
v -5.911746 272.995148 207.351471
v -4.140553 272.664948 207.763718
v 6.551805 272.664948 234.927490
v 4.780586 272.995148 234.515244
v -5.876338 264.354065 207.351471
v 4.815994 264.354065 234.515244
v 7.479538 272.995148 263.435181
v 7.514946 264.354065 263.435181
v 4.780584 272.995148 292.355103
v -4.140557 272.664948 319.931122
v 6.551802 272.664948 292.767365
v 9.250757 272.664948 263.847504
v 24.457602 34.774635 201.898849
v 25.756100 37.909500 201.898849
v 32.026089 37.909500 201.898849
v 32.026089 31.639765 201.898849
v 33.324539 34.774632 201.898849
v 28.890968 39.207951 201.898849
v 28.890968 30.341063 195.383255
v 28.890968 30.341063 201.898849
v 32.026089 31.639765 195.383255
v 33.324539 34.774632 195.383255
v 32.026089 37.909500 195.383255
v 28.890968 39.207951 195.383255
v 25.756100 37.909500 195.383255
v 24.457602 34.774635 195.383255
v 25.756100 31.639765 201.898849
v 25.756100 31.639765 195.383255
v -1.116991 7.484595 318.076935
v -2.114482 2.926260 318.076935
v 29.523930 32.278576 318.076935
v -2.839299 70.979027 318.076660
v -3.672546 76.101952 318.079712
v 32.195251 36.578793 318.076660
v -3.497484 181.893204 319.859497
v -5.829636 182.094376 323.068542
v -9.603060 182.017670 321.842743
v -5.829636 181.692032 316.650208
v 26.118813 34.919922 201.876495
v 28.596073 37.982906 201.876495
v 32.274757 36.573208 201.876495
v 32.274757 36.573208 210.943802
v 32.071049 32.639004 201.876495
v 28.266129 31.617159 201.876495
v 29.523935 32.278576 208.590485
v -1.116984 7.484621 208.590485
v -1.116984 7.484621 203.871155
v -2.114477 2.926286 203.871155
v -2.114478 2.926286 208.590485
v -0.384745 6.764962 208.590485
v 31.974274 32.653732 208.590485
v 32.195255 36.578793 208.590485
v -2.839294 70.979027 208.590485
v -2.839294 70.979027 203.871155
v -3.672541 76.101952 208.587692
v 30.176716 37.283646 208.590485
v -3.917117 70.450455 203.871155
v -3.672541 76.101952 203.868118
v -5.103831 76.194672 203.868362
v -3.917118 70.450455 208.590485
v 30.176716 37.283646 203.871170
v 32.196270 36.578793 203.871170
v -5.103831 76.194672 208.587936
v 20.022099 0.220794 198.681442
v 20.022076 0.220776 185.435593
v 4.031557 9.365313 185.435593
v 4.031581 9.365313 198.681442
v 20.698196 2.786178 202.192230
v 5.899777 11.248976 202.192230
v -5.244320 25.280014 198.681427
v -2.684584 25.977091 202.192215
v -5.320164 43.700447 198.681427
v -2.754764 43.024300 202.192215
v 3.824396 59.691017 198.681442
v 5.708034 57.822849 202.192230
v 20.415295 66.407028 202.192230
v 15.048705 20.494576 202.192230
v 34.302437 15.420442 202.192230
v 54.315353 9.572320 198.681686
v 54.315353 9.572320 185.435593
v 38.421555 0.296520 185.435593
v 38.421555 0.296520 198.681442
v 52.431686 11.440516 202.192474
v 60.894459 26.238960 202.192474
v 60.824356 43.286171 202.192474
v 38.117519 69.042534 198.681686
v 38.117523 69.042534 185.435593
v 54.108093 59.898026 185.435593
v 54.108089 59.898026 198.681686
v 37.441368 66.477135 202.192474
v 52.239918 58.014359 202.192474
v 63.383915 43.983402 198.681686
v 63.459858 25.562813 198.681686
v 63.383915 43.983402 185.435593
v 63.459858 25.562813 185.435593
v 52.431686 11.440490 181.924805
v 37.724327 2.856256 181.924805
v 60.894459 26.238960 181.924805
v 60.824360 43.286171 181.924805
v 52.239922 58.014359 181.924805
v 37.441372 66.477135 181.924805
v 20.415272 66.407028 181.924805
v 48.259991 39.864029 181.924805
v 48.302410 29.557470 181.924805
v 30.198561 33.079693 190.939514
v 27.702248 33.079693 190.939514
v 27.702242 33.079693 338.028137
v 26.930849 35.453571 190.939514
v 26.930843 35.453571 338.028137
v 28.950403 36.920933 190.939514
v 28.950397 36.920933 338.028137
v 30.969706 35.453571 190.939514
v 30.969698 35.453571 338.028137
v 30.198555 33.079693 338.028137
v -3.497479 181.740051 206.886642
v -9.603055 181.845963 204.903168
v -9.603047 361.295715 208.857941
v -9.603055 181.634125 208.870132
v -5.829657 181.568848 210.095932
v -3.497471 361.506531 206.874710
v -5.829623 368.709961 211.683182
v -3.497471 370.566711 208.795715
v -5.829623 361.849426 203.665924
v -5.829648 372.420898 205.908493
v -9.603047 361.717346 204.891479
v -3.497471 375.651794 215.657516
v -5.829623 378.862335 214.598602
v -3.497475 375.611145 310.585205
v -3.497476 370.853729 317.701782
v -3.497476 361.826569 319.966187
v -5.829628 372.834930 320.514313
v -5.829628 362.227875 323.174713
v -9.603052 372.078003 319.440155
v -5.829627 378.819153 311.560059
v -9.603051 377.594879 311.187683
v -9.603047 377.635529 215.003220
v -9.603047 371.712250 207.011368
v -9.603047 369.418640 210.580063
v -9.603047 373.668030 216.311829
v -9.603051 373.627411 309.982971
v -9.603052 369.629456 315.963379
v -5.829653 372.400574 309.610596
v -5.829628 368.872528 314.888977
v -5.829623 372.441223 216.716202
v -5.829649 361.163635 210.083496
v -9.603052 362.075470 321.949158
v -9.603052 361.577637 317.983459
v -5.829628 361.425232 316.757904
v -5.244345 25.280014 185.435593
v -5.320189 43.700447 185.435593
v 3.824396 59.691017 185.435593
v 19.718090 68.966843 185.435593
v 5.708035 57.822849 181.924805
v -2.754763 43.024300 181.924805
v -2.684584 25.977091 181.924805
v 5.899778 11.249002 181.924805
v 20.698174 2.786178 181.924805
v 23.837336 53.842922 181.924805
v 9.816205 39.705791 181.924805
v 9.858647 29.399233 181.924805
v 23.995703 15.378000 181.924805
v 37.724327 2.856256 202.192230
v 4.816008 77.753967 292.355103
v 6.587201 77.599030 292.355103
v 9.286155 77.599030 263.435181
v 7.514937 77.753967 263.435181
v 6.587204 77.599030 234.515244
v 4.815986 77.753967 234.515244
v -4.105128 77.599030 207.351471
v -5.876347 77.753967 207.351471
v 6.551797 86.241127 234.515244
v -4.140535 86.241127 207.351471
v 9.250749 86.241127 263.435181
v 6.551794 86.241127 292.355103
v -4.140540 86.241127 319.518890
v -4.105133 77.599030 319.518890
v -5.876351 77.753967 319.518890
v -63.407558 0.000008 326.325073
v -3.224335 2.590726 200.252167
v -3.224335 9.932190 200.252167
v -3.224341 9.932190 326.325073
v -3.224341 2.590701 326.325073
v -1.087254 0.000008 326.325073
v -1.087251 9.796046 326.325073
v -1.087246 0.000003 200.252167
v -1.087248 9.796046 200.252167
v -63.407551 0.000003 200.252167
v 3.913468 59.794651 327.985718
v 3.913467 59.794651 341.231812
v -5.296827 43.841927 327.985718
v -5.296827 43.841927 341.231812
v -5.296828 25.421339 327.985718
v -5.296828 25.421339 341.231812
v 3.913491 9.468538 327.985718
v 3.913490 9.468538 341.231812
v 19.866213 0.258238 341.231812
v 19.866215 0.258238 327.985718
v 20.552853 2.820824 324.475189
v 5.789434 11.344481 324.474945
v -2.734247 26.107901 324.474945
v -2.734246 43.155109 324.474945
v 5.789436 57.918606 324.474945
v 9.843935 39.785038 324.474945
v 9.843935 29.478226 324.474945
v 37.579285 2.820798 324.475189
v 20.552851 2.820849 344.742615
v 23.923155 15.399005 344.742615
v 5.789410 57.918606 344.742615
v -2.734247 43.155365 344.742615
v -2.734248 26.107901 344.742615
v 5.789433 11.344505 344.742615
v 14.997289 20.552361 344.742615
v 9.843934 29.478226 344.742615
v 9.843934 39.785038 344.742615
v 14.997290 48.710854 344.742615
v -3.497492 1.960220 319.752563
v -5.829644 1.960751 322.962372
v -9.603068 1.960558 321.736298
v -9.603068 1.959882 317.768585
v -9.603060 181.768997 317.876007
v -5.829644 1.959689 316.542755
v 12.882031 23.503738 266.674927
v 12.886177 163.774368 266.674927
v 9.311883 24.532997 265.448822
v 9.214379 164.412415 265.448822
v 15.218253 163.380157 263.464996
v -1.417489 3.583816 259.646179
v -1.265231 2.399736 263.464996
v 12.882032 23.503792 260.255066
v -1.663848 5.499738 260.528931
v 9.311883 24.533051 261.481201
v -1.663849 5.499661 266.401062
v -1.417492 3.583765 267.283844
v 15.214107 22.867697 263.464996
v 12.886178 163.774368 260.255066
v 9.214379 164.412415 261.481201
v 9.116900 304.293030 261.481171
v 15.222400 303.891693 263.464996
v 6.587206 175.328323 292.767609
v 9.286159 175.328323 263.847504
v 6.587208 175.328323 234.927490
v 4.815990 175.659546 234.515244
v -4.105124 175.328323 207.763718
v -4.105129 175.328064 319.931122
v -9.603063 1.973138 208.882324
v -9.603063 1.973710 204.914841
v -5.829639 1.973877 203.688782
v -5.829631 181.911240 203.677353
v -3.497487 1.973433 206.898590
v -5.829665 1.972968 210.108383
v 38.244766 69.004944 327.985992
v 54.197491 59.794647 327.985992
v 54.197491 59.794647 341.232086
v 38.244766 69.004944 341.232086
v 37.558205 66.442337 344.742859
v 52.321701 57.918602 344.742859
v 63.408039 43.841923 341.232086
v 60.845432 43.155106 344.742859
v 63.408035 25.421335 341.232086
v 60.845428 26.107897 344.742859
v 54.197487 9.468511 341.232086
v 52.321697 11.344427 344.742859
v 38.265846 0.258217 341.232086
v 37.579285 2.820798 344.742859
v 34.208961 53.864258 344.742859
v 43.134777 48.710850 344.742859
v 48.288177 39.785034 344.742859
v 48.288177 29.478224 344.742859
v 43.134773 20.552334 344.742859
v 34.208958 15.398954 344.742859
v -4.105145 264.021332 207.763718
v 6.587212 264.021332 234.927490
v 9.286163 264.021332 263.847504
v 6.587209 264.021332 292.767365
v -4.105150 264.021332 319.931122
v 54.197487 9.468511 327.985992
v 38.265846 0.258217 327.985992
v 63.407787 25.421335 327.985992
v 63.407787 43.841923 327.985992
v 52.321697 11.344453 324.475189
v 60.845432 26.107897 324.475189
v 60.845432 43.155106 324.475189
v 52.321701 57.918602 324.475189
v 37.558205 66.442337 324.475189
v 43.134773 20.552334 324.475189
v 34.208958 15.398954 324.475189
v 48.288181 29.478224 324.475189
v 20.531876 66.442337 324.475189
v 19.845211 69.004944 327.985992
v 19.845211 69.004944 341.232086
v 20.531876 66.442337 344.742859
v 23.902176 53.864258 344.742859
v 34.123116 53.885082 202.192474
v 19.718090 68.966843 198.681442
v 12.890299 304.044098 260.255066
v 9.116900 304.293030 265.448792
v 12.890299 304.044098 266.674927
v 33.324535 34.774632 331.284180
v 32.026085 37.909500 331.284180
v 32.026085 37.909500 324.768311
v 33.324535 34.774632 324.768311
v 32.026085 31.639511 331.284180
v 32.026085 31.639511 324.768311
v 25.756094 31.639511 331.284180
v 28.890963 30.341063 331.284180
v 28.890963 30.341063 324.768311
v 25.756096 31.639511 324.768311
v 24.457596 34.774635 331.284180
v 24.457598 34.774635 324.768311
v 25.756096 37.909500 331.284180
v 25.756096 37.909500 324.768311
v 28.890963 39.207951 331.284180
v 28.890963 39.207951 324.768311
vt 0.085510 0.983887
vt 0.085510 0.547119
vt 0.329834 0.547119
vt 0.329834 0.983887
vt 0.111938 0.078613
vt 0.095764 0.078613
vt 0.095764 0.043945
vt 0.111938 0.043945
vt 0.111938 0.226074
vt 0.095764 0.226074
vt 0.127930 0.078613
vt 0.127930 0.043945
vt 0.111938 0.259766
vt 0.095764 0.259766
vt 0.127930 0.226074
vt 0.144043 0.078613
vt 0.144043 0.043945
vt 0.111938 0.304199
vt 0.095764 0.304199
vt 0.127930 0.259766
vt 0.144043 0.226074
vt 0.160156 0.078613
vt 0.160156 0.043945
vt 0.176392 0.078613
vt 0.176392 0.043945
vt 0.160156 0.226074
vt 0.144043 0.259766
vt 0.127930 0.304199
vt 0.111938 0.344727
vt 0.095764 0.344727
vt 0.144043 0.304199
vt 0.160156 0.259766
vt 0.176392 0.226074
vt 0.176392 0.259766
vt 0.160156 0.304199
vt 0.144043 0.344727
vt 0.127930 0.344727
vt 0.160156 0.344727
vt 0.176392 0.344727
vt 0.176392 0.304199
vt 0.176392 0.382324
vt 0.160156 0.382324
vt 0.144043 0.382324
vt 0.127930 0.382324
vt 0.111938 0.382324
vt 0.095764 0.382324
vt 0.111938 0.524170
vt 0.095764 0.524170
vt 0.127930 0.524170
vt 0.144043 0.524170
vt 0.160156 0.524170
vt 0.176392 0.524170
vt 0.387451 0.473633
vt 0.315185 0.401367
vt 0.315185 0.431641
vt 0.330322 0.458496
vt 0.356934 0.473633
vt 0.330322 0.375000
vt 0.299316 0.343750
vt 0.272705 0.390137
vt 0.272705 0.443359
vt 0.299316 0.489258
vt 0.345459 0.515869
vt 0.398926 0.515869
vt 0.356934 0.359375
vt 0.387451 0.359375
vt 0.398926 0.317383
vt 0.345459 0.317383
vt 0.413818 0.375000
vt 0.429199 0.431641
vt 0.413818 0.458496
vt 0.429199 0.401367
vt 0.444824 0.489258
vt 0.471680 0.443359
vt 0.471680 0.390137
vt 0.444824 0.343750
vt 0.494629 0.473145
vt 0.477051 0.527344
vt 0.448486 0.506592
vt 0.459228 0.473145
vt 0.505371 0.506592
vt 0.738281 0.371582
vt 0.717773 0.371582
vt 0.717773 0.436035
vt 0.738281 0.436035
vt 0.758301 0.371582
vt 0.758301 0.436035
vt 0.778320 0.371582
vt 0.778320 0.436035
vt 0.798340 0.371582
vt 0.798340 0.436035
vt 0.818848 0.371582
vt 0.818848 0.436035
vt 0.597656 0.706787
vt 0.597656 0.740234
vt 0.606445 0.740234
vt 0.606445 0.706787
vt 0.626953 0.740234
vt 0.626953 0.706787
vt 0.606445 0.548096
vt 0.626953 0.548096
vt 0.597656 0.548096
vt 0.547852 0.879639
vt 0.561523 0.879639
vt 0.561523 0.994869
vt 0.547852 0.994869
vt 0.547852 0.649170
vt 0.509766 0.649170
vt 0.509766 0.533935
vt 0.547852 0.533935
vt 0.561523 0.649170
vt 0.561523 0.533935
vt 0.561523 0.764404
vt 0.547852 0.764404
vt 0.509766 0.879639
vt 0.509766 0.994869
vt 0.509766 0.764404
vt 0.598144 0.954590
vt 0.598144 0.990768
vt 0.606934 0.990768
vt 0.606934 0.954590
vt 0.627441 0.990768
vt 0.627441 0.954590
vt 0.606934 0.750000
vt 0.627441 0.750000
vt 0.598144 0.750000
vt 0.636231 0.399902
vt 0.594727 0.357910
vt 0.563965 0.357910
vt 0.537598 0.373047
vt 0.522461 0.430176
vt 0.537598 0.456543
vt 0.563965 0.472168
vt 0.621094 0.456543
vt 0.621094 0.373047
vt 0.522461 0.399902
vt 0.552734 0.514160
vt 0.506348 0.487793
vt 0.479980 0.441406
vt 0.479980 0.388184
vt 0.506348 0.342285
vt 0.552734 0.315430
vt 0.605957 0.315430
vt 0.651856 0.342285
vt 0.678711 0.388184
vt 0.636231 0.430176
vt 0.678711 0.441406
vt 0.651856 0.487793
vt 0.594727 0.472168
vt 0.605957 0.514160
vt 0.459228 0.473145
vt 0.477051 0.527344
vt 0.505371 0.506592
vt 0.494629 0.473145
vt 0.448486 0.506592
vt 0.597656 0.706787
vt 0.606445 0.706787
vt 0.606445 0.740234
vt 0.597656 0.740234
vt 0.626953 0.740234
vt 0.626953 0.706787
vt 0.606445 0.548096
vt 0.626953 0.548096
vt 0.597656 0.548096
vt 0.439453 0.880493
vt 0.452881 0.880493
vt 0.452881 0.995716
vt 0.439453 0.995716
vt 0.439453 0.650147
vt 0.401123 0.650147
vt 0.401123 0.534912
vt 0.439453 0.534912
vt 0.452881 0.650147
vt 0.452881 0.534912
vt 0.452881 0.765259
vt 0.439453 0.765259
vt 0.401123 0.880493
vt 0.401123 0.995716
vt 0.401123 0.765259
vt 0.563965 0.472168
vt 0.636231 0.399902
vt 0.636231 0.430176
vt 0.621094 0.456543
vt 0.594727 0.472168
vt 0.621094 0.373047
vt 0.651856 0.342285
vt 0.678711 0.388184
vt 0.678711 0.441406
vt 0.651856 0.487793
vt 0.605957 0.514160
vt 0.552734 0.514160
vt 0.594727 0.357910
vt 0.563965 0.357910
vt 0.552734 0.315430
vt 0.605957 0.315430
vt 0.537598 0.373047
vt 0.522461 0.430176
vt 0.537598 0.456543
vt 0.522461 0.399902
vt 0.506348 0.487793
vt 0.479980 0.441406
vt 0.479980 0.388184
vt 0.506348 0.342285
vt 0.315185 0.401367
vt 0.387451 0.473633
vt 0.356934 0.473633
vt 0.330322 0.458496
vt 0.315185 0.431641
vt 0.272705 0.390137
vt 0.272705 0.443359
vt 0.299316 0.489258
vt 0.345459 0.515869
vt 0.398926 0.515869
vt 0.413818 0.458496
vt 0.444824 0.489258
vt 0.429199 0.431641
vt 0.471680 0.443359
vt 0.413818 0.375000
vt 0.356934 0.359375
vt 0.330322 0.375000
vt 0.387451 0.359375
vt 0.429199 0.401367
vt 0.471680 0.390137
vt 0.444824 0.343750
vt 0.398926 0.317383
vt 0.345459 0.317383
vt 0.299316 0.343750
vt 0.547852 0.649170
vt 0.509766 0.649170
vt 0.509766 0.533935
vt 0.547852 0.533935
vt 0.547852 0.879639
vt 0.561523 0.879639
vt 0.561523 0.994869
vt 0.547852 0.994869
vt 0.509766 0.879639
vt 0.509766 0.994869
vt 0.509766 0.764404
vt 0.547852 0.764404
vt 0.561523 0.649170
vt 0.561523 0.533935
vt 0.561523 0.764404
vt 0.456787 0.318359
vt 0.494873 0.318359
vt 0.502441 0.337402
vt 0.494873 0.356445
vt 0.475830 0.364258
vt 0.456787 0.356445
vt 0.448975 0.337402
vt 0.475830 0.310547
vt 0.876953 0.359375
vt 0.876953 0.310059
vt 0.900879 0.310059
vt 0.900879 0.359375
vt 0.853516 0.359375
vt 0.853516 0.310059
vt 0.830078 0.359375
vt 0.830078 0.310059
vt 0.806152 0.359375
vt 0.806152 0.310059
vt 0.782715 0.359375
vt 0.782715 0.310059
vt 0.759277 0.359375
vt 0.759277 0.310059
vt 0.735352 0.359375
vt 0.735352 0.310059
vt 0.711914 0.359375
vt 0.711914 0.310059
vt 0.575195 0.740234
vt 0.575195 0.706787
vt 0.566406 0.706787
vt 0.566406 0.740234
vt 0.596191 0.706787
vt 0.596191 0.740234
vt 0.575195 0.548096
vt 0.596191 0.548096
vt 0.566406 0.548096
vt 0.575195 0.990768
vt 0.575195 0.954590
vt 0.566894 0.954590
vt 0.566894 0.990768
vt 0.596191 0.954590
vt 0.596191 0.990768
vt 0.575195 0.750000
vt 0.596191 0.750000
vt 0.566894 0.750000
vt 0.456787 0.318359
vt 0.494873 0.356445
vt 0.494873 0.318359
vt 0.475830 0.310547
vt 0.448975 0.337402
vt 0.456787 0.356445
vt 0.502441 0.337402
vt 0.475830 0.364258
vt 0.921875 0.020508
vt 0.269287 0.020508
vt 0.269287 0.005859
vt 0.921875 0.005859
vt 0.921875 0.035156
vt 0.269287 0.035156
vt 0.921875 0.049805
vt 0.269287 0.049805
vt 0.921875 0.064941
vt 0.269287 0.064941
vt 0.921875 0.079590
vt 0.269287 0.079590
vt 0.798340 0.436035
vt 0.798340 0.371582
vt 0.818848 0.371582
vt 0.818848 0.436035
vt 0.778320 0.436035
vt 0.778320 0.371582
vt 0.758301 0.436035
vt 0.758301 0.371582
vt 0.738281 0.436035
vt 0.738281 0.371582
vt 0.717773 0.436035
vt 0.717773 0.371582
vt 0.596191 0.706787
vt 0.575195 0.706787
vt 0.575195 0.548096
vt 0.596191 0.548096
vt 0.575195 0.740234
vt 0.596191 0.740234
vt 0.566406 0.706787
vt 0.566406 0.740234
vt 0.566406 0.548096
vt 0.596191 0.954590
vt 0.575195 0.954590
vt 0.575195 0.750000
vt 0.596191 0.750000
vt 0.575195 0.990768
vt 0.596191 0.990768
vt 0.566894 0.954590
vt 0.566894 0.990768
vt 0.566894 0.750000
vt 0.606934 0.990768
vt 0.598144 0.990768
vt 0.598144 0.954590
vt 0.606934 0.954590
vt 0.627441 0.990768
vt 0.627441 0.954590
vt 0.606934 0.750000
vt 0.627441 0.750000
vt 0.598144 0.750000
vt 0.823242 0.824463
vt 0.757324 0.824463
vt 0.757324 0.903259
vt 0.823242 0.903259
vt 0.856445 0.824463
vt 0.856445 0.903259
vt 0.856445 0.745606
vt 0.823242 0.745606
vt 0.856445 0.666748
vt 0.823242 0.666748
vt 0.856445 0.587891
vt 0.823242 0.587891
vt 0.856445 0.509033
vt 0.823242 0.509033
vt 0.945801 0.824463
vt 0.945801 0.903259
vt 0.945801 0.745606
vt 0.945801 0.666748
vt 0.945801 0.587891
vt 0.945801 0.509033
vt 0.856445 0.587891
vt 0.945801 0.587891
vt 0.945801 0.509033
vt 0.856445 0.509033
vt 0.823242 0.509033
vt 0.757324 0.509033
vt 0.757324 0.587891
vt 0.823242 0.587891
vt 0.856445 0.666748
vt 0.945801 0.666748
vt 0.856445 0.745606
vt 0.945801 0.745606
vt 0.856445 0.824463
vt 0.945801 0.824463
vt 0.823242 0.824463
vt 0.757324 0.824463
vt 0.757324 0.903259
vt 0.823242 0.903259
vt 0.856445 0.903259
vt 0.823242 0.745606
vt 0.823242 0.666748
vt 0.757324 0.745606
vt 0.757324 0.666748
vt 0.723633 0.509033
vt 0.723633 0.587891
vt 0.723633 0.666748
vt 0.723633 0.745606
vt 0.723633 0.824463
vt 0.723633 0.903259
vt 0.757324 0.982117
vt 0.723633 0.982117
vt 0.634766 0.903259
vt 0.634766 0.982117
vt 0.634766 0.824463
vt 0.634766 0.745606
vt 0.634766 0.666748
vt 0.634766 0.587891
vt 0.634766 0.509033
vt 0.988281 0.985840
vt 0.988281 0.495606
vt 0.997070 0.495606
vt 0.997070 0.985840
vt 0.979492 0.985840
vt 0.979492 0.495606
vt 0.970215 0.985840
vt 0.970215 0.495606
vt 0.961426 0.985840
vt 0.961426 0.495606
vt 0.952637 0.985840
vt 0.952637 0.495606
vt 0.269043 0.141113
vt 0.921387 0.141113
vt 0.921387 0.155762
vt 0.269043 0.155762
vt 0.269043 0.125977
vt 0.921387 0.125977
vt 0.269043 0.111328
vt 0.921387 0.111328
vt 0.269043 0.096680
vt 0.921387 0.096680
vt 0.269043 0.082031
vt 0.921387 0.082031
vt 0.026627 0.042480
vt 0.012688 0.042480
vt 0.012688 0.008789
vt 0.026627 0.008789
vt 0.026627 0.083984
vt 0.012688 0.083984
vt 0.041565 0.042480
vt 0.041565 0.008789
vt 0.056671 0.042480
vt 0.056671 0.008789
vt 0.041565 0.083984
vt 0.026627 0.455078
vt 0.012688 0.455078
vt 0.041565 0.455078
vt 0.026627 0.496094
vt 0.012688 0.496094
vt 0.026627 0.530029
vt 0.012688 0.530029
vt 0.041565 0.530029
vt 0.041565 0.496094
vt 0.056671 0.530029
vt 0.056671 0.496094
vt 0.056671 0.083984
vt 0.056671 0.455078
vt 0.071655 0.083984
vt 0.071655 0.042480
vt 0.071655 0.455078
vt 0.071655 0.496094
vt 0.085510 0.496094
vt 0.085510 0.455078
vt 0.085510 0.083984
vt 0.085510 0.042480
vt 0.071655 0.008789
vt 0.085510 0.008789
vt 0.071655 0.530029
vt 0.085510 0.530029
vt 0.757324 0.745606
vt 0.757324 0.666748
vt 0.757324 0.587891
vt 0.757324 0.509033
vt 0.723633 0.509033
vt 0.723633 0.587891
vt 0.723633 0.666748
vt 0.723633 0.745606
vt 0.723633 0.824463
vt 0.723633 0.903259
vt 0.634766 0.509033
vt 0.634766 0.587891
vt 0.634766 0.666748
vt 0.634766 0.745606
vt 0.634766 0.824463
vt 0.634766 0.903259
vt 0.723633 0.982117
vt 0.634766 0.982117
vt 0.757324 0.982117
vt 0.823242 0.982117
vt 0.856445 0.982117
vt 0.945801 0.982117
vt 0.399902 0.765259
vt 0.386475 0.765259
vt 0.386475 0.650147
vt 0.399902 0.650147
vt 0.399902 0.880493
vt 0.386475 0.880493
vt 0.399902 0.995716
vt 0.386475 0.995716
vt 0.348389 0.995716
vt 0.348389 0.880493
vt 0.348389 0.765259
vt 0.348389 0.650147
vt 0.386475 0.534912
vt 0.348389 0.534912
vt 0.399902 0.534912
vt 0.329834 0.983887
vt 0.085510 0.983887
vt 0.085510 0.547119
vt 0.329834 0.547119
vt 0.057922 0.983887
vt 0.057922 0.547119
vt 0.013252 0.547119
vt 0.044556 0.547119
vt 0.044556 0.983887
vt 0.013252 0.983887
vt 0.057922 0.537598
vt 0.085510 0.537598
vt 0.329834 0.537598
vt 0.329834 0.994865
vt 0.085510 0.994865
vt 0.057922 0.994865
vt 0.339111 0.983887
vt 0.339111 0.547119
vt 0.757324 0.587891
vt 0.757324 0.509033
vt 0.823242 0.509033
vt 0.823242 0.587891
vt 0.757324 0.666748
vt 0.823242 0.666748
vt 0.757324 0.745606
vt 0.823242 0.745606
vt 0.757324 0.824463
vt 0.823242 0.824463
vt 0.823242 0.903259
vt 0.757324 0.903259
vt 0.856445 0.824463
vt 0.856445 0.903259
vt 0.856445 0.745606
vt 0.856445 0.666748
vt 0.856445 0.587891
vt 0.856445 0.509033
vt 0.945801 0.509033
vt 0.945801 0.587891
vt 0.945801 0.666748
vt 0.945801 0.745606
vt 0.945801 0.824463
vt 0.945801 0.903259
vt 0.856445 0.982117
vt 0.945801 0.982117
vt 0.823242 0.982117
vt 0.757324 0.982117
vt 0.723633 0.903259
vt 0.723633 0.982117
vt 0.634766 0.903259
vt 0.634766 0.982117
vt 0.723633 0.587891
vt 0.723633 0.509033
vt 0.723633 0.666748
vt 0.723633 0.745606
vt 0.723633 0.824463
vt 0.634766 0.824463
vt 0.634766 0.745606
vt 0.634766 0.666748
vt 0.634766 0.587891
vt 0.634766 0.509033
vt 0.920410 0.172852
vt 0.267822 0.172852
vt 0.267822 0.158203
vt 0.920410 0.158203
vt 0.920410 0.187500
vt 0.267822 0.187500
vt 0.920410 0.202148
vt 0.267822 0.202148
vt 0.920410 0.217285
vt 0.267822 0.217285
vt 0.920410 0.231934
vt 0.267822 0.231934
vt 0.984863 0.489258
vt 0.984863 0.009766
vt 0.999512 0.009766
vt 0.999512 0.489258
vt 0.970215 0.009766
vt 0.970215 0.489258
vt 0.955078 0.489258
vt 0.955078 0.009766
vt 0.940430 0.489258
vt 0.940430 0.009766
vt 0.925781 0.009766
vt 0.925781 0.489258
vt 0.834473 0.443359
vt 0.834473 0.372559
vt 0.849121 0.372559
vt 0.849121 0.443359
vt 0.863769 0.372559
vt 0.863769 0.443359
vt 0.878418 0.443359
vt 0.878418 0.372559
vt 0.893066 0.372559
vt 0.893066 0.443359
vt 0.908203 0.372559
vt 0.908203 0.443359
vt 0.204346 0.010742
vt 0.204346 0.522949
vt 0.189575 0.522949
vt 0.189575 0.010742
vt 0.218994 0.010742
vt 0.218994 0.522949
vt 0.233765 0.010742
vt 0.233765 0.522949
vt 0.248535 0.522949
vt 0.248535 0.010742
vt 0.263428 0.010742
vt 0.263428 0.522949
vt 0.508301 0.764404
vt 0.495117 0.764404
vt 0.495117 0.649170
vt 0.508301 0.649170
vt 0.508301 0.879639
vt 0.495117 0.879639
vt 0.508301 0.994869
vt 0.495117 0.994869
vt 0.456787 0.994869
vt 0.456787 0.879639
vt 0.456787 0.764404
vt 0.456787 0.649170
vt 0.495117 0.533935
vt 0.456787 0.533935
vt 0.508301 0.533935
vt 0.919922 0.249023
vt 0.267578 0.249023
vt 0.267578 0.234375
vt 0.919922 0.234375
vt 0.919922 0.263672
vt 0.267578 0.263672
vt 0.919922 0.278320
vt 0.267578 0.278320
vt 0.919922 0.293457
vt 0.267578 0.293457
vt 0.919922 0.308106
vt 0.267578 0.308106
vt 0.757324 0.903259
vt 0.757324 0.824463
vt 0.823242 0.824463
vt 0.823242 0.903259
vt 0.723633 0.824463
vt 0.723633 0.903259
vt 0.723633 0.745606
vt 0.757324 0.745606
vt 0.723633 0.666748
vt 0.757324 0.666748
vt 0.723633 0.587891
vt 0.757324 0.587891
vt 0.723633 0.509033
vt 0.757324 0.509033
vt 0.634766 0.824463
vt 0.634766 0.903259
vt 0.634766 0.745606
vt 0.634766 0.666748
vt 0.634766 0.587891
vt 0.634766 0.509033
vt 0.495117 0.879639
vt 0.508301 0.879639
vt 0.508301 0.994869
vt 0.495117 0.994869
vt 0.495117 0.764404
vt 0.508301 0.764404
vt 0.495117 0.649170
vt 0.508301 0.649170
vt 0.495117 0.533935
vt 0.508301 0.533935
vt 0.456787 0.649170
vt 0.456787 0.533935
vt 0.456787 0.764404
vt 0.456787 0.879639
vt 0.456787 0.994869
vt 0.823242 0.509033
vt 0.823242 0.587891
vt 0.823242 0.666748
vt 0.823242 0.745606
vt 0.856445 0.509033
vt 0.856445 0.587891
vt 0.856445 0.666748
vt 0.856445 0.745606
vt 0.856445 0.824463
vt 0.856445 0.903259
vt 0.945801 0.509033
vt 0.945801 0.587891
vt 0.945801 0.666748
vt 0.945801 0.745606
vt 0.945801 0.824463
vt 0.945801 0.903259
vt 0.856445 0.982117
vt 0.945801 0.982117
vt 0.823242 0.982117
vt 0.757324 0.982117
vt 0.723633 0.982117
vt 0.634766 0.982117
vt 0.945801 0.903259
vt 0.856445 0.982117
vt 0.945801 0.982117
vt 0.823242 0.982117
vt 0.095764 0.011719
vt 0.111938 0.011719
vt 0.127930 0.011719
vt 0.144043 0.011719
vt 0.160156 0.011719
vt 0.176392 0.011719
vt 0.853516 0.310059
vt 0.830078 0.310059
vt 0.830078 0.359375
vt 0.853516 0.359375
vt 0.876953 0.310059
vt 0.876953 0.359375
vt 0.900879 0.310059
vt 0.900879 0.359375
vt 0.735352 0.310059
vt 0.711914 0.310059
vt 0.711914 0.359375
vt 0.735352 0.359375
vt 0.759277 0.310059
vt 0.759277 0.359375
vt 0.782715 0.310059
vt 0.782715 0.359375
vt 0.806152 0.310059
vt 0.806152 0.359375
vn -0.126715 0.991428 0.031841
vn -0.126715 0.991428 -0.031841
vn -0.042997 0.998847 -0.021369
vn -0.042997 0.998847 0.021369
vn 0.164518 -0.186233 -0.968634
vn 0.666598 -0.745418 -0.000000
vn 0.944262 -0.329194 -0.000000
vn 0.163878 -0.055389 -0.984925
vn 0.266601 -0.265628 -0.926480
vn 0.705858 -0.708353 -0.000000
vn -0.560186 0.613059 -0.557091
vn -0.799872 0.288083 -0.526510
vn 0.423005 -0.091549 -0.901491
vn 0.977320 -0.211767 0.000001
vn -0.543078 0.558134 -0.627338
vn -0.560189 0.613058 0.557089
vn -0.799874 0.288084 0.526507
vn 0.414650 0.138138 -0.899435
vn 0.949088 0.315011 0.000001
vn -0.722661 0.157853 -0.672937
vn -0.543081 0.558132 0.627337
vn 0.164513 -0.186233 0.968635
vn 0.163871 -0.055387 0.984926
vn 0.266599 -0.265629 0.926481
vn -0.722658 0.157853 0.672940
vn -0.700378 -0.228805 -0.676106
vn 0.271042 0.345658 -0.898364
vn 0.616408 0.787427 -0.000000
vn -0.700377 -0.228804 0.676107
vn 0.423009 -0.091550 0.901489
vn 0.414654 0.138139 0.899433
vn -0.450668 -0.580425 0.678237
vn -0.450667 -0.580425 -0.678237
vn 0.271041 0.345657 0.898364
vn 0.083222 0.996531 0.000000
vn 0.032800 0.377860 0.925282
vn -0.056227 -0.775780 0.628494
vn -0.056226 -0.775778 -0.628496
vn 0.032801 0.377864 -0.925280
vn -0.000091 0.314090 -0.949393
vn -0.000272 1.000000 0.000000
vn 0.000175 -0.807079 -0.590443
vn 0.000175 -0.807081 0.590441
vn -0.000091 0.314086 0.949395
vn -0.262181 0.070230 -0.962460
vn 0.075688 -0.282571 -0.956256
vn -0.099753 -0.371889 -0.922902
vn -0.280054 -0.279942 -0.918261
vn -0.505002 -0.135271 -0.852453
vn 0.272253 -0.271983 -0.922986
vn 0.107704 -0.107606 -0.988343
vn 0.039445 -0.146916 -0.988362
vn -0.039358 -0.147100 -0.988338
vn -0.107704 -0.107760 -0.988326
vn -0.147228 -0.039464 -0.988315
vn -0.147227 0.039464 -0.988315
vn 0.382167 -0.102399 -0.918402
vn 0.504267 0.135119 -0.852911
vn 0.146982 0.039383 -0.988355
vn 0.146982 -0.039384 -0.988355
vn 0.191776 0.191771 -0.962521
vn -0.063106 0.235095 -0.969922
vn -0.369608 0.369460 -0.852578
vn 0.135208 0.504208 -0.852932
vn -0.107713 0.107769 -0.988324
vn -0.039381 0.147075 -0.988341
vn 0.039420 0.146977 -0.988354
vn 0.107605 0.107592 -0.988355
vn -0.340953 -0.889745 -0.303489
vn -0.247143 0.920223 -0.303497
vn 0.778065 0.505952 -0.372327
vn 0.721610 -0.583664 -0.372312
vn -0.987139 0.051165 -0.151453
vn 0.777507 -0.628875 0.000000
vn -0.357831 -0.933787 -0.000000
vn 0.838340 0.545147 -0.000000
vn -0.259377 0.965776 0.000000
vn -0.998659 0.051762 0.000000
vn -0.664047 0.715768 0.216141
vn -0.968226 0.211874 0.132848
vn 0.947771 -0.135194 0.288882
vn 0.645074 -0.720156 0.255451
vn 0.947772 -0.135192 -0.288880
vn 0.645073 -0.720157 -0.255451
vn 0.622832 -0.778495 0.077628
vn 0.622832 -0.778495 -0.077627
vn -0.582187 0.719485 0.378682
vn -0.953076 0.201415 0.226004
vn 0.958700 0.170762 -0.227454
vn 0.906743 0.224564 -0.356916
vn -0.925253 0.106129 0.364203
vn -0.946903 0.228525 -0.226165
vn -0.949204 -0.218341 -0.226581
vn -0.914775 -0.183111 -0.360078
vn -0.913787 0.188726 -0.359689
vn 0.955694 0.185864 0.228261
vn 0.908393 0.216719 0.357569
vn 0.982276 0.187439 0.000486
vn -0.976424 0.215859 -0.000521
vn -0.954000 -0.193229 0.229231
vn -0.925030 -0.108355 0.364114
vn -0.978296 -0.207210 0.000481
vn 0.714779 0.648638 0.261457
vn 0.937691 0.152353 0.312287
vn -0.958238 -0.198070 0.206274
vn -0.729216 -0.661169 0.176351
vn -0.958299 -0.197871 -0.206182
vn -0.729211 -0.661185 -0.176313
vn -0.652231 -0.670464 0.353656
vn -0.652256 -0.670487 -0.353566
vn 0.699374 0.712279 0.059447
vn 0.070130 -0.261844 0.962559
vn 0.382154 -0.102396 0.918408
vn 0.371809 0.099627 0.922948
vn 0.211466 0.211466 0.954235
vn -0.102590 0.382163 0.918383
vn -0.272474 0.272366 0.922808
vn -0.257052 0.068857 0.963941
vn -0.172289 -0.172221 0.969875
vn 0.369249 -0.368903 0.852975
vn 0.135193 0.504213 0.852932
vn -0.147232 0.039465 0.988314
vn -0.107716 0.107773 0.988323
vn -0.039391 0.147079 0.988340
vn 0.039403 0.146982 0.988354
vn 0.107593 0.107593 0.988356
vn 0.146973 0.039382 0.988356
vn 0.146974 -0.039382 0.988356
vn 0.107687 -0.107614 0.988344
vn 0.039430 -0.146927 0.988361
vn -0.135302 -0.504425 0.852789
vn -0.039360 -0.147106 0.988337
vn -0.107707 -0.107764 0.988325
vn -0.505016 -0.135275 0.852443
vn -0.147233 -0.039466 0.988314
vn 0.740838 -0.599216 0.303480
vn -0.247143 0.920224 0.303494
vn -0.926857 0.048040 0.372328
vn -0.332106 -0.866656 0.372307
vn 0.828670 0.538858 0.151457
vn -0.664047 0.715766 -0.216151
vn 0.645073 -0.720152 -0.255463
vn 0.947767 -0.135193 -0.288896
vn -0.968225 0.211875 -0.132855
vn 0.947768 -0.135192 0.288894
vn 0.645071 -0.720154 0.255464
vn 0.622834 -0.778493 -0.077631
vn 0.622833 -0.778494 0.077632
vn -0.582184 0.719478 -0.378698
vn -0.950720 0.211508 0.226707
vn 0.956769 0.180377 -0.228160
vn 0.905857 0.228655 -0.356568
vn -0.921053 0.142195 0.362549
vn -0.950720 0.211507 -0.226707
vn -0.950651 -0.211205 -0.227278
vn -0.920611 -0.145466 -0.362375
vn -0.921053 0.142194 -0.362549
vn 0.956769 0.180377 0.228160
vn 0.905857 0.228655 0.356568
vn 0.981763 0.190110 0.000000
vn -0.977252 0.212080 0.000000
vn -0.950651 -0.211205 0.227279
vn -0.920611 -0.145466 0.362376
vn -0.977241 -0.212134 0.000000
vn 0.262467 -0.069151 -0.962460
vn -0.076850 0.282259 -0.956255
vn 0.098224 0.372304 -0.922899
vn 0.278899 0.281092 -0.918261
vn 0.504442 0.137353 -0.852451
vn -0.273361 0.270854 -0.922991
vn -0.108134 0.107162 -0.988344
vn -0.040042 0.146754 -0.988362
vn 0.038753 0.147261 -0.988338
vn 0.107258 0.108200 -0.988326
vn 0.147065 0.040070 -0.988315
vn 0.147388 -0.038858 -0.988315
vn -0.382572 0.100826 -0.918408
vn -0.503694 -0.137183 -0.852920
vn -0.146811 -0.039985 -0.988356
vn -0.147134 0.038776 -0.988356
vn -0.190980 -0.192557 -0.962522
vn 0.064071 -0.234831 -0.969922
vn 0.371124 -0.367938 -0.852578
vn -0.133122 -0.504761 -0.852933
vn 0.108156 -0.107325 -0.988324
vn 0.039984 -0.146910 -0.988342
vn -0.038806 -0.147141 -0.988354
vn -0.107149 -0.108034 -0.988356
vn -0.071213 0.261538 0.962563
vn 0.283255 -0.074628 0.956137
vn 0.371817 0.101242 0.922769
vn 0.278892 0.281083 0.918266
vn 0.133223 0.504953 0.852804
vn -0.040050 0.146746 0.988363
vn 0.038751 0.147255 0.988339
vn 0.107253 0.108196 0.988327
vn 0.147058 0.040069 0.988316
vn 0.147382 -0.038856 0.988316
vn 0.273575 -0.271228 0.922818
vn 0.108152 -0.107321 0.988325
vn 0.104141 -0.381718 0.918393
vn 0.039974 -0.146907 0.988342
vn -0.190980 -0.192556 0.962522
vn -0.235423 0.062045 0.969911
vn -0.370777 0.367367 0.852975
vn -0.503693 -0.137183 0.852921
vn -0.133130 -0.504757 0.852934
vn -0.038815 -0.147139 0.988354
vn -0.107149 -0.108034 0.988356
vn -0.146810 -0.039985 0.988356
vn -0.147134 0.038776 0.988356
vn -0.108142 0.107156 0.988344
vn -0.946906 0.228513 -0.226165
vn -0.949209 -0.218321 -0.226581
vn -0.914777 -0.183103 -0.360078
vn -0.913789 0.188716 -0.359689
vn -0.953076 0.201408 0.226010
vn 0.958701 0.170748 -0.227460
vn 0.906741 0.224570 -0.356916
vn -0.925254 0.106121 0.364203
vn -0.954001 -0.193213 0.229238
vn -0.925029 -0.108365 0.364114
vn -0.978300 -0.207195 0.000484
vn -0.976426 0.215852 -0.000520
vn 0.955697 0.185848 0.228261
vn 0.908396 0.216707 0.357568
vn 0.982279 0.187426 0.000484
vn 0.598094 0.598128 0.533410
vn -0.565435 0.565441 0.600467
vn -0.753996 0.000000 0.656879
vn -0.533164 -0.533139 0.656885
vn 0.000000 -0.754009 0.656864
vn 0.565438 -0.565440 0.600465
vn 0.989014 0.000000 0.147822
vn -0.000000 0.989014 0.147824
vn 0.707106 -0.707108 0.000000
vn 0.000000 -1.000000 0.000000
vn 1.000000 0.000000 0.000000
vn 0.707087 0.707127 0.000000
vn -0.000000 1.000000 0.000000
vn -0.707103 0.707110 0.000000
vn -1.000000 0.000000 0.000000
vn -0.707123 -0.707090 0.000000
vn -0.968225 0.211875 -0.132848
vn -0.664049 0.715768 -0.216140
vn -0.582190 0.719483 -0.378681
vn 0.937720 0.152682 -0.312041
vn 0.714727 0.648673 -0.261514
vn 0.699370 0.712276 -0.059546
vn 0.533152 0.533183 -0.656860
vn -0.598130 -0.598102 -0.533400
vn -0.565438 0.565444 -0.600462
vn 0.000000 0.754004 -0.656870
vn 0.754004 -0.000000 -0.656869
vn 0.565455 -0.565455 -0.600434
vn -0.989014 0.000000 -0.147822
vn 0.000000 -0.989015 -0.147818
vn 0.998744 0.001277 0.050085
vn 1.000000 0.000001 0.000405
vn 0.309069 0.000568 -0.951039
vn 0.323457 -0.009490 -0.946195
vn 0.293857 0.012238 0.955771
vn 0.308813 -0.000562 0.951123
vn -0.784146 0.008074 0.620524
vn -0.808751 -0.000347 0.588152
vn -0.831921 -0.005438 -0.554868
vn -0.809135 0.000351 -0.587623
vn -0.998659 0.051762 0.000000
vn -0.357830 -0.933787 0.000000
vn -0.259377 0.965776 0.000000
vn 0.838341 0.545147 0.000000
vn 0.777507 -0.628875 0.000000
vn -0.664049 0.715764 0.216150
vn -0.582190 0.719475 0.378697
vn -0.968224 0.211876 0.132855
vn 0.714777 0.648635 -0.261470
vn 0.714725 0.648669 0.261528
vn 0.699370 0.712275 0.059549
vn 0.699374 0.712279 -0.059450
vn 0.937712 0.152673 0.312068
vn 0.937693 0.152348 -0.312284
vn -0.729212 -0.661181 0.176320
vn -0.958297 -0.197876 0.206183
vn -0.652254 -0.670481 0.353582
vn -0.958233 -0.198075 -0.206289
vn -0.729217 -0.661166 -0.176360
vn -0.652230 -0.670457 -0.353672
vn -0.697276 -0.703042 0.139777
vn -0.697277 -0.703042 -0.139775
vn -0.252486 -0.957452 -0.139774
vn -0.252485 -0.957452 0.139774
vn -0.228097 -0.229982 0.946087
vn -0.082545 -0.313011 0.946156
vn -0.312616 -0.085147 0.946056
vn -0.955380 -0.260213 0.139777
vn -0.313307 0.082568 0.946056
vn -0.957490 0.252339 0.139777
vn -0.229993 0.227896 0.946133
vn -0.703331 0.696985 0.139778
vn -0.085197 0.312351 0.946139
vn -0.260500 0.955303 0.139769
vn 0.229893 -0.227809 0.946178
vn 0.085169 -0.312304 0.946157
vn 0.260502 -0.955303 0.139768
vn 0.260502 -0.955303 -0.139768
vn 0.703330 -0.696986 -0.139776
vn 0.703330 -0.696986 0.139777
vn 0.312980 -0.082482 0.946171
vn 0.312294 0.085057 0.946170
vn 0.227923 0.229808 0.946171
vn 0.697276 0.703044 0.139773
vn 0.697276 0.703044 -0.139773
vn 0.252487 0.957452 -0.139774
vn 0.252487 0.957452 0.139775
vn 0.082534 0.313002 0.946159
vn 0.955381 0.260215 0.139770
vn 0.957492 -0.252335 0.139772
vn 0.955381 0.260215 -0.139770
vn 0.957492 -0.252335 -0.139772
vn 0.085175 -0.312299 -0.946158
vn 0.229900 -0.227806 -0.946177
vn 0.312980 -0.082482 -0.946171
vn 0.312293 0.085057 -0.946170
vn 0.227923 0.229808 -0.946171
vn 0.082541 0.313003 -0.946159
vn -0.260500 0.955303 -0.139769
vn -0.085190 0.312350 -0.946140
vn -0.587744 -0.809047 -0.000000
vn -0.587744 -0.809047 -0.000000
vn 0.587774 -0.809025 0.000000
vn 0.587774 -0.809025 0.000000
vn -0.951052 0.309032 -0.000000
vn -0.951052 0.309032 -0.000000
vn -0.000000 1.000000 0.000000
vn 0.000000 1.000000 0.000000
vn 0.951052 0.309031 0.000000
vn 0.951052 0.309031 0.000000
vn 1.000000 0.000001 -0.000342
vn 0.999075 0.001005 -0.042988
vn 0.321377 -0.008502 0.946913
vn 0.309072 0.000065 0.951039
vn 0.308868 -0.000061 -0.951105
vn 0.296170 0.010735 -0.955075
vn -0.808803 -0.000038 -0.588079
vn -0.787880 0.007017 -0.615788
vn -0.809136 0.000040 0.587621
vn -0.828754 -0.004927 0.559592
vn 0.981033 0.107414 -0.161360
vn 0.391622 -0.473467 0.788962
vn 0.991356 0.130775 -0.010517
vn 0.348691 -0.936430 0.038903
vn 0.258326 0.518970 -0.814824
vn -0.718712 0.374405 -0.585896
vn 0.269047 0.961548 -0.055131
vn 0.992486 0.122001 0.009373
vn 0.345892 -0.937532 -0.037321
vn 0.271970 0.960905 0.051902
vn 0.980735 0.114174 0.158503
vn 0.392868 -0.507614 -0.766800
vn 0.258027 0.551349 0.793370
vn -0.718070 0.397894 0.571013
vn -0.741542 0.669760 -0.039201
vn -0.746508 0.664371 0.036584
vn -0.867811 -0.496497 0.019873
vn -0.907057 -0.215448 0.361704
vn -0.864057 -0.503023 -0.019342
vn -0.908065 -0.230194 -0.349897
vn -0.955381 -0.260213 -0.139775
vn -0.957490 0.252339 -0.139776
vn -0.703331 0.696985 -0.139777
vn -0.229993 0.227896 -0.946133
vn -0.313305 0.082568 -0.946056
vn -0.312614 -0.085147 -0.946056
vn -0.228096 -0.229981 -0.946087
vn -0.082545 -0.313011 -0.946156
vn 0.982054 -0.188600 0.000000
vn 0.956954 -0.178581 0.228796
vn 0.956954 -0.178582 -0.228796
vn 0.905371 -0.230869 -0.356376
vn 0.905371 -0.230868 0.356376
vn 0.155272 -0.987805 0.011513
vn -0.036740 -0.999174 0.017386
vn -0.036740 -0.999174 -0.017386
vn 0.155272 -0.987805 -0.011513
vn -0.958555 0.284305 0.018541
vn -0.958555 0.284306 -0.018541
vn 0.977517 0.210330 -0.014874
vn 0.977517 0.210330 0.014874
vn -0.700455 0.699876 0.139775
vn -0.256568 0.956367 0.139770
vn -0.256567 0.956367 -0.139768
vn -0.700454 0.699875 -0.139779
vn -0.956444 0.256278 0.139774
vn -0.956443 0.256279 -0.139776
vn -0.956444 -0.256278 0.139774
vn -0.956444 -0.256278 -0.139773
vn -0.700166 -0.700165 0.139774
vn -0.700166 -0.700165 -0.139774
vn -0.256426 -0.956405 -0.139773
vn -0.256427 -0.956404 0.139771
vn -0.228857 -0.228865 -0.946174
vn -0.083821 -0.312657 -0.946161
vn -0.312637 -0.083772 -0.946171
vn -0.312637 0.083769 -0.946172
vn -0.228953 0.228752 -0.946178
vn -0.083883 0.312652 -0.946157
vn 0.083906 -0.312697 -0.946140
vn 0.256567 -0.956368 -0.139765
vn 0.256565 -0.956368 0.139766
vn -0.083840 -0.312662 0.946157
vn 0.083895 -0.312700 0.946140
vn -0.228969 0.228746 0.946176
vn -0.083897 0.312642 0.946159
vn -0.312640 0.083773 0.946170
vn -0.312641 -0.083773 0.946170
vn -0.228870 -0.228868 0.946170
vn 1.000000 0.000001 0.000121
vn 0.309033 0.000568 -0.951051
vn 0.308932 -0.000562 0.951084
vn -0.808926 -0.000347 0.587910
vn -0.809033 0.000351 -0.587763
vn 0.529471 -0.000065 0.848328
vn 0.581467 -0.029184 0.813047
vn 0.998808 -0.048719 0.002911
vn 1.000000 -0.000029 -0.000001
vn -0.910675 0.078711 0.405556
vn -0.928028 -0.000598 0.372510
vn -0.928029 -0.000598 -0.372507
vn -0.911829 0.077153 -0.403257
vn 0.529473 -0.000065 -0.848327
vn 0.582906 -0.024294 -0.812176
vn 0.795105 -0.606402 0.009246
vn 0.710651 -0.567871 -0.415328
vn -0.836118 0.502831 -0.219244
vn -0.851075 0.498957 0.163441
vn 0.745313 -0.529306 0.405393
vn 0.493522 -0.001958 -0.869731
vn 0.999985 -0.005559 -0.000001
vn -0.924263 0.006310 -0.381703
vn -0.924263 0.006310 0.381703
vn 0.493515 -0.001958 0.869735
vn 0.981196 -0.193015 -0.000522
vn 0.954737 -0.191157 0.227896
vn 0.957296 -0.174986 -0.230139
vn 0.903230 -0.240355 -0.355534
vn 0.906237 -0.226906 0.356719
vn -0.809120 0.000040 0.587644
vn 0.309064 0.000065 0.951041
vn -0.808861 -0.000038 -0.588000
vn 0.308909 -0.000061 -0.951092
vn 1.000000 0.000001 -0.000262
vn 0.256425 0.956405 0.139772
vn 0.700163 0.700168 0.139771
vn 0.700163 0.700168 -0.139775
vn 0.256425 0.956405 -0.139772
vn 0.229042 0.229040 0.946087
vn 0.083835 0.312669 0.946155
vn 0.312960 0.083857 0.946057
vn 0.956444 0.256283 0.139764
vn 0.312961 -0.083860 0.946057
vn 0.956445 -0.256281 0.139761
vn 0.229052 -0.228840 0.946133
vn 0.700456 -0.699876 0.139768
vn 0.957296 -0.174980 -0.230146
vn 0.903231 -0.240351 -0.355535
vn 0.981197 -0.193009 -0.000524
vn 0.954738 -0.191148 0.227897
vn 0.906240 -0.226891 0.356719
vn 0.700456 -0.699875 -0.139771
vn 0.956443 -0.256281 -0.139774
vn 0.956442 0.256284 -0.139776
vn 0.229057 -0.228842 -0.946131
vn 0.312969 -0.083860 -0.946054
vn 0.312967 0.083857 -0.946055
vn 0.229043 0.229042 -0.946086
vn 0.083835 0.312671 -0.946155
vn 0.707087 0.707127 0.000000
vn 1.000000 -0.000000 0.000000
vn 0.707107 -0.707106 0.000000
vn 0.000000 -1.000000 0.000000
vn -0.707124 -0.707090 -0.000000
vn -1.000000 0.000000 -0.000000
vn -0.707103 0.707111 -0.000000
vn 0.000000 1.000000 0.000000
s 1
g dolly1
usemtl blinn3SG
f 1032/1201/2404 1029/1202/2405 681/1203/2406 680/1204/2407
s 2
f 685/1205/2408 684/1206/2409 683/1207/2410 682/1208/2411
f 687/1209/2412 704/1210/2413 684/1206/2409 685/1205/2408
f 689/1211/2414 685/1205/2408 682/1208/2411 686/1212/2415
f 691/1213/2416 688/1214/2417 704/1210/2413 687/1209/2412
f 692/1215/2418 687/1209/2412 685/1205/2408 689/1211/2414
f 693/1216/2419 689/1211/2414 686/1212/2415 690/1217/2420
f 698/1218/2421 711/1219/2422 688/1214/2417 691/1213/2416
f 697/1220/2423 691/1213/2416 687/1209/2412 692/1215/2418
f 696/1221/2424 692/1215/2418 689/1211/2414 693/1216/2419
f 695/1222/2425 693/1216/2419 690/1217/2420 694/1223/2426
f 684/1224/2409 695/1222/2425 694/1223/2426 683/1225/2410
f 703/1226/2427 696/1221/2424 693/1216/2419 695/1222/2425
f 702/1227/2428 697/1220/2423 692/1215/2418 696/1221/2424
f 701/1228/2429 698/1218/2421 691/1213/2416 697/1220/2423
f 700/1229/2430 699/1230/2431 711/1219/2422 698/1218/2421
f 706/1231/2432 701/1228/2429 697/1220/2423 702/1227/2428
f 705/1232/2433 702/1227/2428 696/1221/2424 703/1226/2427
f 704/1233/2413 703/1226/2427 695/1222/2425 684/1224/2409
f 688/1234/2417 705/1232/2433 703/1226/2427 704/1233/2413
f 709/1235/2434 706/1231/2432 702/1227/2428 705/1232/2433
f 708/1236/2435 707/1237/2436 701/1228/2429 706/1231/2432
f 710/1238/2437 708/1236/2435 706/1231/2432 709/1235/2434
f 699/1239/2431 710/1238/2437 709/1235/2434 711/1240/2422
f 711/1240/2422 709/1235/2434 705/1232/2433 688/1234/2417
f 710/1238/2437 699/1239/2431 716/1241/2438 712/1242/2439
f 708/1236/2435 710/1238/2437 712/1242/2439 713/1243/2440
f 707/1237/2436 708/1236/2435 713/1243/2440 714/1244/2441
f 700/1229/2430 707/1237/2436 714/1244/2441 715/1245/2442
f 698/1218/2421 701/1228/2429 707/1237/2436 700/1229/2430
f 715/1245/2442 716/1246/2438 699/1230/2431 700/1229/2430
f 717/1247/2443 721/1248/2444 716/1246/2438 715/1245/2442
f 718/1249/2445 717/1247/2443 715/1245/2442 714/1244/2441
f 719/1250/2446 718/1249/2445 714/1244/2441 713/1243/2440
f 720/1251/2447 719/1250/2446 713/1243/2440 712/1242/2439
f 721/1252/2444 720/1251/2447 712/1242/2439 716/1241/2438
s 3
f 725/1253/2448 724/1254/2449 723/1255/2450 722/1256/2451
f 725/1253/2448 722/1256/2451 726/1257/2452
f 724/1254/2449 729/1258/2453 728/1259/2454 727/1260/2455
f 723/1255/2450 724/1254/2449 727/1260/2455 730/1261/2456
f 722/1256/2451 723/1255/2450 730/1261/2456 731/1262/2457
f 726/1257/2452 722/1256/2451 731/1262/2457 732/1263/2458
f 725/1253/2448 726/1257/2452 732/1263/2458 1137/1264/2459
f 734/1265/2460 733/1266/2461 1054/1267/2462 1053/1268/2463
f 729/1258/2453 734/1265/2460 1053/1268/2463 728/1259/2454
f 735/1269/2464 734/1265/2460 729/1258/2453 724/1254/2449
f 725/1253/2448 736/1270/2465 735/1269/2464 724/1254/2449
f 725/1253/2448 737/1271/2466 736/1270/2465
f 735/1269/2464 733/1266/2461 734/1265/2460
f 736/1270/2465 738/1272/2467 735/1269/2464
f 737/1271/2466 725/1253/2448 1137/1264/2459 1135/1273/2468
f 736/1270/2465 737/1271/2466 1135/1273/2468 1136/1274/2469
f 738/1272/2467 736/1270/2465 1136/1274/2469 739/1275/2470
f 735/1269/2464 738/1272/2467 739/1275/2470 740/1276/2471
f 733/1266/2461 735/1269/2464 740/1276/2471 1054/1267/2462
s 6
f 749/1277/2472 745/1278/2473 743/1279/2474 741/1280/2475
f 745/1278/2473 749/1277/2472 747/1281/2476
f 742/1282/2477 750/1283/2478 749/1284/2472 741/1285/2475
f 744/1286/2479 742/1282/2477 741/1285/2475 743/1287/2474
f 746/1288/2480 744/1286/2479 743/1287/2474 745/1289/2473
f 748/1290/2481 746/1288/2480 745/1289/2473 747/1291/2476
f 750/1292/2478 748/1290/2481 747/1291/2476 749/1293/2472
s 7
f 754/1294/2482 753/1295/2483 752/1296/2484 751/1297/2485
f 751/1297/2485 752/1296/2484 756/1298/2486 755/1299/2487
f 758/1300/2488 751/1297/2485 755/1299/2487 757/1301/2489
f 759/1302/2490 754/1294/2482 751/1297/2485 758/1300/2488
s 8
f 771/1303/2491 762/1304/2492 761/1305/2493 760/1306/2494
f 766/1307/2495 765/1308/2496 764/1309/2497 763/1310/2498
f 768/1311/2499 766/1307/2495 763/1310/2498 767/1312/2500
f 770/1313/2501 769/1314/2502 766/1307/2495 768/1311/2499
f 762/1304/2492 771/1303/2491 769/1314/2502 770/1313/2501
f 1092/1315/2503 771/1303/2491 760/1306/2494 772/1316/2504
f 773/1317/2505 769/1314/2502 771/1303/2491 1092/1315/2503
f 765/1308/2496 766/1307/2495 769/1314/2502 773/1317/2505
s 10
f 777/1318/2506 776/1319/2507 775/1320/2508 774/1321/2509
f 774/1321/2509 775/1320/2508 779/1322/2510 778/1323/2511
f 781/1324/2512 774/1321/2509 778/1323/2511 780/1325/2513
f 782/1326/2514 777/1318/2506 774/1321/2509 781/1324/2512
s 3
f 789/1327/2515 785/1328/2516 784/1329/2517 783/1330/2518
f 783/1330/2518 788/1331/2519 787/1332/2520 786/1333/2521
f 786/1333/2521 793/1334/2522 789/1327/2515 783/1330/2518
f 789/1327/2515 790/1335/2523 785/1328/2516
f 788/1331/2519 783/1330/2518 791/1336/2524
f 1118/1337/2525 786/1333/2521 787/1332/2520 1119/1338/2526
f 788/1331/2519 1120/1339/2527 1119/1338/2526 787/1332/2520
f 791/1336/2524 1057/1340/2528 1120/1339/2527 788/1331/2519
f 783/1330/2518 1062/1341/2529 1057/1340/2528 791/1336/2524
f 784/1329/2517 1063/1342/2530 1062/1341/2529 783/1330/2518
f 785/1328/2516 1064/1343/2531 1063/1342/2530 784/1329/2517
f 790/1335/2523 1065/1344/2532 1064/1343/2531 785/1328/2516
f 789/1327/2515 1142/1345/2533 1065/1344/2532 790/1335/2523
f 792/1346/2534 1115/1347/2535 1142/1345/2533 789/1327/2515
f 793/1334/2522 1116/1348/2536 1115/1347/2535 792/1346/2534
f 794/1349/2537 1117/1350/2538 1116/1348/2536 793/1334/2522
f 786/1333/2521 794/1349/2537 793/1334/2522
f 793/1334/2522 792/1346/2534 789/1327/2515
f 786/1333/2521 1118/1337/2525 1117/1350/2538 794/1349/2537
s 13
f 798/1351/2539 797/1352/2540 796/1353/2541 795/1354/2542
f 797/1352/2540 798/1351/2539 892/1355/2543
s 14
f 897/1356/2544 800/1357/2545 799/1358/2546 898/1359/2547
f 803/1360/2548 799/1358/2546 800/1357/2545 900/1361/2549
f 801/1362/2550 901/1363/2551 900/1361/2549 800/1357/2545
f 802/1364/2552 801/1362/2550 800/1357/2545 897/1356/2544
s 15
f 808/1365/2553 1021/1366/2554 1022/1367/2555 804/1368/2556
f 806/1369/2557 1013/1370/2558 1027/1371/2559 805/1372/2560
f 1024/1373/2561 806/1369/2557 805/1372/2560 1025/1374/2562
f 1023/1375/2563 807/1376/2564 806/1369/2557 1024/1373/2561
f 1021/1366/2554 808/1365/2553 807/1376/2564 1023/1375/2563
f 1018/1377/2565 808/1365/2553 804/1368/2556 1020/1378/2566
f 1016/1379/2567 807/1376/2564 808/1365/2553 1018/1377/2565
f 1013/1370/2558 806/1369/2557 807/1376/2564 1016/1379/2567
s 17
f 812/1380/2568 811/1381/2569 810/1382/2570 809/1383/2571
f 812/1380/2568 809/1383/2571 813/1384/2572
f 811/1381/2569 816/1385/2573 815/1386/2574 814/1387/2575
f 810/1382/2570 811/1381/2569 814/1387/2575 1011/1388/2576
f 809/1383/2571 810/1382/2570 1011/1388/2576 817/1389/2577
f 813/1384/2572 809/1383/2571 817/1389/2577 1010/1390/2578
f 812/1380/2568 813/1384/2572 1010/1390/2578 1009/1391/2579
f 819/1392/2580 818/1393/2581 953/1394/2582 954/1395/2583
f 816/1385/2573 819/1392/2580 954/1395/2583 815/1386/2574
f 820/1396/2584 819/1392/2580 816/1385/2573 811/1381/2569
f 812/1380/2568 821/1397/2585 820/1396/2584 811/1381/2569
f 812/1380/2568 822/1398/2586 821/1397/2585
f 820/1396/2584 818/1393/2581 819/1392/2580
f 821/1397/2585 823/1399/2587 820/1396/2584
f 822/1398/2586 812/1380/2568 1009/1391/2579 824/1400/2588
f 821/1397/2585 822/1398/2586 824/1400/2588 1008/1401/2589
f 823/1399/2587 821/1397/2585 1008/1401/2589 825/1402/2590
f 820/1396/2584 823/1399/2587 825/1402/2590 826/1403/2591
f 818/1393/2581 820/1396/2584 826/1403/2591 953/1394/2582
f 830/1404/2592 829/1405/2593 828/1406/2594 827/1407/2595
f 827/1407/2595 831/1408/2596 830/1404/2592
f 928/1409/2597 830/1404/2592 831/1408/2596 832/1410/2598
f 827/1407/2595 927/1411/2599 832/1410/2598 831/1408/2596
f 828/1406/2594 833/1412/2600 927/1411/2599 827/1407/2595
f 829/1405/2593 834/1413/2601 833/1412/2600 828/1406/2594
f 836/1414/2602 835/1415/2603 834/1413/2601 829/1405/2593
f 838/1416/2604 837/1417/2605 835/1415/2603 836/1414/2602
f 839/1418/2606 838/1416/2604 836/1414/2602 829/1405/2593
f 829/1405/2593 830/1404/2592 840/1419/2607 839/1418/2606
f 830/1404/2592 841/1420/2608 840/1419/2607
f 840/1419/2607 842/1421/2609 839/1418/2606
f 838/1416/2604 839/1418/2606 843/1422/2610
f 843/1422/2610 1143/1423/2611 837/1417/2605 838/1416/2604
f 839/1418/2606 844/1424/2612 1143/1423/2611 843/1422/2610
f 842/1421/2609 845/1425/2613 844/1424/2612 839/1418/2606
f 840/1419/2607 846/1426/2614 845/1425/2613 842/1421/2609
f 841/1420/2608 847/1427/2615 846/1426/2614 840/1419/2607
f 830/1404/2592 928/1409/2597 847/1427/2615 841/1420/2608
s 21
f 859/1428/2616 850/1429/2617 849/1430/2618 848/1431/2619
f 854/1432/2620 853/1433/2621 852/1434/2622 851/1435/2623
f 856/1436/2624 854/1432/2620 851/1435/2623 855/1437/2625
f 858/1438/2626 857/1439/2627 854/1432/2620 856/1436/2624
f 850/1429/2617 859/1428/2616 857/1439/2627 858/1438/2626
f 861/1440/2628 859/1428/2616 848/1431/2619 860/1441/2629
f 862/1442/2630 857/1439/2627 859/1428/2616 861/1440/2628
f 853/1433/2621 854/1432/2620 857/1439/2627 862/1442/2630
s 23
f 865/1443/2631 864/1444/2632 863/1445/2633 877/1446/2634
f 877/1446/2634 870/1447/2635 866/1448/2636 865/1443/2631
f 866/1448/2636 867/1449/2637 865/1443/2631
f 864/1444/2632 865/1443/2631 868/1450/2638
f 871/1451/2639 866/1452/2636 870/1453/2635 869/1454/2640
f 872/1455/2641 867/1456/2637 866/1452/2636 871/1451/2639
f 873/1457/2642 865/1458/2631 867/1456/2637 872/1455/2641
f 874/1459/2643 868/1460/2638 865/1458/2631 873/1457/2642
f 875/1461/2644 864/1462/2632 868/1460/2638 874/1459/2643
f 876/1463/2645 863/1464/2633 864/1462/2632 875/1461/2644
f 878/1465/2646 877/1466/2634 863/1464/2633 876/1463/2645
f 869/1467/2640 870/1468/2635 877/1466/2634 878/1465/2646
s 7
f 880/1469/2647 879/1470/2648 755/1471/2487 756/1472/2486
f 754/1473/2482 879/1470/2648 880/1469/2647 753/1474/2483
f 881/1475/2649 879/1470/2648 754/1473/2482 759/1476/2490
f 757/1477/2489 755/1471/2487 879/1470/2648 881/1475/2649
s 10
f 883/1478/2650 882/1479/2651 778/1480/2511 779/1481/2510
f 777/1482/2506 882/1479/2651 883/1478/2650 776/1483/2507
f 884/1484/2652 882/1479/2651 777/1482/2506 782/1485/2514
f 780/1486/2513 778/1480/2511 882/1479/2651 884/1484/2652
s 24
f 1150/1487/2653 1157/1488/2654 1161/1489/2655 1163/1490/2656
f 1157/1488/2654 1150/1487/2653 1151/1491/2657 1153/1492/2658
f 1157/1488/2654 1159/1493/2659 1161/1489/2655
f 1153/1492/2658 1156/1494/2660 1157/1488/2654
s 25
f 980/1495/2661 885/1496/2662 888/1497/2663 998/1498/2664
f 982/1499/2665 886/1500/2666 885/1496/2662 980/1495/2661
f 996/1501/2667 887/1502/2668 886/1500/2666 982/1499/2665
f 997/1503/2669 1070/1504/2670 887/1502/2668 996/1501/2667
f 998/1505/2664 888/1506/2663 1070/1504/2670 997/1503/2669
s 13
f 796/1507/2541 889/1508/2671 894/1509/2672 795/1510/2542
f 797/1511/2540 890/1512/2673 889/1508/2671 796/1507/2541
f 892/1513/2543 891/1514/2674 890/1512/2673 797/1511/2540
f 798/1515/2539 893/1516/2675 891/1514/2674 892/1513/2543
f 795/1517/2542 894/1518/2672 893/1516/2675 798/1515/2539
s 14
f 897/1519/2544 896/1520/2676 895/1521/2677 802/1522/2552
f 899/1523/2678 896/1520/2676 897/1519/2544 898/1524/2547
f 900/1525/2549 896/1520/2676 899/1523/2678 803/1526/2548
f 901/1527/2551 895/1521/2677 896/1520/2676 900/1525/2549
s 26
f 904/1528/2679 903/1529/2680 902/1530/2681 912/1531/2682
f 905/1532/2683 903/1529/2680 904/1528/2679 908/1533/2684
f 910/1534/2685 903/1529/2680 905/1532/2683 913/1535/2686
f 906/1536/2687 902/1530/2681 903/1529/2680 910/1534/2685
f 909/1537/2688 908/1538/2684 904/1539/2679 907/1540/2689
f 913/1541/2686 909/1537/2688 907/1540/2689 910/1542/2685
f 911/1543/2690 906/1544/2687 910/1542/2685 907/1540/2689
f 912/1545/2682 911/1543/2690 907/1540/2689 904/1539/2679
s 17
f 917/1546/2691 916/1547/2692 915/1548/2693 914/1549/2694
f 919/1550/2695 917/1546/2691 914/1549/2694 918/1551/2696
f 921/1552/2697 920/1553/2698 917/1546/2691 919/1550/2695
f 923/1554/2699 922/1555/2700 920/1553/2698 921/1552/2697
f 925/1556/2701 924/1557/2702 922/1555/2700 923/1554/2699
f 926/1558/2703 1144/1559/2704 924/1557/2702 925/1556/2701
f 927/1560/2599 919/1550/2695 918/1551/2696 832/1561/2598
f 833/1562/2600 921/1552/2697 919/1550/2695 927/1560/2599
f 834/1563/2601 923/1554/2699 921/1552/2697 833/1562/2600
f 835/1564/2603 925/1556/2701 923/1554/2699 834/1563/2601
f 837/1565/2605 926/1558/2703 925/1556/2701 835/1564/2603
f 933/1566/2705 847/1567/2615 928/1568/2597 1012/1569/2706
f 932/1570/2707 931/1571/2708 930/1572/2709 929/1573/2710
f 1012/1569/2706 932/1570/2707 929/1573/2710 933/1566/2705
f 934/1574/2711 846/1575/2614 847/1567/2615 933/1566/2705
f 935/1576/2712 845/1577/2613 846/1575/2614 934/1574/2711
f 941/1578/2713 844/1579/2612 845/1577/2613 935/1576/2712
f 939/1580/2714 938/1581/2715 937/1582/2716 936/1583/2717
f 941/1578/2713 939/1580/2714 936/1583/2717 940/1584/2718
f 935/1576/2712 942/1585/2719 939/1580/2714 941/1578/2713
f 934/1574/2711 943/1586/2720 942/1585/2719 935/1576/2712
f 933/1566/2705 929/1573/2710 943/1586/2720 934/1574/2711
f 942/1585/2719 944/1587/2721 938/1581/2715 939/1580/2714
f 943/1586/2720 945/1588/2722 944/1587/2721 942/1585/2719
f 929/1573/2710 930/1572/2709 945/1588/2722 943/1586/2720
f 930/1572/2709 931/1571/2708 947/1589/2723 946/1590/2724
f 945/1588/2722 930/1572/2709 946/1590/2724 948/1591/2725
f 944/1587/2721 945/1588/2722 948/1591/2725 949/1592/2726
f 938/1581/2715 944/1587/2721 949/1592/2726 950/1593/2727
f 937/1582/2716 938/1581/2715 950/1593/2727 951/1594/2728
f 1002/1595/2729 937/1582/2716 951/1594/2728 952/1596/2730
f 825/1597/2590 1008/1598/2589 952/1596/2730 951/1594/2728
f 826/1599/2591 825/1597/2590 951/1594/2728 950/1593/2727
f 953/1600/2582 826/1599/2591 950/1593/2727 949/1592/2726
f 954/1601/2583 953/1600/2582 949/1592/2726 948/1591/2725
f 815/1602/2574 954/1601/2583 948/1591/2725 946/1590/2724
f 814/1603/2575 815/1602/2574 946/1590/2724 947/1589/2723
s 29
f 957/1604/2731 956/1605/2732 955/1606/2733 964/1607/2734
f 959/1608/2735 958/1609/2736 956/1605/2732 957/1604/2731
f 961/1610/2737 960/1611/2738 958/1609/2736 959/1608/2735
f 963/1612/2739 962/1613/2740 960/1611/2738 961/1610/2737
f 964/1614/2734 955/1615/2733 962/1613/2740 963/1612/2739
s 25
f 965/1616/2741 970/1617/2742 995/1618/2743 969/1619/2744
f 1098/1620/2745 973/1621/2746 970/1617/2742 965/1616/2741
f 966/1622/2747 975/1623/2748 973/1621/2746 1098/1620/2745
f 968/1624/2749 967/1625/2750 975/1623/2748 966/1622/2747
f 969/1626/2744 995/1627/2743 967/1625/2750 968/1624/2749
f 972/1628/2751 971/1629/2752 995/1630/2743 970/1631/2742
f 976/1632/2753 994/1633/2754 971/1629/2752 972/1628/2751
f 974/1634/2755 972/1628/2751 970/1631/2742 973/1635/2746
f 987/1636/2756 974/1634/2755 973/1635/2746 975/1637/2748
f 977/1638/2757 976/1632/2753 972/1628/2751 974/1634/2755
f 978/1639/2758 992/1640/2759 994/1633/2754 976/1632/2753
f 984/1641/2760 978/1639/2758 976/1632/2753 977/1638/2757
f 979/1642/2761 993/1643/2762 992/1640/2759 978/1639/2758
f 980/1644/2661 998/1645/2664 993/1643/2762 979/1642/2761
f 982/1646/2665 980/1644/2661 979/1642/2761 981/1647/2763
f 996/1648/2667 982/1646/2665 981/1647/2763 983/1649/2764
f 977/1638/2757 986/1650/2765 985/1651/2766 984/1641/2760
f 983/1649/2764 981/1647/2763 984/1641/2760 985/1651/2766
f 978/1639/2758 984/1641/2760 981/1647/2763 979/1642/2761
f 974/1634/2755 987/1636/2756 986/1650/2765 977/1638/2757
f 989/1652/2767 986/1650/2765 987/1636/2756 988/1653/2768
f 990/1654/2769 985/1651/2766 986/1650/2765 989/1652/2767
f 991/1655/2770 983/1649/2764 985/1651/2766 990/1654/2769
f 993/1656/2762 991/1655/2770 990/1654/2769 992/1657/2759
f 989/1652/2767 994/1658/2754 992/1657/2759 990/1654/2769
f 988/1653/2768 971/1659/2752 994/1658/2754 989/1652/2767
f 967/1660/2750 995/1661/2743 971/1659/2752 988/1653/2768
f 975/1637/2748 967/1660/2750 988/1653/2768 987/1636/2756
f 997/1662/2669 996/1648/2667 983/1649/2764 991/1655/2770
f 998/1663/2664 997/1662/2669 991/1655/2770 993/1656/2762
s 17
f 920/1553/2698 999/1664/2771 916/1547/2692 917/1546/2691
f 922/1555/2700 1000/1665/2772 999/1664/2771 920/1553/2698
f 924/1557/2702 1001/1666/2773 1000/1665/2772 922/1555/2700
f 1144/1559/2704 1002/1667/2729 1001/1666/2773 924/1557/2702
f 1001/1666/2773 1002/1667/2729 952/1668/2730 1003/1669/2774
f 1000/1665/2772 1001/1666/2773 1003/1669/2774 1004/1670/2775
f 999/1664/2771 1000/1665/2772 1004/1670/2775 1005/1671/2776
f 916/1547/2692 999/1664/2771 1005/1671/2776 1006/1672/2777
f 915/1548/2693 916/1547/2692 1006/1672/2777 1007/1673/2778
f 1003/1669/2774 952/1668/2730 1008/1674/2589 824/1675/2588
f 1004/1670/2775 1003/1669/2774 824/1675/2588 1009/1676/2579
f 1005/1671/2776 1004/1670/2775 1009/1676/2579 1010/1677/2578
f 1006/1672/2777 1005/1671/2776 1010/1677/2578 817/1678/2577
f 1007/1673/2778 1006/1672/2777 817/1678/2577 1011/1679/2576
f 947/1680/2723 1007/1673/2778 1011/1679/2576 814/1681/2575
f 931/1682/2708 915/1548/2693 1007/1673/2778 947/1680/2723
f 914/1549/2694 915/1548/2693 931/1682/2708 932/1683/2707
f 918/1551/2696 914/1549/2694 932/1683/2707 1012/1684/2706
f 832/1561/2598 918/1551/2696 1012/1684/2706 928/1685/2597
s 15
f 1016/1686/2567 1015/1687/2779 1014/1688/2780 1013/1689/2558
f 1018/1690/2565 1017/1691/2781 1015/1687/2779 1016/1686/2567
f 1020/1692/2566 1019/1693/2782 1017/1691/2781 1018/1690/2565
f 1017/1691/2781 1019/1693/2782 1022/1694/2555 1021/1695/2554
f 1015/1687/2779 1017/1691/2781 1021/1695/2554 1023/1696/2563
f 1014/1688/2780 1015/1687/2779 1023/1696/2563 1024/1697/2561
f 1026/1698/2783 1014/1688/2780 1024/1697/2561 1025/1699/2562
f 1013/1689/2558 1014/1688/2780 1026/1698/2783 1027/1700/2559
s 1
f 1033/1701/2784 1028/1702/2785 1037/1703/2786 1035/1704/2787
f 1032/1201/2404 1031/1705/2788 1030/1706/2789 1029/1202/2405
f 1035/1707/2787 1036/1708/2790 1034/1709/2791 1033/1710/2784
f 1029/1202/2405 1030/1706/2789 1036/1711/2790 1035/1712/2787
f 681/1203/2406 1029/1202/2405 1035/1712/2787 1037/1713/2786
f 1036/1708/2790 1030/1706/2789 1031/1705/2788 1034/1709/2791
f 1032/1201/2404 680/1204/2407 1028/1714/2785 1033/1715/2784
f 1031/1705/2788 1032/1201/2404 1033/1715/2784 1034/1716/2791
f 1028/1717/2785 680/1204/2407 681/1203/2406 1037/1718/2786
s 3
f 1039/1719/2792 1140/1720/2793 1139/1721/2794 1038/1722/2795
f 1041/1723/2796 1039/1719/2792 1038/1722/2795 1040/1724/2797
f 1043/1725/2798 1041/1723/2796 1040/1724/2797 1042/1726/2799
f 1045/1727/2800 1043/1725/2798 1042/1726/2799 1044/1728/2801
f 1044/1728/2801 1047/1729/2802 1046/1730/2803 1045/1727/2800
f 1049/1731/2804 1048/1732/2805 1047/1729/2802 1044/1728/2801
f 1050/1733/2806 1049/1731/2804 1044/1728/2801 1042/1726/2799
f 1051/1734/2807 1050/1733/2806 1042/1726/2799 1040/1724/2797
f 1052/1735/2808 1051/1734/2807 1040/1724/2797 1038/1722/2795
f 1138/1736/2809 1052/1735/2808 1038/1722/2795 1139/1721/2794
f 1052/1735/2808 1138/1736/2809 727/1737/2455 728/1738/2454
f 1051/1734/2807 1052/1735/2808 728/1738/2454 1053/1739/2463
f 1050/1733/2806 1051/1734/2807 1053/1739/2463 1054/1740/2462
f 1049/1731/2804 1050/1733/2806 1054/1740/2462 740/1741/2471
f 1048/1732/2805 1049/1731/2804 740/1741/2471 739/1742/2470
f 1055/1743/2810 1048/1732/2805 739/1742/2470 1136/1744/2469
f 1127/1745/2811 1047/1729/2802 1048/1732/2805 1055/1743/2810
f 1113/1746/2812 1046/1730/2803 1047/1729/2802 1127/1745/2811
f 1056/1747/2813 1046/1730/2803 1113/1746/2812 1114/1748/2814
f 1057/1749/2528 1056/1747/2813 1114/1748/2814 1120/1750/2527
f 1039/1719/2792 1058/1751/2815 1141/1752/2816 1140/1720/2793
f 1041/1723/2796 1059/1753/2817 1058/1751/2815 1039/1719/2792
f 1043/1725/2798 1060/1754/2818 1059/1753/2817 1041/1723/2796
f 1045/1727/2800 1061/1755/2819 1060/1754/2818 1043/1725/2798
f 1046/1730/2803 1056/1747/2813 1061/1755/2819 1045/1727/2800
f 1062/1756/2529 1061/1755/2819 1056/1747/2813 1057/1749/2528
f 1063/1757/2530 1060/1754/2818 1061/1755/2819 1062/1756/2529
f 1064/1758/2531 1059/1753/2817 1060/1754/2818 1063/1757/2530
f 1065/1759/2532 1058/1751/2815 1059/1753/2817 1064/1758/2531
f 1142/1760/2533 1141/1752/2816 1058/1751/2815 1065/1759/2532
s 25
f 885/1761/2662 1066/1762/2820 1071/1763/2821 888/1764/2663
f 886/1765/2666 1067/1766/2822 1066/1762/2820 885/1761/2662
f 887/1767/2668 1068/1768/2823 1067/1766/2822 886/1765/2666
f 1070/1769/2670 1069/1770/2824 1068/1768/2823 887/1767/2668
f 888/1771/2663 1071/1772/2821 1069/1770/2824 1070/1769/2670
s 2
f 1073/1773/2825 1072/1774/2826 1084/1775/2827 1076/1776/2828
f 1074/1777/2829 1072/1774/2826 1073/1773/2825
f 1073/1773/2825 1075/1778/2830 1074/1777/2829
f 1086/1779/2831 1081/1780/2832 1074/1777/2829 1075/1778/2830
f 1081/1780/2832 1086/1779/2831 1085/1781/2833
f 1085/1781/2833 1079/1782/2834 1081/1780/2832
f 1084/1783/2827 1079/1782/2834 1085/1781/2833 1076/1784/2828
f 1084/1785/2827 1078/1786/2835 1077/1787/2836
f 1077/1787/2836 1079/1788/2834 1084/1785/2827
f 1079/1788/2834 1077/1787/2836 1080/1789/2837
f 1080/1789/2837 1081/1790/2832 1079/1788/2834
f 1074/1791/2829 1081/1790/2832 1080/1789/2837 1082/1792/2838
f 1074/1791/2829 1082/1792/2838 1083/1793/2839
f 1083/1793/2839 1072/1794/2826 1074/1791/2829
f 1072/1794/2826 1083/1793/2839 1078/1795/2835
f 1078/1795/2835 1084/1796/2827 1072/1794/2826
f 1085/1797/2833 1145/1798/2840 1088/1799/2841 1076/1800/2828
f 1145/1798/2840 1085/1797/2833 1086/1801/2831
f 1086/1801/2831 1087/1802/2842 1145/1798/2840
f 1075/1803/2830 1146/1804/2843 1087/1802/2842 1086/1801/2831
f 1147/1805/2844 1146/1804/2843 1075/1803/2830
f 1075/1803/2830 1073/1806/2825 1147/1805/2844
f 1076/1807/2828 1088/1808/2841 1147/1805/2844 1073/1806/2825
s 8
f 773/1809/2505 1090/1810/2845 1089/1811/2846 765/1812/2496
f 1092/1813/2503 1091/1814/2847 1090/1810/2845 773/1809/2505
f 772/1815/2504 1093/1816/2848 1091/1814/2847 1092/1813/2503
f 1091/1814/2847 1093/1816/2848 761/1817/2493 762/1818/2492
f 1090/1810/2845 1091/1814/2847 762/1818/2492 770/1819/2501
f 1089/1811/2846 1090/1810/2845 770/1819/2501 768/1820/2499
f 1094/1821/2849 1089/1811/2846 768/1820/2499 767/1822/2500
f 765/1812/2496 1089/1811/2846 1094/1821/2849 764/1823/2497
s 25
f 968/1824/2749 1095/1825/2850 1100/1826/2851 969/1827/2744
f 966/1828/2747 1096/1829/2852 1095/1825/2850 968/1824/2749
f 1098/1830/2745 1097/1831/2853 1096/1829/2852 966/1828/2747
f 965/1832/2741 1099/1833/2854 1097/1831/2853 1098/1830/2745
f 969/1834/2744 1100/1835/2851 1099/1833/2854 965/1832/2741
s 3
f 1104/1836/2855 1103/1837/2856 1102/1838/2857 1101/1839/2858
f 1106/1840/2859 1103/1837/2856 1104/1836/2855 1105/1841/2860
f 1108/1842/2861 1107/1843/2862 1103/1837/2856 1106/1840/2859
f 1110/1844/2863 1109/1845/2864 1107/1843/2862 1108/1842/2861
f 1112/1846/2865 1111/1847/2866 1109/1845/2864 1110/1844/2863
f 1114/1848/2814 1113/1849/2812 1111/1847/2866 1112/1846/2865
f 1116/1850/2536 1106/1840/2859 1105/1841/2860 1115/1851/2535
f 1117/1852/2538 1108/1842/2861 1106/1840/2859 1116/1850/2536
f 1118/1853/2525 1110/1844/2863 1108/1842/2861 1117/1852/2538
f 1119/1854/2526 1112/1846/2865 1110/1844/2863 1118/1853/2525
f 1120/1855/2527 1114/1848/2814 1112/1846/2865 1119/1854/2526
s 21
f 1122/1856/2867 856/1857/2624 855/1858/2625 1121/1859/2868
f 1123/1860/2869 858/1861/2626 856/1857/2624 1122/1856/2867
f 1124/1862/2870 850/1863/2617 858/1861/2626 1123/1860/2869
f 1125/1864/2871 849/1865/2618 850/1863/2617 1124/1862/2870
f 861/1866/2628 860/1867/2629 1125/1864/2871 1124/1862/2870
f 862/1868/2630 861/1866/2628 1124/1862/2870 1123/1860/2869
f 853/1869/2621 862/1868/2630 1123/1860/2869 1122/1856/2867
f 852/1870/2622 853/1869/2621 1122/1856/2867 1121/1859/2868
s 3
f 1111/1847/2866 1113/1849/2812 1127/1871/2811 1126/1872/2872
f 1109/1845/2864 1111/1847/2866 1126/1872/2872 1128/1873/2873
f 1107/1843/2862 1109/1845/2864 1128/1873/2873 1129/1874/2874
f 1103/1837/2856 1107/1843/2862 1129/1874/2874 1102/1838/2857
f 1126/1872/2872 1127/1871/2811 1055/1875/2810 1130/1876/2875
f 1128/1873/2873 1126/1872/2872 1130/1876/2875 1131/1877/2876
f 1129/1874/2874 1128/1873/2873 1131/1877/2876 1132/1878/2877
f 1102/1838/2857 1129/1874/2874 1132/1878/2877 1133/1879/2878
f 1101/1839/2858 1102/1838/2857 1133/1879/2878 1134/1880/2879
f 1130/1876/2875 1055/1875/2810 1136/1881/2469 1135/1882/2468
f 1131/1877/2876 1130/1876/2875 1135/1882/2468 1137/1883/2459
f 1132/1878/2877 1131/1877/2876 1137/1883/2459 732/1884/2458
f 1133/1879/2878 1132/1878/2877 732/1884/2458 731/1885/2457
f 1134/1880/2879 1133/1879/2878 731/1885/2457 730/1886/2456
f 1138/1887/2809 1134/1880/2879 730/1886/2456 727/1888/2455
f 1139/1889/2794 1101/1839/2858 1134/1880/2879 1138/1887/2809
f 1140/1890/2793 1104/1836/2855 1101/1839/2858 1139/1889/2794
f 1105/1841/2860 1104/1836/2855 1140/1890/2793 1141/1891/2816
f 1115/1851/2535 1105/1841/2860 1141/1891/2816 1142/1892/2533
s 17
f 940/1584/2718 1143/1893/2611 844/1579/2612 941/1578/2713
f 926/1894/2703 837/1895/2605 1143/1893/2611 940/1584/2718
f 1144/1896/2704 926/1894/2703 940/1584/2718 936/1583/2717
f 1002/1595/2729 1144/1896/2704 936/1583/2717 937/1582/2716
s 2
f 682/1208/2411 683/1207/2410 1088/1897/2841 1145/1898/2840
f 686/1212/2415 682/1208/2411 1145/1898/2840 1087/1899/2842
f 690/1217/2420 686/1212/2415 1087/1899/2842 1146/1900/2843
f 694/1223/2426 690/1217/2420 1146/1900/2843 1147/1901/2844
f 683/1225/2410 694/1223/2426 1147/1901/2844 1088/1902/2841
s 24
f 1151/1903/2657 1150/1904/2653 1149/1905/2880 1148/1906/2881
f 1153/1907/2658 1151/1903/2657 1148/1906/2881 1152/1908/2882
f 1156/1909/2660 1153/1907/2658 1152/1908/2882 1155/1910/2883
f 1157/1911/2654 1156/1912/2660 1155/1913/2883 1154/1914/2884
f 1159/1915/2659 1157/1911/2654 1154/1914/2884 1158/1916/2885
f 1161/1917/2655 1159/1915/2659 1158/1916/2885 1160/1918/2886
f 1163/1919/2656 1161/1917/2655 1160/1918/2886 1162/1920/2887
f 1150/1904/2653 1163/1919/2656 1162/1920/2887 1149/1905/2880
g default
v 24.253841 145.780136 -221.157187
v 24.253847 148.557373 -120.429892
v 43.703999 148.557373 -135.940940
v 43.703999 145.780136 -135.940940
v 54.497978 148.557388 -158.354758
v 54.497978 148.557388 -183.232322
v 43.703995 148.557373 -205.646140
v 43.703995 145.780136 -205.646140
v 24.253841 148.557373 -221.157187
v -0.000009 148.557373 -222.835837
v 40.688251 148.557373 -203.241294
v 22.580259 148.557373 -217.681968
v 50.737507 148.557373 -182.374045
v -0.000004 148.557373 -118.751242
v -0.000004 148.557373 -114.894248
v -24.253855 148.557373 -120.429892
v 22.580263 148.557373 -123.905112
v 40.688255 148.557373 -138.345786
v 50.737507 148.557373 -159.213034
v 40.688255 145.780136 -138.345786
v 22.580265 145.780136 -123.905112
v -0.000004 145.780136 -118.751242
v -22.580273 148.557373 -123.905112
v -22.580273 145.780136 -123.905112
v -40.688267 148.557373 -203.241294
v -43.704010 148.557373 -205.646140
v -24.253860 148.557373 -221.157187
v -50.737522 148.557373 -182.374045
v -54.497993 148.557373 -183.232322
v -50.737518 148.557373 -159.213034
v -54.497993 148.557373 -158.354758
v -40.688263 148.557373 -138.345786
v -43.704006 148.557373 -135.940940
v -40.688263 145.780136 -138.345786
v -22.580276 148.557373 -217.681968
v -0.000009 148.557373 -226.692832
v -24.253860 145.780136 -221.157187
v -43.704010 145.780136 -205.646140
v -54.497993 145.780136 -183.232322
v -54.497993 145.780136 -158.354758
v -24.253855 145.780136 -120.429892
v 1.746362 2.680578 -225.954184
v 5.516268 2.680578 -223.207480
v 5.516261 147.346558 -224.114218
v 1.746355 147.346558 -225.954184
v -1.746373 147.346558 -225.954184
v -1.746367 2.680578 -225.954184
v -5.516273 2.680578 -223.207480
v -5.516279 147.346558 -224.108115
v 24.522707 3.401355 -221.715476
v 44.188377 3.401356 -206.032492
v 22.761877 1.700670 -218.059104
v 41.015411 1.700671 -203.502402
v 55.101997 3.401356 -183.370200
v 51.145439 1.700671 -182.467185
v 55.101997 3.401356 -158.216880
v 51.145439 1.700671 -159.119895
v 44.188381 3.401356 -135.554587
v 41.015411 1.700671 -138.084677
v 24.522707 -0.000017 -221.715476
v 44.188381 -0.000017 -206.032492
v 55.101997 -0.000016 -158.216880
v 44.188381 -0.000017 -135.554587
v 22.761881 1.700670 -123.527976
v 0.000005 1.700669 -118.332602
v 0.000002 -0.000019 -114.274497
v -22.761877 1.700668 -123.527976
v 24.522711 3.401355 -119.871604
v 0.000002 3.401354 -114.274497
v -24.522707 3.401353 -119.871604
v -44.188381 3.401352 -135.554343
v -41.015411 1.700667 -138.084677
v -55.101997 3.401351 -158.216880
v -51.145439 1.700667 -159.119895
v -24.522707 -0.000020 -119.871604
v -44.188381 -0.000020 -135.554343
v -55.101997 -0.000021 -158.216880
v -55.101997 3.401351 -183.370200
v -44.188381 3.401352 -206.032492
v -51.145439 1.700667 -182.467185
v -41.015411 1.700667 -203.502402
v -24.522711 3.401353 -221.715476
v -22.761881 1.700668 -218.059104
v -0.000003 3.401354 -227.312583
v -0.000002 1.700669 -223.254416
v -55.101997 -0.000021 -183.370200
v -44.188381 -0.000020 -206.032492
v -24.522711 -0.000020 -221.715476
v -0.000002 -0.000019 -227.312583
v -0.000002 1.189735 -225.268637
v -0.000009 147.168747 -225.268637
v -23.635853 147.168747 -219.873984
v -42.590214 1.189733 -204.758139
v -42.590214 147.168747 -136.828940
v 23.635839 147.168747 -121.713095
v -42.590218 147.168747 -204.758139
v -53.109375 147.168747 -182.915366
v -53.109371 147.168747 -158.671714
v -21.963200 5.188700 -125.186545
v -23.635847 147.168747 -121.713095
v -0.000004 147.168747 -116.318442
v 21.963179 5.188702 -125.186545
v 42.590206 147.168747 -136.828940
v 49.350929 5.188703 -159.529502
v 53.109360 147.168762 -158.671714
v 53.109360 147.168762 -182.915366
v 42.590202 147.168747 -204.758139
v 23.635836 147.168747 -219.873984
v 22.580259 145.780136 -217.681968
v 40.688251 145.780136 -203.241294
v 50.737507 145.780151 -182.374045
v 54.497978 145.780151 -183.232322
v 50.737511 145.780151 -159.213034
v 54.497978 145.780151 -158.354758
v 24.253847 145.780136 -120.429892
v -0.000004 145.780136 -114.894248
v -43.704006 145.780136 -135.940940
v -50.737518 145.780136 -159.213034
v -50.737522 145.780136 -182.374045
v -40.688267 145.780136 -203.241294
v -22.580276 145.780136 -217.681968
v -0.000009 145.780136 -222.835837
v -0.000009 145.780136 -226.692832
v 55.101997 -0.000016 -183.370200
v 24.522711 -0.000017 -119.871604
v -23.635841 1.189734 -121.713095
v 0.000002 1.189735 -116.318442
v 23.635845 1.189736 -121.713095
v -42.590210 1.189733 -136.828940
v 42.590210 1.189737 -136.828940
v -53.109367 1.189733 -158.671714
v 53.109367 1.189738 -158.671714
v -53.109367 1.189733 -182.915366
v 53.109367 1.189738 -182.915366
v 42.590206 1.189737 -204.758139
v -23.635845 1.189734 -219.873984
v 23.635841 1.189736 -219.873984
v 21.963175 5.188702 -216.400534
v -21.963203 5.188700 -216.400534
v -0.000008 5.188701 -221.413474
v -39.576248 5.188699 -202.354575
v 39.576248 5.188703 -202.354575
v -49.350929 5.188699 -182.057578
v 49.350929 5.188703 -182.057578
v -49.350929 5.188699 -159.529502
v -39.576248 5.188699 -139.232505
v 39.576248 5.188703 -139.232505
v -0.000001 5.188701 -120.173606
vt 0.968750 0.092285
vt 0.980957 0.092285
vt 0.981445 0.022949
vt 0.968750 0.022949
vt 0.980957 0.369629
vt 0.968750 0.369629
vt 0.968750 0.438965
vt 0.980957 0.438965
vt 0.980957 0.300781
vt 0.968750 0.300781
vt 0.980957 0.230957
vt 0.968750 0.230957
vt 0.980957 0.161621
vt 0.968750 0.161621
vt 0.954590 0.092285
vt 0.954590 0.023438
vt 0.954590 0.231445
vt 0.954590 0.162109
vt 0.944824 0.092285
vt 0.944824 0.023438
vt 0.944824 0.161621
vt 0.944824 0.230957
vt 0.954590 0.577637
vt 0.968750 0.577393
vt 0.968750 0.508301
vt 0.954590 0.508545
vt 0.954590 0.439453
vt 0.954590 0.370117
vt 0.954590 0.300781
vt 0.944824 0.300781
vt 0.945313 0.369629
vt 0.944824 0.438965
vt 0.944824 0.508301
vt 0.944824 0.577393
vt 0.954590 0.922852
vt 0.968750 0.922669
vt 0.968750 0.853638
vt 0.954590 0.853760
vt 0.968750 0.784546
vt 0.954590 0.784668
vt 0.968750 0.715576
vt 0.954590 0.715820
vt 0.968750 0.646484
vt 0.954590 0.646729
vt 0.944336 0.646484
vt 0.944824 0.715576
vt 0.944824 0.784546
vt 0.945313 0.853638
vt 0.944824 0.922669
vt 0.944824 0.991127
vt 0.954590 0.991455
vt 0.968750 0.991783
vt 0.980469 0.922669
vt 0.980957 0.991783
vt 0.980957 0.853638
vt 0.980957 0.784546
vt 0.980957 0.715576
vt 0.980469 0.646484
vt 0.980469 0.577393
vt 0.980957 0.508301
vt 0.880859 0.977051
vt 0.444092 0.978912
vt 0.444092 0.963013
vt 0.880859 0.963013
vt 0.444092 0.949127
vt 0.880859 0.949127
vt 0.444092 0.933228
vt 0.880859 0.934814
vt 0.924316 0.161621
vt 0.938477 0.161621
vt 0.938477 0.092285
vt 0.924316 0.092285
vt 0.906738 0.161621
vt 0.906738 0.092285
vt 0.906738 0.230957
vt 0.924316 0.230957
vt 0.906738 0.300293
vt 0.924316 0.300293
vt 0.906738 0.369629
vt 0.924316 0.369629
vt 0.938477 0.022461
vt 0.924316 0.022461
vt 0.906738 0.022461
vt 0.889160 0.092285
vt 0.889160 0.022461
vt 0.889160 0.161621
vt 0.889160 0.230957
vt 0.889160 0.300293
vt 0.889160 0.369629
vt 0.889160 0.438965
vt 0.906738 0.438965
vt 0.889160 0.508301
vt 0.906738 0.508301
vt 0.889160 0.577393
vt 0.906738 0.577393
vt 0.924316 0.438965
vt 0.924316 0.508301
vt 0.924316 0.577393
vt 0.906738 0.646484
vt 0.924316 0.646484
vt 0.906738 0.715576
vt 0.924316 0.715576
vt 0.938477 0.577393
vt 0.938477 0.508301
vt 0.938477 0.646484
vt 0.938477 0.715576
vt 0.924316 0.784424
vt 0.938477 0.784424
vt 0.924316 0.853516
vt 0.938477 0.853516
vt 0.906738 0.784424
vt 0.906738 0.853516
vt 0.906738 0.922546
vt 0.924316 0.922546
vt 0.906738 0.991669
vt 0.924316 0.991669
vt 0.938477 0.922546
vt 0.938477 0.991669
vt 0.889160 0.646484
vt 0.889160 0.715576
vt 0.889160 0.784424
vt 0.889160 0.853516
vt 0.889160 0.922546
vt 0.889160 0.991669
vt 0.007343 0.924316
vt 0.437500 0.924316
vt 0.437500 0.994503
vt 0.007343 0.994507
vt 0.007343 0.854126
vt 0.437500 0.854126
vt 0.007343 0.783814
vt 0.437500 0.783814
vt 0.007343 0.713623
vt 0.437500 0.713623
vt 0.007343 0.643310
vt 0.437500 0.643310
vt 0.007343 0.572998
vt 0.437500 0.572998
vt 0.007343 0.502930
vt 0.437500 0.502930
vt 0.007343 0.432617
vt 0.437500 0.432617
vt 0.007343 0.362305
vt 0.437500 0.362305
vt 0.007343 0.292481
vt 0.437500 0.292481
vt 0.007343 0.222168
vt 0.437500 0.222168
vt 0.007343 0.151856
vt 0.437500 0.151856
vt 0.007339 0.081543
vt 0.437500 0.081543
vt 0.007339 0.011719
vt 0.437500 0.011719
vt 0.445313 0.250000
vt 0.881348 0.250000
vt 0.881348 0.198242
vt 0.445313 0.198242
vt 0.445313 0.301758
vt 0.881348 0.301758
vt 0.445313 0.353516
vt 0.881348 0.353516
vt 0.445313 0.404785
vt 0.881348 0.404785
vt 0.445313 0.456543
vt 0.881348 0.456543
vt 0.445313 0.508057
vt 0.881348 0.508057
vt 0.445313 0.559815
vt 0.881348 0.559815
vt 0.445313 0.611572
vt 0.881348 0.611572
vt 0.445313 0.663330
vt 0.881348 0.663330
vt 0.445313 0.715088
vt 0.881348 0.715088
vt 0.445313 0.766846
vt 0.881348 0.766846
vt 0.445313 0.818604
vt 0.881348 0.818604
vt 0.445313 0.870361
vt 0.881348 0.870361
vt 0.445313 0.922119
vt 0.881348 0.922119
vt 0.997070 0.091797
vt 0.996582 0.022949
vt 0.997070 0.161621
vt 0.997070 0.230957
vt 0.997070 0.300293
vt 0.997070 0.369629
vt 0.997070 0.438965
vt 0.997070 0.508057
vt 0.997070 0.577148
vt 0.997070 0.646240
vt 0.997070 0.715332
vt 0.997070 0.784180
vt 0.997070 0.853272
vt 0.997070 0.922363
vt 0.997070 0.991127
vt 0.938477 0.230957
vt 0.938477 0.300293
vt 0.938477 0.369629
vt 0.938477 0.438965
vt 0.485107 0.024902
vt 0.456787 0.142578
vt 0.446777 0.100586
vt 0.456787 0.058594
vt 0.525879 0.005859
vt 0.485107 0.176270
vt 0.571289 0.005859
vt 0.525879 0.194824
vt 0.612305 0.024902
vt 0.571289 0.194824
vt 0.640625 0.058594
vt 0.612305 0.176270
vt 0.650879 0.100586
vt 0.640625 0.142578
vt 0.876465 0.100586
vt 0.866211 0.142578
vt 0.838379 0.176758
vt 0.866211 0.058594
vt 0.797363 0.195313
vt 0.838379 0.024414
vt 0.752441 0.195313
vt 0.797363 0.005859
vt 0.711914 0.176758
vt 0.752441 0.005859
vt 0.683594 0.142578
vt 0.711914 0.024414
vt 0.673828 0.100586
vt 0.683594 0.058594
vn 0.284795 0.754426 -0.591383
vn 0.284795 -0.754426 -0.591383
vn 0.000000 -0.754424 -0.656388
vn 0.000000 0.754424 -0.656388
vn 0.513179 -0.754431 0.409246
vn 0.513178 0.754431 0.409246
vn 0.284795 0.754426 0.591383
vn 0.284795 -0.754426 0.591383
vn 0.639924 -0.754430 0.146058
vn 0.639923 0.754431 0.146058
vn 0.639924 -0.754430 -0.146058
vn 0.639922 0.754431 -0.146058
vn 0.513178 -0.754431 -0.409246
vn 0.513178 0.754431 -0.409246
vn -0.225276 0.854650 0.467787
vn 0.000000 0.854647 0.519210
vn -0.506185 0.854651 0.115534
vn -0.405928 0.854652 0.323717
vn -0.225276 -0.854650 0.467787
vn 0.000000 -0.854647 0.519210
vn -0.405927 -0.854652 0.323717
vn -0.506183 -0.854652 0.115534
vn 0.225276 0.854650 -0.467787
vn -0.284795 0.754426 0.591383
vn 0.000000 0.754424 0.656388
vn -0.000000 0.854647 -0.519210
vn -0.225276 0.854649 -0.467787
vn -0.405928 0.854652 -0.323717
vn -0.506185 0.854651 -0.115534
vn -0.506182 -0.854653 -0.115534
vn -0.405927 -0.854652 -0.323717
vn -0.225276 -0.854649 -0.467787
vn -0.000000 -0.854647 -0.519210
vn 0.225276 -0.854650 -0.467787
vn 0.225276 0.854650 0.467787
vn -0.284795 0.754426 -0.591383
vn -0.513178 0.754431 -0.409247
vn 0.405928 0.854652 0.323718
vn -0.639924 0.754430 -0.146059
vn 0.506184 0.854652 0.115535
vn -0.639923 0.754430 0.146059
vn 0.506183 0.854652 -0.115534
vn -0.513178 0.754431 0.409246
vn 0.405928 0.854652 -0.323717
vn 0.405928 -0.854652 -0.323717
vn 0.506184 -0.854652 -0.115534
vn 0.506184 -0.854652 0.115534
vn 0.405928 -0.854652 0.323718
vn 0.225276 -0.854650 0.467787
vn -0.284795 -0.754426 -0.591383
vn -0.513178 -0.754430 -0.409247
vn -0.639923 -0.754430 -0.146059
vn -0.639923 -0.754430 0.146059
vn -0.513178 -0.754430 0.409247
vn -0.284795 -0.754426 0.591383
vn 0.000000 -0.754424 0.656388
vn 0.442187 -0.000115 -0.896923
vn 0.588848 -0.005066 -0.808228
vn 0.246059 -0.002090 -0.969253
vn 0.168629 0.000000 -0.985680
vn -0.247441 -0.000000 -0.968903
vn -0.170844 -0.002106 -0.985296
vn -0.586530 -0.000093 -0.809928
vn -0.439780 -0.005591 -0.898088
vn 0.393272 0.864277 -0.313628
vn 0.393272 -0.864277 -0.313627
vn 0.218254 -0.864274 -0.453206
vn 0.218254 0.864273 -0.453207
vn -0.781828 -0.000001 0.623494
vn -0.433884 -0.000000 0.900969
vn -0.974928 -0.000000 0.222522
vn 0.490401 0.864279 -0.111932
vn -0.974928 0.000000 -0.222522
vn 0.490401 0.864279 0.111932
vn -0.781828 0.000000 -0.623495
vn 0.393273 0.864277 0.313628
vn -0.000001 -0.864275 -0.503019
vn -0.000000 0.864275 -0.503019
vn 0.000000 0.000000 1.000000
vn 0.490400 -0.864280 -0.111931
vn 0.490400 -0.864279 0.111931
vn 0.393273 -0.864277 0.313627
vn 0.218255 -0.864273 0.453208
vn -0.433885 0.000000 -0.900968
vn -0.000000 -0.864274 0.503021
vn -0.000001 0.000000 -1.000000
vn -0.218249 -0.864277 0.453203
vn 0.433883 0.000000 -0.900969
vn 0.218255 0.864273 0.453208
vn -0.000000 0.864274 0.503022
vn -0.218249 0.864277 0.453203
vn 0.781832 -0.000000 -0.623490
vn -0.393271 0.864279 0.313623
vn 0.974928 -0.000000 -0.222521
vn -0.490398 0.864281 0.111930
vn -0.393270 -0.864280 0.313623
vn -0.490397 -0.864281 0.111930
vn -0.490401 0.864279 -0.111932
vn -0.490400 -0.864279 -0.111932
vn -0.393274 0.864276 -0.313628
vn -0.393273 -0.864277 -0.313628
vn 0.974928 0.000000 0.222522
vn 0.781828 0.000000 0.623495
vn 0.433883 0.000000 0.900970
vn -0.218256 0.864273 -0.453207
vn -0.218256 -0.864273 -0.453207
vn -0.410044 -0.326925 -0.851460
vn -0.404522 0.361665 -0.839976
vn 0.000013 0.361668 -0.932307
vn 0.000001 -0.119567 -0.992826
vn -0.689170 -0.472218 -0.549595
vn -0.728931 0.361645 -0.581267
vn -0.833023 -0.519540 -0.190136
vn -0.908933 0.361658 -0.207471
vn -0.859381 -0.472217 0.196152
vn -0.908930 0.361663 0.207475
vn -0.738869 -0.326927 0.589229
vn -0.728922 0.361650 0.581276
vn -0.430773 -0.119567 0.894505
vn -0.404519 0.361666 0.839977
vn -0.000001 -0.119567 0.992826
vn -0.000015 0.361669 0.932307
vn 0.410043 -0.326926 0.851460
vn 0.404509 0.361670 0.839981
vn 0.689170 -0.472219 0.549595
vn 0.728926 0.361651 0.581270
vn 0.833022 -0.519540 0.190136
vn 0.908930 0.361663 0.207474
vn 0.859381 -0.472217 -0.196153
vn 0.908930 0.361663 -0.207478
vn 0.738870 -0.326927 -0.589229
vn 0.728930 0.361646 -0.581268
vn 0.430775 -0.119567 -0.894504
vn 0.404547 0.361663 -0.839966
vn 0.429837 0.136284 0.892562
vn -0.000000 0.136284 0.990670
vn 0.739238 0.325559 0.589524
vn 0.865571 0.460169 0.197564
vn 0.841647 0.504705 -0.192104
vn 0.694133 0.460171 -0.553555
vn 0.410248 0.325559 -0.851885
vn -0.000000 0.136284 -0.990670
vn -0.429837 0.136284 -0.892562
vn -0.739238 0.325559 -0.589525
vn -0.865571 0.460169 -0.197565
vn -0.841647 0.504705 0.192104
vn -0.694133 0.460171 0.553555
vn -0.410248 0.325559 0.851885
s 1
g bucker2
usemtl blinn6SG
f 1172/1921/2888 1164/1922/2889 1286/1923/2890 1199/1924/2891
f 1167/1925/2892 1166/1926/2893 1165/1927/2894 1278/1928/2895
f 1277/1929/2896 1168/1930/2897 1166/1926/2893 1167/1925/2892
f 1275/1931/2898 1169/1932/2899 1168/1930/2897 1277/1929/2896
f 1171/1933/2900 1170/1934/2901 1169/1932/2899 1275/1931/2898
f 1164/1922/2889 1172/1921/2888 1170/1934/2901 1171/1933/2900
f 1175/1935/2902 1172/1921/2888 1199/1924/2891 1173/1936/2903
f 1176/1937/2904 1169/1932/2899 1170/1934/2901 1174/1938/2905
f 1172/1921/2888 1175/1935/2902 1174/1938/2905 1170/1934/2901
f 1272/1939/2906 1175/1935/2902 1173/1936/2903 1285/1940/2907
f 1273/1941/2908 1174/1938/2905 1175/1935/2902 1272/1939/2906
f 1274/1942/2909 1176/1937/2904 1174/1938/2905 1273/1941/2908
f 1186/1943/2910 1179/1944/2911 1178/1945/2912 1177/1946/2913
f 1165/1927/2894 1180/1947/2914 1177/1946/2913 1178/1945/2912
f 1166/1926/2893 1181/1948/2915 1180/1947/2914 1165/1927/2894
f 1168/1930/2897 1182/1949/2916 1181/1948/2915 1166/1926/2893
f 1169/1932/2899 1176/1937/2904 1182/1949/2916 1168/1930/2897
f 1276/1950/2917 1182/1949/2916 1176/1937/2904 1274/1942/2909
f 1183/1951/2918 1181/1948/2915 1182/1949/2916 1276/1950/2917
f 1184/1952/2919 1180/1947/2914 1181/1948/2915 1183/1951/2918
f 1185/1953/2920 1177/1946/2913 1180/1947/2914 1184/1952/2919
f 1187/1954/2921 1186/1943/2910 1177/1946/2913 1185/1953/2920
f 1198/1955/2922 1190/1956/2923 1189/1957/2924 1188/1958/2925
f 1192/1959/2926 1191/1960/2927 1188/1958/2925 1189/1957/2924
f 1194/1961/2928 1193/1962/2929 1191/1960/2927 1192/1959/2926
f 1196/1963/2930 1195/1964/2931 1193/1962/2929 1194/1961/2928
f 1179/1944/2911 1186/1943/2910 1195/1964/2931 1196/1963/2930
f 1197/1965/2932 1195/1964/2931 1186/1943/2910 1187/1954/2921
f 1281/1966/2933 1193/1962/2929 1195/1964/2931 1197/1965/2932
f 1282/1967/2934 1191/1960/2927 1193/1962/2929 1281/1966/2933
f 1283/1968/2935 1188/1958/2925 1191/1960/2927 1282/1967/2934
f 1284/1969/2936 1198/1955/2922 1188/1958/2925 1283/1968/2935
f 1198/1955/2922 1284/1969/2936 1285/1970/2907 1173/1971/2903
f 1190/1956/2923 1198/1955/2922 1173/1971/2903 1199/1972/2891
f 1200/1973/2937 1190/1956/2923 1199/1972/2891 1286/1974/2890
f 1201/1975/2938 1189/1957/2924 1190/1956/2923 1200/1973/2937
f 1202/1976/2939 1192/1959/2926 1189/1957/2924 1201/1975/2938
f 1203/1977/2940 1194/1961/2928 1192/1959/2926 1202/1976/2939
f 1280/1978/2941 1196/1963/2930 1194/1961/2928 1203/1977/2940
f 1204/1979/2942 1179/1944/2911 1196/1963/2930 1280/1978/2941
f 1279/1980/2943 1178/1945/2912 1179/1944/2911 1204/1979/2942
f 1278/1928/2895 1165/1927/2894 1178/1945/2912 1279/1980/2943
s 4
f 1207/1981/2944 1206/1982/2945 1205/1983/2946
f 1205/1983/2946 1208/1984/2947 1207/1981/2944
f 1210/1985/2948 1209/1986/2949 1208/1984/2947 1205/1983/2946
f 1209/1986/2949 1210/1985/2948 1211/1987/2950
f 1211/1987/2950 1212/1988/2951 1209/1986/2949
s 5
f 1214/1989/2952 1224/1990/2953 1223/1991/2954 1213/1992/2955
f 1216/1993/2956 1214/1989/2952 1213/1992/2955 1215/1994/2957
f 1218/1995/2958 1217/1996/2959 1214/1989/2952 1216/1993/2956
f 1220/1997/2960 1219/1998/2961 1217/1996/2959 1218/1995/2958
f 1222/1999/2962 1221/2000/2963 1219/1998/2961 1220/1997/2960
f 1213/1992/2955 1223/1991/2954 1252/2001/2964 1247/2002/2965
f 1215/1994/2957 1213/1992/2955 1247/2002/2965 1248/2003/2966
f 1223/2004/2954 1215/1994/2957 1248/2003/2966 1252/2005/2964
f 1224/2006/2953 1216/1993/2956 1215/1994/2957 1223/2004/2954
f 1287/2007/2967 1218/1995/2958 1216/1993/2956 1224/2006/2953
f 1225/2008/2968 1220/1997/2960 1218/1995/2958 1287/2007/2967
f 1226/2009/2969 1222/1999/2962 1220/1997/2960 1225/2008/2968
f 1288/2010/2970 1227/2011/2971 1222/1999/2962 1226/2009/2969
f 1229/2012/2972 1228/2013/2973 1227/2011/2971 1288/2010/2970
f 1238/2014/2974 1230/2015/2975 1228/2013/2973 1229/2012/2972
f 1227/2011/2971 1231/2016/2976 1221/2000/2963 1222/1999/2962
f 1228/2013/2973 1232/2017/2977 1231/2016/2976 1227/2011/2971
f 1230/2015/2975 1233/2018/2978 1232/2017/2977 1228/2013/2973
f 1235/2019/2979 1234/2020/2980 1233/2018/2978 1230/2015/2975
f 1237/2021/2981 1236/2022/2982 1234/2020/2980 1235/2019/2979
f 1233/2018/2978 1238/2023/2974 1229/2024/2972 1232/2017/2977
f 1234/2020/2980 1239/2025/2983 1238/2023/2974 1233/2018/2978
f 1236/2022/2982 1240/2026/2984 1239/2025/2983 1234/2020/2980
f 1241/2027/2985 1249/2028/2986 1240/2026/2984 1236/2022/2982
f 1242/2029/2987 1250/2030/2988 1249/2028/2986 1241/2027/2985
f 1243/2031/2989 1241/2027/2985 1236/2022/2982 1237/2021/2981
f 1244/2032/2990 1242/2029/2987 1241/2027/2985 1243/2031/2989
f 1246/2033/2991 1245/2034/2992 1242/2029/2987 1244/2032/2990
f 1248/2035/2966 1247/2036/2965 1245/2034/2992 1246/2033/2991
f 1245/2034/2992 1251/2037/2993 1250/2030/2988 1242/2029/2987
f 1247/2036/2965 1252/2038/2964 1251/2037/2993 1245/2034/2992
f 1239/2039/2983 1235/2019/2979 1230/2015/2975 1238/2014/2974
f 1240/2040/2984 1237/2021/2981 1235/2019/2979 1239/2039/2983
f 1249/2041/2986 1243/2031/2989 1237/2021/2981 1240/2040/2984
f 1250/2042/2988 1244/2032/2990 1243/2031/2989 1249/2041/2986
f 1251/2043/2993 1246/2033/2991 1244/2032/2990 1250/2042/2988
f 1252/2044/2964 1248/2035/2966 1246/2033/2991 1251/2043/2993
s 6
f 1299/2045/2994 1255/2046/2995 1254/2047/2996 1253/2048/2997
f 1256/2049/2998 1259/2050/2999 1255/2046/2995 1299/2045/2994
f 1296/2051/3000 1260/2052/3001 1259/2050/2999 1256/2049/2998
f 1294/2053/3002 1261/2054/3003 1260/2052/3001 1296/2051/3000
f 1292/2055/3004 1257/2056/3005 1261/2054/3003 1294/2053/3002
f 1289/2057/3006 1263/2058/3007 1257/2056/3005 1292/2055/3004
f 1290/2059/3008 1264/2060/3009 1263/2058/3007 1289/2057/3006
f 1291/2061/3010 1258/2062/3011 1264/2060/3009 1290/2059/3008
f 1293/2063/3012 1266/2064/3013 1258/2062/3011 1291/2061/3010
f 1295/2065/3014 1268/2066/3015 1266/2064/3013 1293/2063/3012
f 1297/2067/3016 1269/2068/3017 1268/2066/3015 1295/2065/3014
f 1298/2069/3018 1270/2070/3019 1269/2068/3017 1297/2067/3016
f 1300/2071/3020 1271/2072/3021 1270/2070/3019 1298/2069/3018
f 1253/2073/2997 1254/2074/2996 1271/2072/3021 1300/2071/3020
f 1255/2075/2995 1302/2076/3022 1303/2077/3023 1254/2078/2996
f 1259/2079/2999 1304/2080/3024 1302/2076/3022 1255/2075/2995
f 1260/2081/3001 1306/2082/3025 1304/2080/3024 1259/2079/2999
f 1261/2083/3003 1308/2084/3026 1306/2082/3025 1260/2081/3001
f 1257/2085/3005 1309/2086/3027 1308/2084/3026 1261/2083/3003
f 1263/2087/3007 1262/2088/3028 1309/2086/3027 1257/2085/3005
f 1264/2089/3009 1311/2090/3029 1262/2088/3028 1263/2087/3007
f 1258/2091/3011 1265/2092/3030 1311/2090/3029 1264/2089/3009
f 1266/2093/3013 1310/2094/3031 1265/2092/3030 1258/2091/3011
f 1268/2095/3015 1267/2096/3032 1310/2094/3031 1266/2093/3013
f 1269/2097/3017 1307/2098/3033 1267/2096/3032 1268/2095/3015
f 1270/2099/3019 1305/2100/3034 1307/2098/3033 1269/2097/3017
f 1271/2101/3021 1301/2102/3035 1305/2100/3034 1270/2099/3019
f 1254/2103/2996 1303/2104/3023 1301/2102/3035 1271/2101/3021
s 1
f 1164/1922/2889 1272/2105/2906 1285/2106/2907 1286/1923/2890
f 1171/1933/2900 1273/2107/2908 1272/2105/2906 1164/1922/2889
f 1275/1931/2898 1274/2108/2909 1273/2107/2908 1171/1933/2900
f 1277/1929/2896 1276/2109/2917 1274/2108/2909 1275/1931/2898
f 1167/1925/2892 1183/2110/2918 1276/2109/2917 1277/1929/2896
f 1278/1928/2895 1184/2111/2919 1183/2110/2918 1167/1925/2892
f 1279/1980/2943 1185/2112/2920 1184/2111/2919 1278/1928/2895
f 1204/1979/2942 1187/2113/2921 1185/2112/2920 1279/1980/2943
f 1280/1978/2941 1197/2114/2932 1187/2113/2921 1204/1979/2942
f 1203/1977/2940 1281/2115/2933 1197/2114/2932 1280/1978/2941
f 1202/1976/2939 1282/2116/2934 1281/2115/2933 1203/1977/2940
f 1201/1975/2938 1283/2117/2935 1282/2116/2934 1202/1976/2939
f 1200/1973/2937 1284/2118/2936 1283/2117/2935 1201/1975/2938
f 1286/1974/2890 1285/2119/2907 1284/2118/2936 1200/1973/2937
s 5
f 1217/1996/2959 1287/2120/2967 1224/1990/2953 1214/1989/2952
f 1219/1998/2961 1225/2121/2968 1287/2120/2967 1217/1996/2959
f 1221/2000/2963 1226/2122/2969 1225/2121/2968 1219/1998/2961
f 1231/2016/2976 1288/2123/2970 1226/2122/2969 1221/2000/2963
f 1232/2017/2977 1229/2024/2972 1288/2123/2970 1231/2016/2976
s 6
f 1292/2124/3004 1291/2125/3010 1290/2126/3008 1289/2127/3006
f 1292/2124/3004 1294/2128/3002 1293/2129/3012 1291/2125/3010
f 1294/2128/3002 1296/2130/3000 1295/2131/3014 1293/2129/3012
f 1296/2130/3000 1256/2132/2998 1297/2133/3016 1295/2131/3014
f 1256/2132/2998 1299/2134/2994 1298/2135/3018 1297/2133/3016
f 1299/2134/2994 1253/2136/2997 1300/2137/3020 1298/2135/3018
f 1303/2138/3023 1302/2139/3022 1304/2140/3024 1301/2141/3035
f 1304/2140/3024 1306/2142/3025 1305/2143/3034 1301/2141/3035
f 1306/2142/3025 1308/2144/3026 1307/2145/3033 1305/2143/3034
f 1308/2144/3026 1309/2146/3027 1267/2147/3032 1307/2145/3033
f 1309/2146/3027 1262/2148/3028 1310/2149/3031 1267/2147/3032
f 1262/2148/3028 1311/2150/3029 1265/2151/3030 1310/2149/3031
g default
v 53.220364 56.408909 8.067453
v 54.132221 54.173710 7.997018
v 52.287422 52.614658 7.997018
v 50.811935 56.231361 8.111001
v 50.235607 53.886181 8.067453
v 50.001926 54.189964 -22.278189
v 50.573936 56.512794 -22.199546
v 52.034180 52.931141 -22.405509
v 53.862473 54.476223 -22.405509
v 52.959759 56.689835 -22.278189
v 21.492132 89.019203 51.261148
v -3.873731 119.776825 55.359964
v -4.396311 120.401413 47.477823
v -4.753688 118.689453 55.075998
v 51.515766 55.325092 9.740457
v 51.691536 55.314678 -5.083579
v 52.640480 55.619984 -5.072501
v 43.258484 67.300179 30.513681
v 57.617863 136.874344 6.980172
v 57.617859 136.874344 -19.811820
v 45.993042 136.874344 -43.950492
v 25.046322 136.874329 -60.655051
v -48.140877 136.874329 31.118966
v -59.765446 136.874329 -19.811728
v -27.194012 136.874329 -60.655051
v -1.073806 136.874329 -66.616690
v -48.140881 136.874329 -43.950492
v -59.765442 136.874329 6.980203
v 53.004719 55.875763 9.913003
v 52.391052 54.605255 -5.055136
v 52.523643 54.324078 10.192209
v -1.990708 119.797150 -69.554709
v -3.731979 119.853279 -69.541495
v -3.900940 120.053177 -61.672568
v 42.720001 65.791161 -45.322593
v 0.685449 130.360489 55.094003
v -9.201356 130.360489 53.916970
v -8.201130 132.282516 47.924600
v -9.186166 113.251823 53.759256
v -8.096583 113.033890 47.233743
v 1.416910 132.273621 49.063028
v 1.328379 113.033890 48.349801
v 0.807291 113.251823 54.948983
v -2.856898 118.805275 -70.894553
v 22.357885 89.929291 -65.455924
v -3.317502 119.244949 -61.672568
v -2.513287 120.421738 -61.672568
v 23.080645 91.081177 -64.623038
v 43.258480 67.300179 -44.708426
v 21.837362 90.364388 -64.108176
v -2.870640 118.709778 -69.270743
v 52.523640 54.324078 -24.386985
v 51.691536 55.314678 -9.111197
v 52.391052 54.605255 -9.139640
v 51.515766 55.325092 -23.935233
v 41.784012 66.705307 -44.328940
v 45.993301 136.874344 31.118966
v -57.563259 148.726471 6.477609
v -26.214073 148.726471 45.788461
v -27.194006 136.874329 47.823526
v -1.073781 136.874329 53.785165
v 24.066444 148.726471 45.788461
v 25.046429 136.874329 47.823251
v 53.004715 55.875763 -24.107779
v 52.640480 55.619984 -9.122275
v -0.921124 122.448143 -62.640311
v -55.641499 122.448135 5.976876
v -58.182259 120.550758 6.556802
v 42.961300 122.448143 28.482187
v 53.799229 122.448143 5.976846
v 56.340244 120.550766 6.556772
v 53.799229 122.448143 -19.002311
v 42.961044 122.448143 -41.507773
v 23.431644 122.448143 -57.082022
v -44.803570 122.448143 28.482187
v -25.273968 122.448143 44.056436
v -26.404825 120.550766 46.404672
v -0.921101 122.448143 49.614969
v 23.431749 122.448143 44.056436
v 24.562532 120.550766 46.404672
v 24.593903 113.517250 46.469705
v -0.921098 113.517250 52.293405
v -0.921098 120.550766 52.221017
v -26.436068 113.517250 46.469705
v -46.897549 113.517250 30.152230
v -46.841160 120.550758 30.107278
v 24.562428 120.550766 -59.430014
v 24.593796 113.517250 -59.495291
v 45.055275 113.517250 -43.177817
v 44.998631 120.550766 -43.132621
v 56.410603 113.517250 -19.598319
v 56.339989 120.550766 -19.582236
v 56.410603 113.517250 6.572854
v 45.055279 113.517250 30.152230
v 44.998890 120.550766 30.107278
v -58.252872 113.517242 6.572885
v -58.252872 113.517242 -19.598258
v -58.182262 120.550758 -19.582175
v -46.897552 113.517250 -43.177573
v -46.841164 120.550758 -43.132621
v -26.436073 113.517250 -59.495047
v -26.404831 120.550766 -59.430014
v -0.921123 113.517250 -65.318747
v -0.921124 120.550766 -65.246604
v 0.841822 113.033890 -59.433310
v 0.863912 132.282516 -60.131797
v -8.821250 132.273621 -60.124442
v -8.648986 113.033890 -59.426718
v -8.912105 113.251823 -66.041129
v 1.151926 113.251823 -66.041892
v 1.148364 130.360489 -66.200125
v -8.808271 130.360489 -66.199607
v -5.200526 119.224632 47.477823
v -5.783989 120.032860 47.477823
v -5.615003 119.832962 55.346750
v -4.739947 118.784958 56.699807
v 42.720005 65.791161 31.127847
v 53.035446 113.435715 -18.828025
v 42.348907 113.435715 27.993753
v -44.190922 113.435715 27.993997
v -45.474133 137.845367 29.017099
v -25.646130 137.845367 44.829355
v -0.921102 137.845367 50.472726
v 23.803936 137.845367 44.829355
v 43.631863 137.845367 29.017099
v 54.635651 137.845383 6.167733
v 54.635647 137.845383 -19.193198
v 43.631859 137.845367 -42.042441
v 23.803829 137.845367 -57.854697
v -0.921124 137.845367 -63.498069
v -54.877724 113.435715 -18.827933
v -44.190926 113.435715 -41.019339
v -24.934095 113.435715 -56.376181
v -0.921123 113.435715 -61.856986
v 23.091766 113.435715 -56.376181
v -47.994061 -0.000010 -17.256766
v -38.670738 -0.000010 23.591409
v -38.670738 -0.000010 -36.616996
v -21.870520 -0.000009 -50.014487
v -21.870516 -0.000009 36.989145
v -0.921120 -0.000008 -54.796042
v 20.028202 -0.000018 -50.014487
v 20.028282 -0.000018 36.989145
v 36.828476 -0.000017 23.591409
v 46.151798 -0.000017 -17.256827
v 42.348648 113.435715 -41.019339
v 37.331650 -0.000007 -38.005362
v 53.035702 113.435715 5.802530
v 46.151798 -0.000017 4.231363
v 23.091873 113.435715 43.350839
v -0.921098 113.435715 48.831643
v -0.921101 -0.000008 41.770700
v -24.934092 113.435715 43.350839
v -54.877720 113.435715 5.802560
v -47.994061 -0.000010 4.231393
v -44.803574 122.448143 -41.507773
v -25.273972 122.448143 -57.082022
v -25.646133 137.845367 -57.854697
v -45.474136 137.845367 -42.042441
v -55.641502 122.448135 -19.002249
v -56.477669 137.845367 -19.193137
v -56.477669 137.845367 6.167764
v -46.374817 148.726471 29.710794
v -57.563263 148.726471 -19.309134
v -46.374821 148.726471 -42.542044
v -26.214079 148.726471 -58.620017
v -1.073781 148.726471 51.526590
v -1.073807 148.726471 -64.358115
v 24.066338 148.726471 -58.620017
v 44.227234 148.726486 -42.542319
v 44.227238 148.726486 29.710763
v 55.415684 148.726486 6.477578
v 55.415680 148.726486 -19.309195
v 41.784016 66.705307 30.134195
v 22.214863 90.171097 50.428293
v 20.971584 89.454308 49.913430
vt 0.320068 0.922058
vt 0.320068 0.890686
vt 0.320557 0.932983
vt 0.187134 0.878906
vt 0.187378 0.901001
vt 0.187378 0.911560
vt 0.187134 0.922302
vt 0.187500 0.890259
vt 0.320068 0.879456
vt 0.320313 0.911499
vt 0.320557 0.901184
vt 0.636231 0.987579
vt 0.634766 0.980209
vt 0.876953 0.936646
vt 0.872559 0.950714
vt 0.904297 0.883057
vt 0.918457 0.890137
vt 0.868164 0.926209
vt 0.011147 0.994469
vt 0.011223 0.987534
vt 0.135986 0.976929
vt 0.135254 0.987106
vt 0.011612 0.975998
vt 0.013237 0.967346
vt 0.132202 0.952240
vt 0.135376 0.966614
vt 0.373535 0.978088
vt 0.373535 0.969147
vt 0.220947 0.798340
vt 0.302978 0.695557
vt 0.302978 0.627930
vt 0.273682 0.566895
vt 0.273682 0.756226
vt 0.155029 0.509766
vt 0.007061 0.695557
vt 0.220947 0.524902
vt 0.089172 0.524902
vt 0.036377 0.566895
vt 0.036377 0.756226
vt 0.089172 0.798340
vt 0.155029 0.813477
vt 0.007061 0.627930
vt 0.888184 0.940460
vt 0.928223 0.898254
vt 0.375000 0.984848
vt 0.872559 0.950714
vt 0.888184 0.940460
vt 0.876953 0.936646
vt 0.918457 0.890137
vt 0.928223 0.898254
vt 0.187378 0.933594
vt 0.886231 0.954071
vt 0.934570 0.905945
vt 0.636231 0.987579
vt 0.637695 0.995907
vt 0.375732 0.991959
vt 0.375000 0.984848
vt 0.135986 0.976929
vt 0.135254 0.987106
vt 0.023346 0.935181
vt 0.067993 0.935181
vt 0.067200 0.955902
vt 0.024261 0.955872
vt 0.023331 0.859009
vt 0.024689 0.841675
vt 0.066772 0.841553
vt 0.067932 0.859009
vt 0.008080 0.943543
vt 0.004971 0.859131
vt 0.021744 0.859985
vt 0.021759 0.935181
vt 0.083252 0.943481
vt 0.069336 0.935181
vt 0.069275 0.859985
vt 0.086304 0.859131
vt 0.023331 0.859985
vt 0.067932 0.859985
vt 0.634766 0.980209
vt 0.904297 0.883057
vt 0.868164 0.926209
vt 0.373535 0.969147
vt 0.373535 0.978088
vt 0.633301 0.970017
vt 0.011147 0.994469
vt 0.011223 0.987534
vt 0.132202 0.952240
vt 0.135376 0.966614
vt 0.011612 0.975998
vt 0.013237 0.967346
vt 0.713379 0.454590
vt 0.713379 0.501221
vt 0.642090 0.501221
vt 0.642090 0.454590
vt 0.784668 0.454590
vt 0.784668 0.501221
vt 0.856445 0.454590
vt 0.856445 0.501221
vt 0.927734 0.454590
vt 0.927734 0.501221
vt 0.999023 0.454590
vt 0.999023 0.501221
vt 0.428467 0.454590
vt 0.428467 0.501221
vt 0.357178 0.501221
vt 0.357178 0.454590
vt 0.499756 0.454590
vt 0.499756 0.501221
vt 0.570801 0.454590
vt 0.570801 0.501221
vt 0.071838 0.454590
vt 0.071838 0.501221
vt 0.000554 0.501221
vt 0.000554 0.454590
vt 0.143189 0.454590
vt 0.143189 0.501221
vt 0.214477 0.454590
vt 0.214477 0.501221
vt 0.285645 0.454590
vt 0.285645 0.501221
vt 0.785156 0.387695
vt 0.784668 0.395508
vt 0.713379 0.395508
vt 0.713379 0.387695
vt 0.856445 0.387695
vt 0.855957 0.395508
vt 0.927734 0.387695
vt 0.927734 0.395508
vt 0.999023 0.387695
vt 0.999023 0.395508
vt 0.428223 0.387695
vt 0.428223 0.395508
vt 0.356934 0.395508
vt 0.356934 0.387695
vt 0.499512 0.387695
vt 0.499512 0.395508
vt 0.570801 0.387695
vt 0.570801 0.395508
vt 0.642090 0.387695
vt 0.642090 0.395508
vt 0.071594 0.387695
vt 0.071594 0.395508
vt 0.000261 0.395508
vt 0.000261 0.387695
vt 0.142944 0.387695
vt 0.142944 0.395508
vt 0.214233 0.387695
vt 0.214233 0.395508
vt 0.285645 0.387695
vt 0.285645 0.395508
vt 0.214233 0.368164
vt 0.285645 0.368164
vt 0.142944 0.368164
vt 0.071594 0.368164
vt 0.000261 0.368164
vt 0.570801 0.368164
vt 0.642090 0.368164
vt 0.499756 0.368164
vt 0.428223 0.368164
vt 0.356934 0.368164
vt 0.927734 0.368164
vt 0.999023 0.368164
vt 0.856445 0.368164
vt 0.785156 0.368164
vt 0.713867 0.368164
vt 0.023346 0.935181
vt 0.067993 0.935181
vt 0.067200 0.955902
vt 0.024261 0.955872
vt 0.023331 0.859009
vt 0.024689 0.841675
vt 0.066772 0.841553
vt 0.067932 0.859009
vt 0.008080 0.943543
vt 0.004971 0.859131
vt 0.021744 0.859985
vt 0.021759 0.935181
vt 0.083252 0.943481
vt 0.069336 0.935181
vt 0.069275 0.859985
vt 0.086304 0.859131
vt 0.023331 0.859985
vt 0.067932 0.859985
vt 0.934570 0.905945
vt 0.886231 0.954071
vt 0.637695 0.995907
vt 0.375732 0.991959
vt 0.927734 0.356934
vt 0.999023 0.356934
vt 0.856445 0.356934
vt 0.785156 0.356934
vt 0.713867 0.356934
vt 0.642090 0.356934
vt 0.570801 0.356934
vt 0.499756 0.356934
vt 0.428223 0.356934
vt 0.356934 0.356934
vt 0.285645 0.356934
vt 0.214233 0.356934
vt 0.142944 0.356934
vt 0.071594 0.356934
vt 0.000261 0.356934
vt 0.071594 0.452637
vt 0.000261 0.452637
vt 0.000261 0.400391
vt 0.071594 0.400391
vt 0.142944 0.452637
vt 0.142944 0.400391
vt 0.214233 0.452637
vt 0.214233 0.400391
vt 0.285645 0.452637
vt 0.285645 0.400391
vt 0.356934 0.452637
vt 0.356934 0.400391
vt 0.428223 0.452637
vt 0.428223 0.400391
vt 0.499756 0.452637
vt 0.499756 0.400391
vt 0.570801 0.452637
vt 0.570801 0.400391
vt 0.642090 0.452637
vt 0.642090 0.400391
vt 0.713867 0.452637
vt 0.713867 0.400391
vt 0.785156 0.452637
vt 0.785156 0.400391
vt 0.927734 0.012695
vt 0.999023 0.012695
vt 0.999023 0.355957
vt 0.927734 0.355957
vt 0.856445 0.012695
vt 0.856445 0.355957
vt 0.785156 0.012695
vt 0.785156 0.355957
vt 0.713867 0.355957
vt 0.713867 0.012695
vt 0.642090 0.355957
vt 0.642090 0.012695
vt 0.570801 0.355957
vt 0.570801 0.012695
vt 0.782715 0.702881
vt 0.782715 0.557129
vt 0.760254 0.604004
vt 0.760254 0.656006
vt 0.823242 0.524658
vt 0.823242 0.735352
vt 0.874023 0.513184
vt 0.874023 0.747070
vt 0.924805 0.524658
vt 0.924805 0.735352
vt 0.971191 0.703613
vt 0.965820 0.557129
vt 0.988281 0.604004
vt 0.988281 0.656006
vt 0.499756 0.355957
vt 0.499756 0.012695
vt 0.428223 0.012695
vt 0.428223 0.355957
vt 0.356934 0.012695
vt 0.356934 0.355957
vt 0.285645 0.012695
vt 0.285645 0.355957
vt 0.214233 0.012695
vt 0.214233 0.355957
vt 0.142944 0.012695
vt 0.142944 0.355957
vt 0.071594 0.012695
vt 0.071594 0.355957
vt 0.000261 0.012695
vt 0.000261 0.355957
vt 0.856445 0.452637
vt 0.856445 0.400391
vt 0.927734 0.452637
vt 0.927734 0.400391
vt 0.999023 0.452637
vt 0.999023 0.400391
vt 0.461914 0.516113
vt 0.562500 0.505615
vt 0.658203 0.540039
vt 0.729004 0.612549
vt 0.375488 0.569336
vt 0.761719 0.708496
vt 0.320801 0.654785
vt 0.749512 0.809082
vt 0.308594 0.755371
vt 0.694824 0.894409
vt 0.608398 0.947601
vt 0.341309 0.851440
vt 0.412353 0.923706
vt 0.507813 0.958069
vt 0.633301 0.970017
vn 0.536788 0.841993 -0.053920
vn -0.919662 -0.388992 -0.053919
vn -0.645440 0.763664 -0.015018
vn -0.643874 0.761816 0.071149
vn 0.070913 -0.996369 0.047123
vn 0.969755 -0.236044 0.062114
vn 0.522077 0.849398 0.077193
vn -0.927312 -0.372948 0.031651
vn 0.965819 -0.245131 -0.084284
vn 0.080742 -0.993165 -0.084289
vn -0.026486 -0.454556 0.890324
vn 0.747409 0.661658 0.059904
vn 0.742730 0.665018 0.078125
vn 0.029704 -0.124415 0.991786
vn 0.244836 -0.965173 -0.092178
vn 0.767860 0.636165 -0.075396
vn -0.559340 -0.538248 -0.630419
vn -0.978078 0.207964 -0.010682
vn 0.313017 -0.949378 -0.026502
vn 0.380930 -0.848449 0.367461
vn -0.939094 0.141891 -0.313002
vn 0.678724 0.733972 -0.024856
vn 0.814080 0.580102 0.027478
vn 0.769664 0.635053 0.065770
vn -0.802244 -0.028755 -0.596303
vn 0.040003 -0.995741 -0.083066
vn 0.299710 -0.951575 -0.068407
vn 0.278630 -0.958291 0.063595
vn 0.056867 -0.997351 0.045350
vn 0.756527 -0.252350 -0.603313
vn 0.000000 -0.997351 0.072735
vn -0.087807 -0.995936 -0.020041
vn 0.419841 -0.252355 0.871809
vn -0.124001 -0.958291 0.257492
vn -0.240349 -0.951575 0.191670
vn -0.223444 -0.958291 -0.178190
vn -0.133384 -0.951575 -0.276974
vn 0.000000 -0.252352 -0.967636
vn -0.943377 -0.252346 0.215318
vn -0.729681 0.659126 0.181987
vn -0.829719 0.557128 0.034262
vn 0.171024 -0.692728 0.700628
vn 0.035126 -0.124437 -0.991606
vn -0.729687 0.659119 -0.181987
vn 0.745139 0.661953 -0.081151
vn 0.767862 0.636163 0.075397
vn -0.829725 0.557120 -0.034265
vn -0.562248 -0.537907 0.628119
vn 0.244829 -0.965175 0.092175
vn -0.021626 -0.451144 -0.892189
vn -0.641667 -0.209902 0.737703
vn -0.812542 -0.029114 0.582176
vn 0.160345 -0.694499 -0.701399
vn 0.380919 -0.848453 -0.367462
vn -0.939100 0.141884 0.312987
vn -0.703003 0.122462 0.700564
vn 0.206102 0.149696 0.967013
vn 0.799855 0.541291 0.259299
vn -0.951462 0.301400 -0.062273
vn -0.639555 -0.298325 0.708500
vn -0.847714 -0.515703 -0.124220
vn 0.668846 -0.739377 0.077243
vn 0.219465 -0.336154 0.915880
vn 0.759516 0.648556 -0.050096
vn 0.777845 0.626627 -0.047907
vn -0.978077 0.207970 0.010683
vn 0.313028 -0.949374 0.026502
vn 0.814073 0.580113 -0.027480
vn 0.678727 0.733970 0.024855
vn 0.000000 0.991886 -0.127130
vn 0.062261 0.989651 -0.129287
vn -0.062262 0.989651 -0.129287
vn -0.168852 0.976400 -0.134654
vn -0.494710 0.861692 -0.112914
vn -0.494710 0.861692 0.112914
vn 0.494710 0.861692 0.112914
vn 0.168851 0.976400 0.134655
vn 0.494710 0.861691 -0.112916
vn 0.168851 0.976400 -0.134655
vn -0.168853 0.976400 0.134656
vn -0.062261 0.989651 0.129287
vn 0.000000 0.991886 0.127130
vn 0.062261 0.989651 0.129287
vn -0.419117 0.258693 -0.870298
vn -0.430887 0.117301 -0.894750
vn -0.000000 0.117301 -0.993096
vn -0.000002 0.258703 -0.965957
vn -0.755218 0.258695 -0.602265
vn -0.776434 0.117300 -0.619186
vn -0.941737 0.258709 -0.214945
vn -0.968199 0.117297 -0.220982
vn -0.941736 0.258711 0.214945
vn -0.968199 0.117297 0.220982
vn 0.941737 0.258709 0.214943
vn 0.968198 0.117295 0.220985
vn 0.776435 0.117300 0.619185
vn 0.755214 0.258707 0.602265
vn 0.941734 0.258717 -0.214949
vn 0.968198 0.117287 -0.220988
vn 0.755212 0.258719 -0.602262
vn 0.776432 0.117289 -0.619190
vn 0.419113 0.258714 -0.870294
vn 0.430888 0.117297 -0.894750
vn -0.755214 0.258706 0.602265
vn -0.776435 0.117301 0.619184
vn -0.419113 0.258707 0.870296
vn -0.430890 0.117298 0.894749
vn 0.000000 0.258711 0.965955
vn -0.000000 0.117294 0.993097
vn 0.419111 0.258709 0.870296
vn 0.430891 0.117297 0.894748
vn 0.000000 -0.368351 0.929687
vn 0.403375 -0.368358 0.837616
vn -0.403373 -0.368359 0.837617
vn -0.726854 -0.368367 0.579646
vn -0.906374 -0.368362 0.206873
vn 0.726857 -0.368353 -0.579651
vn 0.403374 -0.368357 -0.837617
vn 0.906375 -0.368356 -0.206878
vn 0.906375 -0.368359 0.206873
vn 0.726854 -0.368364 0.579648
vn -0.906374 -0.368362 -0.206873
vn -0.726854 -0.368367 -0.579646
vn -0.403373 -0.368365 -0.837614
vn -0.000002 -0.368363 -0.929682
vn 0.615203 0.122462 -0.778800
vn -0.319033 0.149698 -0.935846
vn -0.824916 0.541283 -0.162869
vn 0.952149 0.301399 -0.050703
vn 0.551254 -0.298322 -0.779181
vn 0.856450 -0.515713 0.023084
vn -0.673282 -0.739382 0.002410
vn -0.326248 -0.336152 -0.883495
vn -0.633263 -0.226782 -0.739965
vn -0.970002 -0.100402 -0.221396
vn -0.970002 -0.100402 0.221396
vn -0.777881 -0.100401 -0.620340
vn -0.431689 -0.100401 -0.896417
vn 0.000001 -0.100403 -0.994947
vn 0.368294 -0.111672 -0.922978
vn 0.775074 -0.128590 -0.618648
vn 0.982534 -0.108956 -0.150848
vn 0.970002 -0.100402 0.221394
vn 0.777880 -0.100401 0.620340
vn 0.431693 -0.100402 0.896415
vn 0.000000 -0.100402 0.994947
vn -0.431692 -0.100402 0.896416
vn -0.777881 -0.100402 0.620339
vn -0.780621 -0.055623 0.622525
vn -0.973419 -0.055618 0.222175
vn -0.433213 -0.055626 0.899573
vn -0.000000 -0.055626 0.998452
vn 0.433214 -0.055626 0.899573
vn 0.780620 -0.055627 0.622526
vn 0.973418 -0.055630 0.222176
vn 0.973418 -0.055633 -0.222178
vn 0.780621 -0.055626 -0.622525
vn 0.433213 -0.055619 -0.899574
vn -0.000000 -0.055618 -0.998452
vn -0.433212 -0.055616 -0.899575
vn -0.957945 -0.185838 -0.218644
vn -0.957945 -0.185838 0.218645
vn -0.719095 -0.392490 -0.573459
vn -0.367652 -0.531026 -0.763442
vn 0.000001 -0.575053 -0.818116
vn 0.261389 -0.643219 -0.719684
vn 0.602837 -0.634488 -0.483748
vn -0.719094 -0.392491 0.573458
vn -0.367655 -0.531024 0.763442
vn -0.000000 -0.575053 0.818116
vn 0.367102 -0.533058 0.762290
vn 0.716726 -0.399512 0.571571
vn 0.958166 -0.184637 0.218693
vn 0.965682 -0.226435 -0.127224
vn -0.780622 -0.055615 -0.622524
vn -0.973419 -0.055617 -0.222174
s 1
g bucker1
usemtl blinn2SG
f 1321/2152/3036 1317/2153/3037 1318/2154/3038
f 1315/2155/3039 1314/2156/3040 1313/2157/3041 1312/2158/3042
f 1314/2156/3040 1315/2155/3039 1316/2159/3043
f 1315/2155/3039 1318/2160/3038 1317/2153/3037 1316/2159/3043
f 1317/2153/3037 1321/2152/3036 1320/2161/3044 1319/2162/3045
s 3
f 1322/2163/3046 1486/2164/3047 1323/2165/3048
f 1323/2165/3048 1427/2166/3049 1322/2163/3046
f 1424/2167/3050 1324/2168/3051 1323/2165/3048
f 1323/2165/3048 1325/2169/3052 1424/2167/3050
f 1327/2170/3053 1341/2171/3054 1342/2172/3055
f 1342/2172/3055 1326/2173/3056 1327/2170/3053
f 1328/2174/3057 1327/2175/3053 1326/2176/3056
f 1326/2176/3056 1340/2177/3058 1328/2174/3057
f 1329/2178/3059 1340/2177/3058 1326/2176/3056
f 1326/2176/3056 1485/2179/3060 1329/2178/3059
s 6
f 1333/2180/3061 1331/2181/3062 1330/2182/3063 1368/2183/3064
f 1333/2180/3061 1332/2184/3065 1331/2181/3062
f 1372/2185/3066 1335/2186/3067 1333/2180/3061 1368/2183/3064
f 1372/2185/3066 1368/2183/3064 1374/2187/3068
f 1335/2186/3067 1372/2185/3066 1371/2188/3069 1334/2189/3070
f 1335/2186/3067 1338/2190/3071 1336/2191/3072 1333/2180/3061
f 1336/2191/3072 1337/2192/3073 1333/2180/3061
f 1334/2189/3070 1339/2193/3074 1335/2186/3067
s 3
f 1427/2166/3049 1323/2165/3048 1426/2194/3075
f 1426/2194/3075 1323/2165/3048 1324/2168/3051
f 1324/2168/3051 1425/2195/3076 1426/2194/3075
f 1341/2171/3054 1328/2174/3057 1340/2177/3058
f 1340/2177/3058 1342/2172/3055 1341/2171/3054
f 1342/2172/3055 1340/2177/3058 1329/2178/3059
f 1329/2178/3059 1428/2196/3077 1342/2172/3055
f 1322/2163/3046 1428/2196/3077 1329/2178/3059
f 1329/2178/3059 1486/2164/3047 1322/2163/3046
s 7
f 1355/2197/3078 1344/2198/3079 1343/2199/3080
f 1358/2200/3081 1343/2199/3080 1344/2198/3079
f 1344/2198/3079 1345/2201/3082 1358/2200/3081
s 1
f 1319/2162/3045 1314/2156/3040 1316/2159/3043 1317/2153/3037
f 1313/2157/3041 1314/2156/3040 1319/2162/3045 1320/2161/3044
f 1312/2158/3042 1313/2157/3041 1320/2161/3044 1321/2152/3036
f 1318/2154/3038 1315/2202/3039 1312/2158/3042 1321/2152/3036
s 7
f 1362/2203/3083 1357/2204/3084 1345/2201/3082
f 1345/2201/3082 1344/2198/3079 1362/2203/3083
f 1344/2198/3079 1355/2197/3078 1362/2203/3083
f 1362/2203/3083 1355/2197/3078 1356/2205/3085
f 1356/2205/3085 1361/2206/3086 1362/2203/3083
f 1367/2207/3087 1361/2206/3086 1356/2205/3085
f 1356/2205/3085 1346/2208/3088 1367/2207/3087
f 1367/2207/3087 1346/2208/3088 1363/2209/3089
f 1363/2209/3089 1366/2210/3090 1367/2207/3087
s 9
f 1348/2211/3091 1347/2212/3092 1352/2213/3093
f 1352/2213/3093 1349/2214/3094 1348/2211/3091
f 1350/2215/3095 1351/2216/3096 1353/2217/3097 1354/2218/3098
f 1349/2219/3094 1351/2220/3096 1350/2221/3095 1348/2222/3091
f 1352/2223/3093 1347/2224/3092 1354/2225/3098
f 1354/2225/3098 1353/2226/3097 1352/2223/3093
f 1347/2212/3092 1348/2211/3091 1350/2227/3095 1354/2228/3098
s 7
f 1356/2205/3085 1355/2197/3078 1343/2199/3080
f 1343/2199/3080 1359/2229/3099 1356/2205/3085
f 1357/2230/3084 1362/2231/3083 1343/2199/3080
f 1343/2199/3080 1358/2200/3081 1357/2230/3084
f 1367/2232/3087 1360/2233/3100 1359/2229/3099
f 1359/2229/3099 1361/2234/3086 1367/2232/3087
f 1361/2234/3086 1359/2229/3099 1343/2199/3080
f 1343/2199/3080 1362/2231/3083 1361/2234/3086
f 1364/2235/3101 1366/2210/3090 1363/2209/3089
f 1363/2209/3089 1365/2236/3102 1364/2235/3101
f 1360/2233/3100 1367/2232/3087 1366/2237/3090
f 1366/2237/3090 1375/2238/3103 1360/2233/3100
f 1376/2239/3104 1375/2238/3103 1366/2237/3090
f 1366/2237/3090 1364/2240/3101 1376/2239/3104
s 6
f 1337/2241/3073 1479/2242/3105 1480/2243/3106 1333/2244/3061
f 1336/2245/3072 1477/2246/3107 1479/2242/3105 1337/2241/3073
f 1338/2247/3071 1476/2248/3108 1477/2246/3107 1336/2245/3072
f 1335/2249/3067 1475/2250/3109 1476/2248/3108 1338/2247/3071
f 1339/2251/3074 1369/2252/3110 1475/2250/3109 1335/2249/3067
f 1330/2253/3063 1483/2254/3111 1482/2255/3112 1368/2256/3064
f 1331/2257/3062 1484/2258/3113 1483/2254/3111 1330/2253/3063
f 1332/2259/3065 1481/2260/3114 1484/2258/3113 1331/2257/3062
f 1333/2244/3061 1480/2243/3106 1481/2260/3114 1332/2259/3065
f 1334/2261/3070 1474/2262/3115 1369/2263/3110 1339/2264/3074
f 1371/2265/3069 1370/2266/3116 1474/2262/3115 1334/2261/3070
f 1372/2267/3066 1478/2268/3117 1370/2266/3116 1371/2265/3069
f 1374/2269/3068 1373/2270/3118 1478/2268/3117 1372/2267/3066
f 1368/2256/3064 1482/2255/3112 1373/2270/3118 1374/2269/3068
s 7
f 1356/2205/3085 1359/2229/3099 1360/2233/3100
f 1360/2233/3100 1346/2208/3088 1356/2205/3085
f 1363/2209/3089 1346/2208/3088 1360/2233/3100
f 1360/2233/3100 1375/2238/3103 1363/2209/3089
f 1365/2236/3102 1363/2209/3089 1375/2238/3103
f 1375/2238/3103 1376/2239/3104 1365/2236/3102
s 10
f 1413/2271/3119 1468/2272/3120 1377/2273/3121 1415/2274/3122
f 1411/2275/3123 1467/2276/3124 1468/2272/3120 1413/2271/3119
f 1409/2277/3125 1471/2278/3126 1467/2276/3124 1411/2275/3123
f 1379/2279/3127 1378/2280/3128 1471/2278/3126 1409/2277/3125
f 1382/2281/3129 1381/2282/3130 1380/2283/3131 1406/2284/3132
f 1403/2285/3133 1383/2286/3134 1381/2282/3130 1382/2281/3129
f 1401/2287/3135 1384/2288/3136 1383/2286/3134 1403/2285/3133
f 1398/2289/3137 1385/2290/3138 1384/2288/3136 1401/2287/3135
f 1415/2274/3122 1377/2273/3121 1385/2290/3138 1398/2289/3137
f 1397/2291/3139 1386/2292/3140 1378/2293/3128 1379/2294/3127
f 1388/2295/3141 1387/2296/3142 1386/2292/3140 1397/2291/3139
f 1394/2297/3143 1389/2298/3144 1387/2296/3142 1388/2295/3141
f 1391/2299/3145 1390/2300/3146 1389/2298/3144 1394/2297/3143
f 1406/2284/3132 1380/2283/3131 1390/2300/3146 1391/2299/3145
f 1394/2297/3143 1393/2301/3147 1392/2302/3148 1391/2299/3145
f 1388/2295/3141 1395/2303/3149 1393/2301/3147 1394/2297/3143
f 1397/2291/3139 1396/2304/3150 1395/2303/3149 1388/2295/3141
f 1379/2294/3127 1407/2305/3151 1396/2304/3150 1397/2291/3139
f 1401/2287/3135 1400/2306/3152 1399/2307/3153 1398/2289/3137
f 1403/2285/3133 1402/2308/3154 1400/2306/3152 1401/2287/3135
f 1382/2281/3129 1404/2309/3155 1402/2308/3154 1403/2285/3133
f 1406/2284/3132 1405/2310/3156 1404/2309/3155 1382/2281/3129
f 1391/2299/3145 1392/2302/3148 1405/2310/3156 1406/2284/3132
f 1409/2277/3125 1408/2311/3157 1407/2312/3151 1379/2279/3127
f 1411/2275/3123 1410/2313/3158 1408/2311/3157 1409/2277/3125
f 1413/2271/3119 1412/2314/3159 1410/2313/3158 1411/2275/3123
f 1415/2274/3122 1414/2315/3160 1412/2314/3159 1413/2271/3119
f 1399/2307/3153 1414/2315/3160 1415/2274/3122 1398/2289/3137
s 12
f 1422/2316/3161 1423/2317/3162 1418/2318/3163
f 1418/2318/3163 1417/2319/3164 1422/2316/3161
f 1421/2320/3165 1416/2321/3166 1419/2322/3167 1420/2323/3168
f 1417/2324/3164 1416/2325/3166 1421/2326/3165 1422/2327/3161
f 1418/2328/3163 1423/2329/3162 1420/2330/3168
f 1420/2330/3168 1419/2331/3167 1418/2328/3163
f 1423/2317/3162 1422/2316/3161 1421/2332/3165 1420/2333/3168
s 3
f 1425/2195/3076 1424/2334/3050 1325/2335/3052
f 1325/2335/3052 1426/2194/3075 1425/2195/3076
f 1426/2194/3075 1325/2335/3052 1427/2166/3049
f 1322/2163/3046 1427/2166/3049 1325/2335/3052
f 1325/2335/3052 1487/2336/3169 1322/2163/3046
f 1322/2163/3046 1487/2336/3169 1485/2337/3060
f 1485/2337/3060 1428/2196/3077 1322/2163/3046
f 1342/2172/3055 1428/2196/3077 1485/2337/3060
f 1485/2337/3060 1326/2173/3056 1342/2172/3055
s 10
f 1442/2338/3170 1465/2339/3171 1407/2312/3151 1408/2311/3157
f 1443/2340/3172 1442/2338/3170 1408/2311/3157 1410/2313/3158
f 1444/2341/3173 1443/2340/3172 1410/2313/3158 1412/2314/3159
f 1445/2342/3174 1444/2341/3173 1412/2314/3159 1414/2315/3160
f 1446/2343/3175 1445/2342/3174 1414/2315/3160 1399/2307/3153
f 1457/2344/3176 1446/2343/3175 1399/2307/3153 1400/2306/3152
f 1429/2345/3177 1457/2344/3176 1400/2306/3152 1402/2308/3154
f 1459/2346/3178 1429/2345/3177 1402/2308/3154 1404/2309/3155
f 1430/2347/3179 1459/2346/3178 1404/2309/3155 1405/2310/3156
f 1461/2348/3180 1430/2347/3179 1405/2310/3156 1392/2302/3148
f 1462/2349/3181 1461/2348/3180 1392/2302/3148 1393/2301/3147
f 1464/2350/3182 1462/2349/3181 1393/2301/3147 1395/2303/3149
f 1431/2351/3183 1464/2350/3182 1395/2303/3149 1396/2304/3150
f 1465/2352/3171 1431/2351/3183 1396/2304/3150 1407/2305/3151
f 1432/2353/3184 1473/2354/3185 1378/2355/3128 1386/2356/3140
f 1433/2357/3186 1432/2353/3184 1386/2356/3140 1387/2358/3142
f 1434/2359/3187 1433/2357/3186 1387/2358/3142 1389/2360/3144
f 1435/2361/3188 1434/2359/3187 1389/2360/3144 1390/2362/3146
f 1436/2363/3189 1435/2361/3188 1390/2362/3146 1380/2364/3131
f 1437/2365/3190 1436/2363/3189 1380/2364/3131 1381/2366/3130
f 1438/2367/3191 1437/2365/3190 1381/2366/3130 1383/2368/3134
f 1439/2369/3192 1438/2367/3191 1383/2368/3134 1384/2370/3136
f 1440/2371/3193 1439/2369/3192 1384/2370/3136 1385/2372/3138
f 1441/2373/3194 1440/2371/3193 1385/2372/3138 1377/2374/3121
f 1469/2375/3195 1441/2373/3194 1377/2374/3121 1468/2376/3120
f 1447/2377/3196 1466/2378/3197 1465/2379/3171 1442/2380/3170
f 1449/2381/3198 1447/2377/3196 1442/2380/3170 1443/2382/3172
f 1450/2383/3199 1449/2381/3198 1443/2382/3172 1444/2384/3173
f 1445/2385/3174 1452/2386/3200 1450/2383/3199 1444/2384/3173
f 1446/2387/3175 1453/2388/3201 1452/2386/3200 1445/2385/3174
f 1453/2388/3201 1446/2387/3175 1457/2389/3176
f 1457/2389/3176 1458/2390/3202 1453/2388/3201
f 1449/2391/3198 1448/2392/3203 1466/2393/3197 1447/2394/3196
f 1451/2395/3204 1448/2392/3203 1449/2391/3198 1450/2396/3199
f 1463/2397/3205 1451/2395/3204 1450/2396/3199 1452/2398/3200
f 1454/2399/3206 1463/2397/3205 1452/2398/3200 1453/2400/3201
f 1458/2401/3202 1455/2402/3207 1454/2399/3206 1453/2400/3201
f 1460/2403/3208 1455/2402/3207 1458/2401/3202 1456/2404/3209
f 1458/2390/3202 1457/2389/3176 1429/2405/3177
f 1429/2405/3177 1456/2406/3209 1458/2390/3202
f 1460/2407/3208 1456/2406/3209 1429/2405/3177 1459/2408/3178
f 1455/2409/3207 1460/2407/3208 1459/2408/3178 1430/2410/3179
f 1454/2411/3206 1455/2409/3207 1430/2410/3179 1461/2412/3180
f 1463/2413/3205 1454/2411/3206 1461/2412/3180 1462/2414/3181
f 1451/2415/3204 1463/2413/3205 1462/2414/3181 1464/2416/3182
f 1448/2417/3203 1451/2415/3204 1464/2416/3182 1431/2418/3183
f 1466/2419/3197 1448/2417/3203 1431/2418/3183 1465/2420/3171
f 1470/2421/3210 1469/2375/3195 1468/2376/3120 1467/2422/3124
f 1472/2423/3211 1470/2421/3210 1467/2422/3124 1471/2424/3126
f 1473/2425/3185 1472/2423/3211 1471/2424/3126 1378/2426/3128
s 6
f 1476/2427/3108 1475/2428/3109 1369/2429/3110 1474/2430/3115
f 1477/2431/3107 1476/2427/3108 1474/2430/3115 1370/2432/3116
f 1479/2433/3105 1477/2431/3107 1370/2432/3116 1478/2434/3117
f 1480/2435/3106 1479/2433/3105 1478/2434/3117 1373/2436/3118
f 1482/2437/3112 1481/2438/3114 1480/2435/3106 1373/2436/3118
f 1484/2439/3113 1481/2438/3114 1482/2437/3112 1483/2440/3111
s 3
f 1486/2164/3047 1329/2178/3059 1485/2179/3060
f 1485/2179/3060 1487/2441/3169 1486/2164/3047
f 1323/2165/3048 1486/2164/3047 1487/2441/3169
f 1487/2441/3169 1325/2169/3052 1323/2165/3048
g default
v -8.328052 3.055411 154.301361
v 0.632396 0.107923 131.531509
v -7.204431 1.814988 131.601974
v -11.721923 6.564165 130.839951
v -12.109274 9.508357 158.904358
v -10.141484 33.625324 130.120590
v -8.113143 37.610329 150.810638
v -7.332371 61.428417 126.941071
v -5.192320 62.995598 143.034439
v -7.406055 81.253372 117.557274
v -6.117769 82.652657 138.312698
v 0.632392 37.610332 157.725037
v 0.632397 5.176438 167.861664
v 0.646749 63.194733 146.812180
v 6.576440 62.925495 142.591003
v 9.377932 37.610329 151.216034
v 12.194259 9.508357 158.943222
v 8.169146 3.140958 154.846191
v 0.632393 82.652657 141.389679
v 6.745807 82.652657 138.244553
v 7.952104 92.782684 137.318420
v 7.568437 102.825340 134.507721
v 11.510848 101.716370 117.555870
v 10.895253 91.179436 117.556595
v 9.491573 81.402473 117.557266
v 8.396097 61.382191 124.982376
v 11.424640 35.917675 129.421661
v 14.943404 6.633076 131.511673
v 4.937507 82.652657 93.276489
v 8.084515 60.840916 111.470566
v 11.195634 32.825478 106.641541
v 14.990877 5.823145 102.090523
v 10.236072 1.731097 131.621048
v 10.481260 1.474639 100.484657
v 5.366716 61.013889 89.095505
v 8.767726 28.657084 83.134628
v 0.632400 -0.000001 98.749786
v 11.799419 7.048745 76.315750
v 0.632393 28.003794 79.766846
v 0.632397 2.288100 160.130920
v 0.632401 5.808106 67.130341
v 7.455562 2.427672 78.346733
v -10.525046 9.110818 72.475014
v -7.372120 28.832596 82.945908
v 0.665474 61.013889 86.249687
v -3.319880 82.652657 93.382507
v 0.671234 82.652657 91.114548
v 0.634648 92.782684 92.570015
v -5.496254 102.421478 100.042801
v 0.634661 102.731865 97.444023
v 0.632397 112.279221 109.480927
v 6.123890 92.294754 95.186111
v 6.614720 102.211166 99.229134
v 5.702808 111.244164 109.473083
v 0.632397 114.111572 117.555016
v 7.699807 111.015564 117.555237
v 5.864809 111.244164 126.655701
v -6.559093 110.998039 117.555237
v -10.408691 91.179436 117.556595
v -7.370852 92.782684 135.560638
v -10.662971 101.716370 117.555870
v -7.303466 103.234528 133.197601
v -5.128108 110.621109 126.661110
v 0.632393 103.917282 136.798889
v 0.632396 112.279221 126.646729
v 0.632396 93.124062 139.811630
v 3.629025 129.419907 114.480614
v 5.573929 117.454216 112.535713
v 0.632399 129.419907 113.239365
v 0.632399 117.454216 110.488876
v -4.309135 117.454216 112.535713
v -6.355969 117.454216 117.477242
v -4.226662 112.129105 117.477242
v -2.803474 112.129105 114.041374
v 0.632399 112.129105 112.618187
v 4.068267 112.129105 114.041374
v -2.364232 129.419907 114.480614
v -3.605479 129.419907 117.477242
v -4.309136 117.454216 122.418777
v 0.632399 129.419907 121.715118
v 0.632399 117.454216 124.465607
v 3.629025 129.419907 120.473869
v 5.573928 117.454216 122.418777
v 4.870272 129.419907 117.477242
v 7.620762 117.454216 117.477242
v 5.491455 112.129105 117.477242
v 4.068267 112.129105 120.913116
v 0.632399 112.129105 122.336304
v -2.803474 112.129105 120.913116
v 0.632399 391.182129 121.715103
v -2.364232 391.182129 120.473862
v -3.605479 391.182129 117.477226
v 3.629025 391.182129 120.473862
v 3.629025 391.182129 114.480598
v 0.632399 391.182129 113.239357
v -9.795585 30.281160 104.520798
v -3.887901 61.013889 88.762001
v -14.990875 6.307065 97.240036
v -5.813982 3.387538 77.419632
v -10.407471 1.861011 97.394035
v 0.632404 2.288096 73.620560
v -6.895744 60.693851 108.983139
v -4.705603 92.399910 95.598633
v -4.438015 111.244164 109.473083
v -2.364232 391.182129 114.480598
v 4.870272 391.182129 117.477226
v -2.364232 129.419907 120.473869
vt 0.241821 0.257324
vt 0.361328 0.208008
vt 0.354736 0.260254
vt 0.102173 0.313477
vt 0.258057 0.294922
vt 0.268310 0.325684
vt 0.387695 0.282715
vt 0.318848 0.438477
vt 0.412598 0.415039
vt 0.360596 0.560791
vt 0.435547 0.537354
vt 0.355713 0.661621
vt 0.444824 0.630615
vt 0.465332 0.401856
vt 0.457031 0.248535
vt 0.381103 0.243164
vt 0.429443 0.223633
vt 0.474365 0.529541
vt 0.515137 0.531494
vt 0.517578 0.407227
vt 0.524414 0.274902
vt 0.525879 0.235840
vt 0.483398 0.222168
vt 0.515137 0.624512
vt 0.480957 0.622559
vt 0.584961 0.723145
vt 0.518066 0.709717
vt 0.516113 0.667725
vt 0.597168 0.682129
vt 0.607910 0.642090
vt 0.598144 0.546631
vt 0.614746 0.429199
vt 0.645508 0.300293
vt 0.712891 0.681885
vt 0.660156 0.562012
vt 0.718262 0.445801
vt 0.770508 0.333984
vt 0.652344 0.269531
vt 0.786133 0.309082
vt 0.758789 0.593750
vt 0.828125 0.458496
vt 0.550781 0.243652
vt 0.533691 0.201172
vt 0.663574 0.222168
vt 0.809570 0.264648
vt 0.883301 0.334473
vt 0.880859 0.367676
vt 0.868652 0.479492
vt 0.916504 0.310547
vt 0.903320 0.346191
vt 0.940918 0.358887
vt 0.945801 0.392090
vt 0.972656 0.447754
vt 0.897461 0.511475
vt 0.803223 0.621338
vt 0.783203 0.605957
vt 0.753418 0.708496
vt 0.997559 0.415527
vt 0.978027 0.384277
vt 0.734863 0.693848
vt 0.730469 0.754883
vt 0.710449 0.732910
vt 0.688477 0.796753
vt 0.675293 0.766968
vt 0.622559 0.820679
vt 0.613281 0.795654
vt 0.688477 0.716309
vt 0.657715 0.747070
vt 0.608887 0.773071
vt 0.576172 0.798828
vt 0.575684 0.762817
vt 0.530762 0.760864
vt 0.531250 0.795532
vt 0.532227 0.830811
vt 0.579590 0.838989
vt 0.374512 0.704590
vt 0.446777 0.676758
vt 0.394287 0.746582
vt 0.455078 0.720459
vt 0.458252 0.765381
vt 0.489502 0.713379
vt 0.496582 0.771118
vt 0.484375 0.667969
vt 0.133911 0.065430
vt 0.150024 0.135254
vt 0.130737 0.140137
vt 0.104309 0.069824
vt 0.161133 0.061523
vt 0.170898 0.132324
vt 0.185303 0.026367
vt 0.213257 0.024902
vt 0.214111 0.058105
vt 0.187622 0.059082
vt 0.157959 0.028809
vt 0.131958 0.032715
vt 0.108276 0.033691
vt 0.192505 0.130859
vt 0.214477 0.129883
vt 0.240723 0.059082
vt 0.236450 0.130859
vt 0.267578 0.061035
vt 0.258301 0.132324
vt 0.295410 0.063965
vt 0.279541 0.135742
vt 0.326416 0.068359
vt 0.300049 0.140625
vt 0.296143 0.029785
vt 0.321533 0.030273
vt 0.269043 0.027344
vt 0.241333 0.025391
vt 0.043762 0.806885
vt 0.058289 0.841919
vt 0.043762 0.835938
vt 0.037750 0.821411
vt 0.072754 0.835938
vt 0.058258 0.800903
vt 0.078796 0.821411
vt 0.072754 0.806885
vt 0.198730 0.632813
vt 0.114380 0.510254
vt 0.207153 0.474609
vt 0.133545 0.388672
vt 0.035492 0.442383
vt 0.035706 0.397461
vt 0.121887 0.364746
vt 0.003229 0.377441
vt 0.282959 0.592041
vt 0.256103 0.713867
vt 0.283447 0.751343
vt 0.321777 0.785889
vt 0.379150 0.808594
vt 0.416016 0.788208
vt 0.001451 0.911560
vt 0.999023 0.911560
vt 0.999023 0.924499
vt 0.001451 0.924499
vt 0.001451 0.898865
vt 0.999023 0.898865
vt 0.001451 0.886597
vt 0.999023 0.886597
vt 0.001451 0.976227
vt 0.999023 0.976227
vt 0.999023 0.988731
vt 0.001451 0.988731
vt 0.001451 0.963440
vt 0.999023 0.963440
vt 0.001451 0.950470
vt 0.999023 0.950470
vt 0.001451 0.937439
vt 0.999023 0.937500
vn 0.027083 -0.998926 0.037609
vn 0.036629 -0.986873 0.157291
vn -0.510771 -0.847847 0.142370
vn -0.022269 -0.999381 -0.027235
vn -0.442604 -0.896239 0.029268
vn -0.994795 -0.090230 0.047349
vn -0.896548 0.057264 0.439230
vn -0.994047 0.105139 0.028583
vn -0.916839 0.213067 0.337651
vn -0.995898 0.080578 0.041159
vn -0.923233 0.161737 0.348542
vn -0.994741 -0.088724 -0.051178
vn -0.941399 0.000280 0.337296
vn -0.016196 0.349463 0.936810
vn -0.009987 0.105448 0.994375
vn 0.031948 0.337872 0.940650
vn 0.935189 0.146582 0.322389
vn 0.915521 0.201536 0.348146
vn 0.894896 0.057163 0.442598
vn 0.393888 -0.908110 0.142091
vn 0.941020 0.022472 0.337604
vn -0.010955 0.204210 0.978866
vn 0.992145 0.119927 -0.035580
vn 0.820233 0.324342 0.471189
vn 0.898905 0.029411 0.437155
vn 0.994666 -0.094799 -0.040653
vn 0.998185 -0.047601 -0.036884
vn 0.997133 0.058815 0.047614
vn 0.991980 0.122227 0.032180
vn 0.998421 -0.031202 0.046723
vn 0.947301 0.040964 -0.317715
vn 0.995060 0.056020 -0.081963
vn 0.988755 0.131705 -0.070831
vn 0.997961 -0.026006 -0.058295
vn 0.360632 -0.931291 0.051387
vn 0.383251 -0.923032 -0.033640
vn 0.943938 0.115055 -0.309425
vn 0.908947 0.197024 -0.367420
vn 0.395146 -0.900009 -0.183966
vn 0.903884 0.088575 -0.418507
vn 0.065108 0.343307 -0.936964
vn -0.053268 -0.970041 -0.237031
vn 0.172670 0.270144 -0.947210
vn -0.829466 0.142200 -0.540153
vn -0.895709 0.247498 -0.369392
vn -0.938599 0.122696 -0.322456
vn 0.036992 0.202708 -0.978540
vn -0.951916 0.035050 -0.304348
vn -0.440639 -0.873663 -0.206279
vn -0.008179 0.189153 -0.981914
vn -0.906748 0.026440 -0.420843
vn -0.038290 0.270375 -0.961993
vn -0.830151 0.317746 -0.458133
vn -0.036081 0.611568 -0.790369
vn -0.691002 0.629562 -0.355201
vn -0.000010 0.876059 -0.482204
vn 0.916007 0.023899 -0.400451
vn 0.831192 0.324265 -0.451633
vn 0.710940 0.613456 -0.343856
vn 0.019902 0.999091 0.037706
vn 0.778081 0.628115 0.007825
vn 0.704102 0.636609 0.314595
vn -0.010102 0.903998 0.427417
vn -0.668543 0.667564 0.327734
vn -0.760402 0.649385 -0.009360
vn -0.988388 -0.138618 -0.062241
vn -0.894959 0.043596 0.444014
vn -0.988513 0.138271 -0.061011
vn -0.822448 0.314102 0.474256
vn -0.053326 0.498500 0.865248
vn -0.089778 0.211965 0.973145
vn 0.706700 0.033900 -0.706700
vn 0.707039 0.013796 -0.707040
vn 0.999905 0.013796 0.000000
vn 0.999425 0.033900 0.000000
vn 0.000000 0.033900 -0.999425
vn 0.000000 0.013796 -0.999905
vn -0.656563 -0.371281 -0.656563
vn -0.928521 -0.371281 -0.000000
vn -0.999425 0.033900 -0.000000
vn -0.706700 0.033900 -0.706701
vn 0.000000 -0.371281 -0.928521
vn 0.656563 -0.371281 -0.656563
vn 0.928521 -0.371281 0.000000
vn -0.707039 0.013796 -0.707040
vn -0.999905 0.013796 0.000000
vn -0.706700 0.033900 0.706700
vn -0.707040 0.013796 0.707040
vn 0.000000 0.033900 0.999425
vn 0.000000 0.013796 0.999905
vn 0.706701 0.033900 0.706700
vn 0.707040 0.013796 0.707039
vn 0.656563 -0.371281 0.656563
vn -0.000000 -0.371281 0.928521
vn -0.656563 -0.371281 0.656563
vn 0.706962 0.020233 0.706962
vn -0.999795 0.020233 0.000000
vn -0.707055 0.012141 0.707055
vn 0.000000 0.012142 0.999926
vn -0.706962 0.020233 -0.706963
vn 0.999795 0.020233 0.000000
vn 0.000000 0.012141 -0.999926
vn 0.707054 0.012141 -0.707055
vn -0.982284 0.169965 -0.078930
vn -0.998659 -0.023562 -0.046097
vn -0.393719 -0.918508 -0.036454
vn -0.993005 0.072192 -0.093426
s 1
g Broom
usemtl blinn4SG
f 1489/2442/3212 1527/2443/3213 1488/2444/3214
f 1524/2445/3215 1489/2442/3212 1490/2446/3216
f 1488/2444/3214 1490/2446/3216 1489/2442/3212
f 1491/2447/3217 1490/2446/3216 1488/2444/3214
f 1488/2444/3214 1492/2448/3218 1491/2447/3217
f 1493/2449/3219 1491/2447/3217 1492/2448/3218
f 1492/2448/3218 1494/2450/3220 1493/2449/3219
f 1495/2451/3221 1493/2449/3219 1494/2450/3220
f 1494/2450/3220 1496/2452/3222 1495/2451/3221
f 1497/2453/3223 1495/2451/3221 1496/2452/3222
f 1496/2452/3222 1498/2454/3224 1497/2453/3223
f 1496/2452/3222 1494/2450/3220 1499/2455/3225
f 1499/2455/3225 1494/2450/3220 1492/2448/3218
f 1492/2448/3218 1500/2456/3226 1499/2455/3225
f 1500/2456/3226 1492/2448/3218 1488/2457/3214
f 1488/2457/3214 1527/2458/3213 1500/2456/3226
f 1499/2455/3225 1501/2459/3227 1496/2452/3222
f 1502/2460/3228 1501/2459/3227 1499/2455/3225
f 1499/2455/3225 1503/2461/3229 1502/2460/3228
f 1504/2462/3230 1503/2461/3229 1499/2455/3225
f 1499/2455/3225 1500/2456/3226 1504/2462/3230
f 1505/2463/3231 1504/2462/3230 1500/2456/3226
f 1500/2456/3226 1527/2464/3213 1505/2463/3231
f 1507/2465/3232 1506/2466/3233 1501/2459/3227
f 1501/2459/3227 1502/2460/3228 1507/2465/3232
f 1510/2467/3234 1509/2468/3235 1508/2469/3236
f 1508/2469/3236 1511/2470/3237 1510/2467/3234
f 1511/2470/3237 1508/2469/3236 1507/2465/3232
f 1507/2465/3232 1512/2471/3238 1511/2470/3237
f 1512/2471/3238 1507/2465/3232 1502/2460/3228
f 1502/2460/3228 1513/2472/3239 1512/2471/3238
f 1513/2472/3239 1502/2460/3228 1503/2461/3229
f 1503/2461/3229 1514/2473/3240 1513/2472/3239
f 1514/2473/3240 1503/2461/3229 1504/2462/3230
f 1504/2462/3230 1515/2474/3241 1514/2473/3240
f 1511/2470/3237 1512/2471/3238 1516/2475/3242
f 1512/2471/3238 1513/2472/3239 1517/2476/3243
f 1517/2476/3243 1513/2472/3239 1514/2473/3240
f 1514/2473/3240 1518/2477/3244 1517/2476/3243
f 1518/2477/3244 1514/2473/3240 1515/2474/3241
f 1515/2474/3241 1519/2478/3245 1518/2477/3244
f 1519/2478/3245 1515/2474/3241 1520/2479/3246
f 1520/2479/3246 1521/2480/3247 1519/2478/3245
f 1522/2481/3248 1517/2476/3243 1518/2477/3244
f 1518/2477/3244 1523/2482/3249 1522/2481/3248
f 1523/2482/3249 1518/2477/3244 1519/2478/3245
f 1515/2474/3241 1504/2462/3230 1505/2483/3231
f 1505/2483/3231 1520/2479/3246 1515/2474/3241
f 1527/2484/3213 1489/2485/3212 1520/2479/3246 1505/2483/3231
f 1520/2479/3246 1489/2485/3212 1524/2486/3215
f 1524/2486/3215 1521/2480/3247 1520/2479/3246
f 1529/2487/3250 1521/2480/3247 1524/2486/3215
f 1519/2478/3245 1521/2480/3247 1529/2487/3250
f 1529/2487/3250 1525/2488/3251 1519/2478/3245
f 1519/2478/3245 1525/2488/3251 1523/2482/3249
f 1526/2489/3252 1523/2482/3249 1525/2488/3251
f 1524/2486/3215 1588/2490/3253 1529/2487/3250
f 1529/2491/3250 1588/2492/3253 1528/2493/3254
f 1528/2493/3254 1525/2488/3251 1529/2491/3250
f 1525/2488/3251 1528/2493/3254 1526/2489/3252
f 1526/2489/3252 1528/2493/3254 1530/2494/3255
f 1530/2494/3255 1531/2495/3256 1526/2489/3252
f 1526/2489/3252 1531/2495/3256 1584/2496/3257
f 1584/2496/3257 1532/2497/3258 1526/2489/3252
f 1532/2497/3258 1584/2496/3257 1533/2498/3259
f 1586/2499/3260 1530/2494/3255 1528/2493/3254
f 1528/2493/3254 1588/2500/3253 1586/2499/3260
f 1522/2481/3248 1523/2482/3249 1526/2489/3252
f 1526/2489/3252 1532/2497/3258 1522/2481/3248
f 1522/2481/3248 1532/2497/3258 1534/2501/3261
f 1533/2498/3259 1534/2501/3261 1532/2497/3258
f 1534/2501/3261 1533/2498/3259 1590/2502/3262
f 1590/2502/3262 1535/2503/3263 1534/2501/3261
f 1535/2503/3263 1590/2502/3262 1536/2504/3264
f 1536/2504/3264 1537/2505/3265 1535/2503/3263
f 1537/2505/3265 1536/2504/3264 1591/2506/3266
f 1591/2506/3266 1538/2507/3267 1537/2505/3265
f 1534/2501/3261 1535/2503/3263 1539/2508/3268
f 1540/2509/3269 1539/2508/3268 1535/2503/3263
f 1535/2503/3263 1537/2505/3265 1540/2509/3269
f 1537/2505/3265 1538/2507/3267 1541/2510/3270
f 1541/2510/3270 1540/2509/3269 1537/2505/3265
f 1510/2467/3234 1540/2509/3269 1541/2510/3270
f 1539/2508/3268 1540/2509/3269 1510/2467/3234
f 1510/2467/3234 1511/2470/3237 1539/2508/3268
f 1516/2475/3242 1539/2508/3268 1511/2470/3237
f 1539/2508/3268 1516/2475/3242 1534/2501/3261
f 1534/2501/3261 1516/2475/3242 1522/2481/3248
f 1522/2481/3248 1516/2475/3242 1512/2471/3238
f 1512/2471/3238 1517/2476/3243 1522/2481/3248
f 1542/2511/3271 1538/2507/3267 1591/2506/3266
f 1541/2510/3270 1538/2507/3267 1542/2511/3271
f 1542/2511/3271 1543/2512/3272 1541/2510/3270
f 1541/2510/3270 1543/2512/3272 1510/2467/3234
f 1510/2467/3234 1543/2512/3272 1544/2513/3273
f 1552/2514/3274 1544/2513/3273 1543/2512/3272
f 1543/2512/3272 1542/2511/3271 1552/2514/3274
f 1550/2515/3275 1552/2514/3274 1542/2511/3271
f 1542/2511/3271 1545/2516/3276 1550/2515/3275
f 1591/2506/3266 1545/2516/3276 1542/2511/3271
f 1546/2517/3277 1497/2453/3223 1498/2454/3224
f 1498/2454/3224 1547/2518/3278 1546/2517/3277
f 1548/2519/3279 1546/2517/3277 1547/2518/3278
f 1547/2518/3278 1549/2520/3280 1548/2519/3279
f 1548/2519/3279 1549/2520/3280 1550/2521/3275
f 1550/2521/3275 1549/2520/3280 1551/2522/3281
f 1551/2522/3281 1552/2523/3274 1550/2521/3275
f 1544/2513/3273 1552/2523/3274 1551/2522/3281
f 1551/2522/3281 1509/2468/3235 1544/2513/3273
f 1544/2513/3273 1509/2468/3235 1510/2467/3234
f 1506/2466/3233 1507/2465/3232 1508/2469/3236
f 1508/2469/3236 1553/2524/3282 1506/2466/3233
f 1553/2524/3282 1508/2469/3236 1509/2468/3235
f 1509/2468/3235 1551/2522/3281 1553/2524/3282
f 1553/2524/3282 1551/2522/3281 1549/2520/3280
f 1549/2520/3280 1547/2518/3278 1553/2524/3282
f 1553/2524/3282 1547/2518/3278 1498/2454/3224
f 1498/2454/3224 1506/2466/3233 1553/2524/3282
f 1506/2466/3233 1498/2454/3224 1496/2452/3222
f 1496/2452/3222 1501/2459/3227 1506/2466/3233
s 5
f 1555/2525/3283 1554/2526/3284 1571/2527/3285 1572/2528/3286
f 1557/2529/3287 1556/2530/3288 1554/2526/3284 1555/2525/3283
f 1561/2531/3289 1560/2532/3290 1559/2533/3291 1558/2534/3292
f 1562/2535/3293 1561/2531/3289 1558/2534/3292 1557/2529/3287
f 1563/2536/3294 1562/2535/3293 1557/2529/3287 1555/2525/3283
f 1573/2537/3295 1563/2536/3294 1555/2525/3283 1572/2528/3286
f 1558/2534/3292 1564/2538/3296 1556/2530/3288 1557/2529/3287
f 1559/2533/3291 1565/2539/3297 1564/2538/3296 1558/2534/3292
f 1566/2540/3298 1594/2541/3299 1565/2539/3297 1559/2533/3291
f 1568/2542/3300 1567/2543/3301 1594/2541/3299 1566/2540/3298
f 1570/2544/3302 1569/2545/3303 1567/2543/3301 1568/2542/3300
f 1572/2546/3286 1571/2547/3285 1569/2545/3303 1570/2544/3302
f 1574/2548/3304 1573/2549/3295 1572/2546/3286 1570/2544/3302
f 1575/2550/3305 1574/2548/3304 1570/2544/3302 1568/2542/3300
f 1576/2551/3306 1575/2550/3305 1568/2542/3300 1566/2540/3298
f 1560/2532/3290 1576/2551/3306 1566/2540/3298 1559/2533/3291
f 1580/2552/3307 1579/2553/3308 1578/2554/3309 1577/2555/3310
f 1592/2556/3311 1579/2553/3308 1580/2552/3307 1593/2557/3312
f 1582/2558/3313 1592/2556/3311 1593/2557/3312 1581/2559/3314
s 1
f 1584/2560/3257 1531/2561/3256 1583/2562/3315
f 1585/2563/3316 1583/2562/3315 1531/2561/3256
f 1531/2561/3256 1530/2564/3255 1585/2563/3316
f 1585/2563/3316 1530/2564/3255 1586/2565/3260
f 1586/2565/3260 1587/2566/3317 1585/2563/3316
f 1524/2445/3215 1587/2566/3317 1586/2565/3260
f 1490/2446/3216 1587/2566/3317 1524/2445/3215
f 1587/2566/3317 1490/2446/3216 1491/2447/3217
f 1491/2447/3217 1585/2563/3316 1587/2566/3317
f 1585/2563/3316 1491/2447/3217 1493/2449/3219
f 1586/2565/3260 1588/2567/3253 1524/2445/3215
f 1583/2562/3315 1589/2568/3318 1584/2560/3257
f 1493/2449/3219 1583/2562/3315 1585/2563/3316
f 1583/2562/3315 1493/2449/3219 1495/2451/3221
f 1495/2451/3221 1589/2568/3318 1583/2562/3315
f 1497/2453/3223 1589/2568/3318 1495/2451/3221
f 1584/2560/3257 1589/2568/3318 1497/2453/3223
f 1497/2453/3223 1533/2569/3259 1584/2560/3257
f 1533/2569/3259 1497/2453/3223 1546/2517/3277
f 1546/2517/3277 1590/2570/3262 1533/2569/3259
f 1590/2570/3262 1546/2517/3277 1548/2519/3279
f 1548/2519/3279 1536/2571/3264 1590/2570/3262
f 1591/2572/3266 1536/2571/3264 1548/2519/3279
f 1548/2519/3279 1545/2573/3276 1591/2572/3266
f 1550/2521/3275 1545/2573/3276 1548/2519/3279
s 5
f 1582/2574/3313 1556/2575/3288 1564/2576/3296 1592/2577/3311
f 1581/2578/3314 1554/2579/3284 1556/2575/3288 1582/2574/3313
f 1593/2580/3312 1571/2581/3285 1554/2579/3284 1581/2578/3314
f 1580/2582/3307 1569/2583/3303 1571/2584/3285 1593/2585/3312
f 1577/2586/3310 1567/2587/3301 1569/2583/3303 1580/2582/3307
f 1578/2588/3309 1594/2589/3299 1567/2587/3301 1577/2586/3310
f 1579/2590/3308 1565/2591/3297 1594/2589/3299 1578/2588/3309
f 1592/2577/3311 1564/2576/3296 1565/2591/3297 1579/2590/3308
g default
v 36.189753 5.762100 -332.359520
v 10.699534 32.270510 -278.224618
v 12.414034 31.907877 -279.116878
v 10.997011 32.773547 -281.620532
v 12.306422 33.386251 -281.955092
v 11.524863 35.473480 -283.376283
v 16.079075 35.291817 -286.680281
v 15.732188 38.257536 -286.976126
v 16.451880 38.261478 -287.014357
v 16.930644 40.915292 -285.862855
v 18.780836 41.267461 -287.232864
v 9.397695 33.123033 -280.450478
v 10.098476 35.190805 -283.246539
v 11.283627 38.175449 -283.615080
v 16.244045 41.078380 -285.745465
v 9.833951 38.298623 -283.546666
v 10.348248 41.140021 -282.397951
v 8.800646 40.856080 -281.147824
v 22.163015 33.001155 -281.497923
v 22.961485 35.358534 -279.623608
v 28.281355 35.355207 -282.717007
v 27.544310 32.954699 -284.641067
v 26.353791 32.012166 -287.294506
v 29.563645 33.194992 -286.209369
v 20.938749 32.093905 -284.128917
v 19.991939 33.282449 -280.583929
v 20.775622 35.427506 -278.909280
v 20.943454 38.221302 -278.493860
v 23.145019 38.360165 -279.228401
v 28.391173 38.371908 -282.303862
v 19.501920 33.030558 -280.105280
v 20.327912 35.300581 -278.333611
v 20.524252 38.263152 -277.895574
v 19.945738 40.967240 -278.941969
v 20.419413 40.794468 -279.457975
v 22.555593 41.111883 -280.337709
v 27.787311 41.152060 -283.364104
v 15.008565 40.602717 -276.445780
v 13.998939 42.105413 -278.319465
v 18.788975 42.610695 -281.072625
v 19.349325 42.369223 -281.442076
v 21.400962 42.828902 -282.481642
v 26.664299 42.909226 -285.417634
v 28.722011 42.400921 -286.872960
v 29.784573 40.837679 -284.923970
v 15.538955 38.103964 -275.618478
v 14.764178 38.227709 -274.341044
v 14.141630 41.123212 -275.274529
v 12.955994 42.846499 -277.434837
v 11.506562 42.846048 -280.090453
v 12.712529 42.093079 -280.635235
v 17.382132 42.698911 -283.527434
v 17.999484 42.443070 -283.765952
v 12.902929 38.164362 -273.741277
v 12.332977 40.846699 -274.595795
v 11.728383 40.622065 -282.641789
v 19.972325 42.933209 -284.970116
v 25.217641 42.941339 -287.956543
v 27.388677 42.396130 -289.224144
v 27.986667 42.653817 -289.684777
v 29.380539 42.653341 -287.199081
v 33.304609 42.116873 -292.474898
v 34.584628 42.193579 -290.147511
v 26.897808 40.928459 -291.974608
v 32.325296 40.567126 -294.540012
v 33.204955 41.067494 -295.627049
v 34.376300 42.857475 -293.257688
v 35.851214 42.957073 -290.543796
v 35.594457 40.736908 -288.266549
v 37.047997 41.314582 -288.322820
v 36.149111 38.286749 -287.386314
v 37.681236 38.492536 -287.301253
v 36.082763 35.622184 -287.790904
v 37.583741 35.457752 -287.700110
v 35.367894 33.586494 -289.323360
v 36.726660 33.077408 -289.519183
v 38.605966 41.080074 -289.503540
v 38.309482 33.598902 -290.437750
v 35.339233 32.194325 -292.022259
v 34.193241 32.771418 -291.577697
v 39.141191 35.773472 -288.799218
v 39.228278 38.550924 -288.458128
v 38.317217 37.870675 -292.779053
v 38.293677 37.454958 -292.833904
v 37.884694 37.772287 -293.548667
v 37.027804 32.783903 -292.756352
v 33.892620 32.994369 -294.573867
v 32.929732 33.487635 -293.741245
v 32.105255 35.451723 -295.280231
v 26.813143 35.067136 -293.058427
v 35.657216 33.506252 -295.124291
v 34.735466 35.512311 -296.878051
v 34.476773 38.245383 -297.288748
v 35.021721 40.860054 -296.234496
v 36.115777 42.498973 -294.059553
v 37.496806 42.579210 -291.578950
v 27.778338 32.859629 -291.389332
v 26.313072 35.227179 -292.436188
v 25.965092 38.067947 -292.626411
v 23.653524 38.258283 -291.641400
v 24.006492 35.107251 -291.516915
v 18.271477 38.336367 -288.570396
v 18.639994 35.237568 -288.350323
v 16.770555 35.432217 -286.778409
v 26.455082 38.056536 -293.288800
v 26.375026 40.772474 -291.393509
v 24.080454 41.205636 -290.280539
v 31.870260 38.078701 -295.579893
v 32.944836 35.252812 -296.359189
v 32.670349 38.228471 -296.787640
v 30.365928 38.274214 -283.962011
v 30.241056 35.383622 -284.490637
v 30.512897 41.006038 -285.127463
v 31.137503 38.298332 -284.104624
v 30.992772 35.239330 -284.652321
v 30.275470 32.920618 -286.470195
v 28.443639 32.308096 -288.667567
v 29.066526 31.987771 -289.051790
v 27.222967 33.131144 -290.873194
v 24.995934 32.803421 -289.854018
v 19.612091 32.919849 -286.671713
v 18.848220 32.461831 -282.984938
v 17.623580 33.260439 -285.273706
v 16.990163 33.015679 -285.050224
v 18.272594 32.162770 -282.632326
v 13.539273 32.630471 -279.804645
v 14.685704 33.404639 -277.570825
v 13.782978 32.777525 -276.607551
v 14.650841 35.148469 -274.799266
v 15.438334 35.436903 -276.026577
v 11.961483 33.078349 -275.906754
v 12.773474 35.267025 -274.244978
v 9.355659 37.450429 -277.493512
v 9.760137 37.101254 -276.812253
v 9.779880 37.528477 -276.742276
v 11.236963 42.444965 -276.568674
v 9.861847 42.428591 -279.018079
v 8.326841 38.249714 -282.183556
v 8.568286 35.362189 -281.939598
v -52.395613 85.954693 -338.130510
v -51.699684 79.835204 -338.024321
v -48.853134 80.005359 -346.760479
v -53.547776 86.327170 -329.239667
v -53.109369 79.952595 -329.288669
v -52.927701 86.866176 -320.942201
v -52.256517 80.206754 -320.891389
v -50.707635 87.518972 -312.571431
v -50.121612 80.572553 -312.379121
v -47.004955 87.989209 -304.429253
v -46.389632 80.917819 -304.299713
v -41.810702 88.214853 -296.909829
v -41.343544 81.155046 -296.940577
v -35.401525 88.305747 -289.835260
v -35.223330 81.352338 -290.024501
v -20.325895 79.707558 -281.604623
v -28.294534 79.548715 -284.679745
v -27.846618 81.513314 -285.231090
v -35.677738 79.419101 -289.533595
v -41.783291 79.234639 -296.242240
v -46.920666 78.989168 -303.723593
v -50.633068 78.650071 -311.988347
v -11.448230 77.631861 -280.436845
v -20.347980 77.366127 -281.866684
v -28.329816 77.200286 -284.911848
v -35.471031 77.092141 -289.692225
v -41.533140 76.929909 -296.248072
v -46.579124 76.691321 -303.691149
v -34.692765 75.421192 -290.377827
v -40.766158 75.258419 -296.992453
v -27.818299 75.534859 -285.785430
v -19.978676 75.705170 -282.843729
v -11.124112 75.879747 -281.388736
v -2.631170 75.992159 -280.498378
v -2.717378 77.793271 -279.543571
v -19.753755 72.738752 -283.252408
v -27.350663 72.589031 -286.022983
v -10.950639 72.876340 -281.659785
v -2.663307 72.949047 -280.717479
v 6.458167 72.960843 -281.017605
v 6.571594 75.972930 -280.849399
v 15.301531 73.025355 -282.227503
v 15.384977 75.916835 -282.225610
v 23.429425 72.699096 -285.860082
v 22.285665 38.445157 -289.326032
v 14.957272 38.427991 -286.152570
v 6.847629 38.422433 -284.787898
v -1.381025 38.424763 -284.490448
v -9.427090 38.439640 -285.650195
v -16.966184 38.441625 -287.586656
v 14.854962 11.398391 -289.664540
v 7.660049 11.397141 -288.283580
v 0.117367 11.526595 -288.064693
v -7.575516 11.718051 -288.968069
v -15.156698 11.980379 -291.145449
v -7.590068 6.045088 -289.206187
v -0.230474 5.874203 -288.613000
v 7.173376 5.741834 -288.861231
v 14.271270 5.806095 -290.336719
v 20.830105 6.010119 -293.120687
v 21.361072 11.678013 -292.610229
v 26.370063 6.356293 -297.376168
v 26.649749 6.150277 -296.999242
v 31.078756 6.581341 -302.591081
v 21.025823 5.794622 -292.727406
v 14.409383 5.583541 -289.886956
v 7.227293 5.513956 -288.385932
v -0.250307 5.647264 -288.137394
v -7.674520 5.821690 -288.725341
v -7.614273 3.645060 -288.673339
v -15.053500 3.846672 -290.765816
v -15.009519 6.027160 -290.736126
v -0.338535 3.471495 -288.149854
v 7.126147 3.356364 -288.409476
v 14.334046 3.448648 -289.843659
v 20.790457 3.642034 -292.968624
v 26.517494 3.958828 -297.064900
v 25.159040 3.914958 -298.836401
v 19.716334 3.654182 -294.953456
v 13.609623 3.512392 -292.011128
v 6.812870 3.439906 -290.605369
v -0.263768 3.543299 -290.396834
v -7.221425 3.700813 -290.928741
v 29.576005 4.115458 -303.964441
v 9.912248 4.593471 -292.760694
v 40.340599 4.523774 -328.854138
v 38.137673 4.577996 -329.006372
v 37.578383 4.520026 -322.171842
v 39.696406 4.488734 -321.713664
v 35.977593 4.410717 -315.651836
v 38.051086 4.394878 -314.786125
v 33.361545 4.243437 -309.408569
v 35.187403 4.262125 -308.238683
v 31.220735 4.168745 -302.422008
v 31.398928 6.375671 -302.282209
v 35.297746 6.481012 -308.228195
v 38.077016 6.627823 -314.762199
v 39.814756 6.727040 -321.647518
v 40.365182 6.760652 -328.817681
v 39.916842 6.992250 -328.831995
v 39.101243 7.013309 -335.943734
v 39.355663 6.952193 -321.769191
v 37.644540 6.849626 -314.942857
v 34.909865 6.694108 -308.487231
v 26.967857 12.042464 -296.869184
v 31.711288 12.284249 -302.055808
v 35.551524 12.508401 -308.128062
v 38.222347 12.675017 -314.665480
v 39.762622 12.780112 -321.646337
v 39.895005 38.892753 -313.385239
v 41.849770 39.014110 -321.487027
v 36.417700 38.690468 -306.102327
v 33.230841 38.468008 -299.624137
v 28.373377 38.458147 -293.833694
v 46.115933 72.746668 -312.402181
v 48.348720 72.773813 -320.655491
v 42.154232 72.683912 -304.382052
v 36.851819 72.797956 -296.937151
v 30.784413 72.732361 -290.756423
v 23.751025 75.403276 -285.576912
v 31.133047 75.512299 -290.576227
v 37.502877 75.784973 -296.556605
v 42.845713 75.638312 -304.051570
v 46.727130 75.676007 -312.266079
v 6.780089 77.645569 -279.857480
v 15.660269 77.507653 -281.457111
v 24.273428 76.906152 -284.756248
v 31.770317 77.063404 -289.844646
v 38.415905 77.429761 -295.908127
v 24.398876 79.042810 -284.726561
v 15.688165 79.767148 -281.518632
v 6.800824 80.059215 -279.801190
v -2.866236 80.404317 -279.582622
v -11.554422 80.128255 -280.260046
v 15.417373 81.699138 -282.380353
v 6.631648 82.241861 -280.752480
v -2.914007 82.557471 -280.502839
v -11.335584 82.143001 -281.062810
v -20.011741 81.614142 -282.246117
v -27.997776 88.193007 -284.525065
v -19.966048 88.343876 -281.592057
v -11.307549 88.951382 -280.533618
v -2.937956 89.410372 -279.914165
v 6.418591 89.227058 -280.748812
v -11.383483 95.325792 -279.574525
v -2.873239 95.664889 -279.171163
v 6.464734 95.455628 -280.220678
v 15.976851 95.491132 -281.592768
v 15.571179 88.830012 -282.085522
v 24.722516 95.322790 -284.440322
v 24.250563 88.317494 -285.155457
v 32.369871 95.456776 -289.375019
v 6.662034 96.864772 -279.203255
v 16.503234 97.015642 -280.582458
v -2.834538 97.058898 -277.971983
v -11.648648 96.837192 -278.290192
v -20.408312 96.684904 -279.613400
v -20.023587 95.058360 -280.815075
v -29.064870 96.737447 -283.150618
v -28.406899 94.976810 -284.187456
v -2.799713 99.092266 -277.739621
v 6.735424 98.934244 -279.047663
v -11.563076 98.950683 -277.697806
v -20.436723 98.975212 -279.188603
v -29.127832 99.135638 -282.971010
v -36.896689 99.439772 -288.708237
v -36.689231 97.022688 -288.830934
v -11.198070 100.709195 -278.291629
v -20.092581 100.897751 -279.930521
v -28.621139 101.106184 -283.779097
v -36.412669 101.420261 -289.413106
v -42.986687 101.481983 -296.418096
v -43.550910 99.492864 -295.839310
v -48.413965 101.282722 -304.543049
v -36.726340 106.998339 -288.687702
v -28.712728 106.778323 -282.885963
v -20.024032 106.355108 -279.221221
v -11.095181 105.814896 -277.396612
v -2.369123 105.671459 -277.605416
v -2.702918 100.820565 -278.540509
v 6.942556 105.795725 -279.398285
v -47.617728 119.014676 -296.850515
v -45.717802 130.585403 -291.872946
v -44.291490 116.053984 -293.660820
v -21.209913 130.885501 -274.121702
v -11.303904 130.846173 -271.170203
v -1.351641 130.250465 -270.413770
v -48.780868 104.182126 -304.257125
v -51.877052 100.856349 -312.670289
v -43.879921 106.292672 -296.007243
v -46.774964 115.058334 -296.622059
v -49.309769 114.801279 -299.323534
v -50.075225 116.659963 -299.499699
v -48.928610 107.993662 -303.897012
v -46.585907 109.964708 -298.815379
v -49.597703 112.392005 -300.354468
v -50.586650 111.709833 -302.384402
v -51.780576 112.903218 -304.027971
v -51.644643 110.750121 -307.694568
v -52.321937 105.791180 -311.809576
v -54.062131 100.115119 -320.845148
v -52.702873 114.766160 -307.800616
v -52.192699 114.714979 -304.108824
v -50.692983 113.031520 -304.303508
v -49.685458 112.045706 -302.871727
v -48.546160 115.040040 -299.569654
v -51.567429 117.652620 -301.583884
v -51.099587 116.809307 -303.494511
v -51.959000 116.542580 -303.062845
v -55.226040 130.396633 -309.182420
v -53.903139 115.633780 -311.591494
v -52.721347 119.007687 -306.017618
v -50.817547 121.625886 -301.587476
v -51.625327 130.433934 -300.304917
v -50.353251 98.278609 -345.787550
v -53.322427 98.484047 -337.297060
v -54.055972 96.417693 -337.592087
v -53.520427 104.426884 -336.849928
v -54.803905 105.014077 -328.160453
v -54.421683 105.884535 -320.164500
v -55.909130 129.099671 -336.102721
v -54.622392 99.166327 -328.804927
v -50.694704 104.277991 -345.653187
v -52.720322 128.624405 -345.207692
v -46.371792 104.632642 -353.614151
v -46.349236 98.842373 -353.931079
v -51.140147 96.132714 -346.315153
v -40.742037 105.010189 -361.217251
v -40.922671 99.851018 -361.393837
v -47.041332 96.863944 -354.436219
v -51.073492 93.771349 -346.598989
v -33.695554 105.351747 -367.310739
v -34.092842 100.236317 -367.461252
v -41.648422 98.028708 -362.249073
v -46.846435 94.630822 -354.533693
v -50.087586 92.170974 -346.372448
v -45.926359 93.170890 -354.235900
v -34.708751 98.461094 -368.375568
v -40.653155 94.508796 -361.735005
v -41.528026 95.938055 -362.355018
v -39.947164 88.392424 -361.693055
v -34.628113 96.268506 -368.344022
v -33.878546 94.692988 -367.529288
v -33.233965 88.504344 -367.332145
v -32.889506 81.912050 -366.994794
v -45.332902 87.167578 -354.795045
v -39.524385 81.616218 -361.404916
v -40.104576 79.608847 -361.871788
v -33.373314 79.947451 -367.526394
v -39.926926 77.191000 -361.844227
v -33.130782 77.578046 -367.340683
v -39.097612 75.456196 -361.268397
v -32.354469 75.875317 -366.475026
v -32.306053 11.436426 -357.650230
v -35.797844 38.521843 -359.229144
v -40.005571 38.368348 -353.053031
v -38.743102 72.413576 -361.001162
v -43.958866 71.952125 -354.278682
v -44.324455 74.944277 -354.479745
v -45.361748 76.626858 -355.051465
v -45.672603 78.960374 -355.270420
v -31.943338 72.868629 -365.951874
v -30.108934 38.648200 -364.110949
v -26.878599 11.175803 -362.304963
v -40.130959 5.748275 -345.534305
v -39.676555 5.971030 -345.385234
v -41.681626 6.134918 -338.305570
v -37.002207 5.501221 -352.335458
v -36.586063 5.725254 -352.085650
v -32.560152 5.193279 -358.070924
v -32.199546 5.423077 -357.750869
v -49.175590 76.098828 -346.931222
v -48.174442 74.540668 -346.395594
v -47.709283 71.585177 -346.194533
v -43.848093 38.267040 -346.549814
v -36.805812 11.715584 -351.976657
v -40.148882 11.919910 -345.493522
v -46.376213 38.247540 -338.905496
v -50.454045 71.388484 -337.760614
v -51.032548 74.325632 -337.888540
v -52.081083 75.897434 -338.147328
v -42.363357 12.054313 -338.558149
v -47.062340 38.263631 -330.379085
v -51.677415 71.328127 -329.089662
v -52.446447 74.223868 -329.322186
v -50.687984 71.505760 -320.488114
v -51.427089 74.377141 -320.712554
v -48.527364 71.789410 -312.393686
v -44.553234 38.320128 -314.506898
v -46.536922 38.304702 -322.253974
v -43.309710 12.132397 -331.335902
v -42.535339 6.233025 -331.021013
v -41.219902 38.324919 -307.163950
v -38.051209 12.224108 -309.527072
v -41.040185 12.207534 -316.394417
v -42.884671 12.178901 -323.814398
v -42.006073 6.406223 -323.572757
v -40.243644 6.590562 -316.306624
v -37.333258 6.453809 -309.442719
v -33.094317 6.438667 -303.414688
v -33.832465 12.219115 -303.469191
v -27.806901 6.506616 -298.415932
v -28.490476 12.221923 -298.507245
v -37.721310 6.242053 -309.170155
v -40.681270 6.385376 -316.111423
v -42.450226 6.189620 -323.446575
v -43.010232 6.006741 -330.994331
v -42.159906 5.910756 -338.388157
v -39.987520 3.464802 -345.463821
v -36.935202 3.201175 -352.343408
v -42.123110 3.642051 -338.416402
v -42.875722 3.744724 -330.867191
v -42.249410 4.041905 -323.405288
v -40.517913 4.271024 -316.065955
v -37.498135 4.074046 -309.162358
v -35.511553 4.052421 -310.393922
v -38.393332 4.254794 -316.952845
v -39.997220 4.071023 -323.918986
v -40.623486 3.769785 -330.955925
v -39.822121 3.645731 -338.005939
v -37.863729 3.460022 -344.714872
v -38.775723 5.037147 -327.638951
v -34.907368 3.194969 -351.183432
v -30.738608 2.945134 -356.567893
v -32.498678 2.909243 -358.089166
v 39.829078 82.239572 -361.187896
v 40.368014 89.089577 -361.770305
v 34.726248 89.555121 -368.093960
v 36.767929 100.049032 -368.953030
v 29.443205 100.249098 -373.652042
v 29.200608 98.042375 -373.555144
v 36.444118 97.826666 -368.954185
v 28.493695 96.449916 -372.736180
v 35.655107 96.232033 -368.250274
v 41.422494 95.802042 -361.963713
v 46.348348 95.399098 -354.835908
v 42.347558 97.429890 -362.635197
v 47.373346 97.012910 -355.399733
v 42.665012 99.695842 -362.732576
v 29.101548 102.087314 -373.040976
v 29.325008 107.127027 -373.569369
v 21.777085 107.227150 -376.353071
v 36.447279 101.901753 -368.243133
v 42.242851 101.565781 -362.044206
v 47.721967 99.272955 -355.425612
v 51.253543 98.915015 -347.065172
v 50.881254 96.653714 -347.040061
v 36.595755 106.980965 -368.754227
v 42.780866 115.659235 -364.585997
v 44.264854 125.194633 -364.935156
v 42.623551 106.086315 -362.373402
v 47.278983 101.159170 -354.887924
v 50.806115 100.812321 -346.614128
v 52.982529 100.614479 -337.580304
v 53.442845 98.699043 -337.819594
v 53.684863 100.632501 -328.345957
v 45.914869 114.793962 -362.026757
v 47.230781 119.152748 -361.053370
v 48.502040 117.612579 -360.322766
v 51.318390 115.782516 -355.593735
v 49.981342 117.239068 -357.816236
v 49.056161 115.718447 -359.594152
v 49.709198 119.348031 -357.769881
v 49.460789 121.035313 -357.686435
v 51.607062 118.990747 -353.263959
v 53.056947 125.010720 -349.576221
v 51.561837 117.958558 -354.970878
v 51.422657 113.899033 -354.957179
v 52.081672 114.397186 -353.211275
v 51.129421 111.064903 -354.027466
v 52.167162 114.979622 -351.126624
v 50.873192 109.616489 -352.017099
v 51.129088 105.388892 -347.409374
v 53.575537 105.836471 -338.159410
v 52.592056 115.087554 -347.771665
v 56.272644 129.280204 -339.826069
v 54.267820 105.871204 -328.590328
v 53.768014 129.245799 -349.442253
v 50.212640 129.391967 -358.168937
v 44.777974 129.309047 -365.382091
v 37.640776 129.232575 -371.407129
v 30.181377 129.256709 -376.287349
v 21.695384 128.847982 -379.317006
v 21.455196 102.210645 -375.879633
v 12.836688 107.155214 -378.345538
v 2.890865 128.052290 -381.992900
v 2.637654 107.032630 -379.359054
v -7.518303 106.697856 -379.140113
v -17.255839 127.248140 -379.136419
v -16.586295 106.168021 -376.581805
v 12.150422 96.591106 -377.226585
v 20.898170 96.583682 -375.465448
v 21.539791 98.185590 -376.400690
v 12.530982 98.198593 -378.310486
v 21.713161 100.386267 -376.560644
v 12.714046 100.394290 -378.495396
v 12.608650 102.210431 -377.775174
v 2.490069 101.691130 -378.696241
v 2.398769 95.884511 -378.102890
v 2.382819 97.503951 -379.053210
v 2.411323 99.778918 -379.285102
v -7.948519 99.207073 -379.105408
v -7.868794 101.192591 -378.507898
v -17.134184 99.511101 -377.049180
v -16.899669 101.315815 -376.350506
v -25.679091 105.784568 -372.793155
v -26.064441 101.002181 -372.767130
v -26.526378 99.265301 -373.597167
v -26.520893 97.178898 -373.601331
v -17.150495 97.409948 -376.931011
v -25.978302 95.690336 -372.716826
v -25.435459 89.509723 -372.213098
v -16.636060 89.793702 -375.519564
v -16.623957 82.969259 -374.777825
v -7.841718 82.721983 -376.395876
v -16.997753 81.019681 -375.525804
v -8.091918 80.793053 -377.152043
v -16.929444 78.603196 -375.333388
v -8.108195 78.188234 -377.043398
v -16.561639 76.788975 -374.302609
v -25.564902 80.750346 -372.181684
v -25.169737 82.761917 -371.600452
v -16.010061 38.833011 -370.963170
v -14.546298 11.166883 -369.367364
v -7.863038 11.578631 -371.168797
v -23.418505 38.781256 -368.094955
v -16.455683 73.665297 -373.838243
v -24.632419 73.380334 -370.616102
v -24.833796 76.444857 -370.974644
v -25.416092 78.229087 -371.955834
v -20.883499 11.022837 -366.298792
v -20.938907 5.189786 -366.456729
v -14.698460 5.444197 -369.557068
v -14.872665 5.247331 -369.993317
v -8.267437 5.733219 -371.872278
v -14.897949 3.079019 -370.043257
v -8.337054 3.602536 -371.999382
v -7.908754 3.508599 -369.845440
v -14.108707 2.999019 -367.928060
v -21.309514 2.795390 -367.103776
v -21.202587 4.985749 -366.893265
v -1.239563 4.141354 -370.085580
v -20.193143 2.742013 -365.141830
v -27.130476 2.680578 -362.892114
v -27.203624 4.953522 -362.951440
v -26.889608 5.187317 -362.577827
v -25.707081 2.735779 -361.152438
v 35.669338 11.287025 -335.334626
v 36.379318 11.255646 -328.891114
v 35.834862 11.192661 -322.427070
v 30.940966 11.300391 -347.902039
v 33.821421 11.304030 -341.747441
v 23.178936 11.867462 -359.056973
v 27.845655 11.736035 -354.032185
v 27.190996 11.406386 -353.512885
v 31.660803 11.634438 -348.318573
v 34.597437 11.637339 -342.048869
v 36.481836 11.623881 -335.502996
v 37.209890 11.591779 -328.905130
v 28.791333 12.843890 -354.786560
v 32.670841 12.738053 -348.923705
v 35.696026 12.742761 -342.495082
v 37.612348 12.725185 -335.752316
v 38.372101 12.693898 -328.931330
v 36.657273 11.525660 -322.298419
v 37.827838 12.630192 -322.119800
v 35.123207 11.413096 -315.807626
v 23.981444 12.973491 -359.956964
v 29.102727 13.645869 -355.037858
v 32.995239 13.544845 -349.132889
v 36.051860 13.548417 -342.653587
v 37.977548 13.535063 -335.843712
v 38.749655 13.503222 -328.944489
v -1.193190 11.947204 -370.242812
v 5.528132 12.411456 -369.507122
v 5.262659 11.320432 -368.382532
v 11.560407 11.658657 -366.434920
v 12.040149 12.757449 -367.519509
v 17.642726 11.845808 -363.225427
v 18.302692 12.950117 -364.237447
v -7.813851 11.397672 -369.741868
v -1.178865 12.756782 -370.616328
v 5.627536 13.220028 -369.871071
v -31.094049 11.227397 -356.656277
v -25.973500 10.987098 -361.259438
v -25.212651 9.905781 -360.348659
v -19.603821 9.759450 -364.040157
v -20.208507 10.839558 -365.033702
v -13.688109 9.912052 -366.864288
v -14.112799 10.989528 -367.912918
v -7.620092 10.321970 -368.653492
v -1.225314 10.860222 -369.096730
v -7.875089 12.212341 -370.091119
v -1.244946 10.528496 -368.266702
v 5.084554 10.988344 -367.570717
v 11.233692 11.328887 -365.667576
v 17.191304 11.517649 -362.522135
v 22.620714 11.538051 -358.435121
v -13.385021 9.581843 -366.092531
v -7.474227 9.986902 -367.839706
v -38.430210 10.636830 -324.038053
v -0.148903 10.042111 -292.091738
v -25.493266 10.681523 -301.120784
v -34.155955 10.681337 -311.152793
v -36.867368 10.688016 -317.340276
v -24.690725 9.585003 -359.695488
v -19.184371 9.434501 -363.320766
v -33.500467 10.121010 -350.168221
v -38.191899 10.489146 -337.553441
v -38.944522 10.582174 -330.895542
v -36.306171 10.338438 -344.064746
v -29.552538 9.828376 -355.305033
v -37.670164 10.997397 -317.080247
v -39.266568 10.944085 -323.917111
v -39.789586 10.890161 -330.917214
v -39.021973 10.794391 -337.724366
v -37.096349 10.649710 -344.356948
v -34.221893 10.440691 -350.593073
v -40.509767 12.024376 -323.751630
v -41.039592 11.970932 -330.960747
v -40.270076 11.878262 -337.991355
v -38.255160 11.731037 -344.782106
v -35.242932 11.516164 -351.175512
v -30.177458 10.144966 -355.865742
v -38.851767 12.076321 -316.711302
v -40.934882 12.813290 -323.704729
v -40.695488 12.663716 -338.089268
v -38.648538 12.523950 -344.924123
v -35.587292 12.318744 -351.358282
v -31.412142 12.024690 -356.909300
v -26.240952 11.788335 -361.551419
v -20.421645 11.644853 -365.353898
v -14.259351 11.800036 -368.251386
v -26.023624 10.996595 -300.469463
v -30.967477 10.986675 -305.171848
v -30.324523 10.673062 -305.713934
v -14.338681 11.825362 -292.632501
v -20.879023 12.009116 -295.697691
v -20.261217 10.930895 -296.720216
v -34.893892 10.992984 -310.746367
v -26.804681 12.074803 -299.549191
v -31.906001 12.064207 -304.405384
v -35.972234 12.070756 -310.170719
v -21.100063 12.808435 -295.363627
v -55.122096 127.098534 -346.035062
v -50.398050 125.921481 -354.823195
v -50.173406 127.808730 -354.424129
v -44.038040 127.634210 -363.134324
v -42.674439 128.758449 -361.874461
v -35.498212 128.513027 -369.124395
v -36.714886 127.416434 -370.643583
v -44.294935 125.670382 -363.492332
v -36.980225 125.495157 -371.171962
v -34.043623 127.549985 -367.558090
v -41.223143 127.719099 -360.699448
v -32.589561 105.448646 -365.935213
v -48.718479 128.872337 -353.426932
v -54.858243 128.898392 -345.820246
v -58.362111 129.342804 -336.485887
v -53.305305 129.836249 -345.271449
v -47.081146 127.988434 -352.695137
v -39.369760 105.138999 -359.915990
v -33.011108 100.612830 -366.085405
v -56.572592 130.595501 -336.191553
v -51.577294 128.975085 -344.812513
v -59.902256 129.705117 -327.123226
v -49.270894 104.475711 -345.106494
v -44.995519 104.773462 -352.757342
v -44.939416 99.299657 -353.040630
v -54.638248 129.579801 -335.914268
v -57.990991 130.904278 -327.103367
v -59.551254 130.480300 -317.531820
v -58.054470 128.577383 -308.490767
v -57.694320 130.723327 -308.389814
v -52.154256 104.545628 -336.739313
v -48.928951 98.804178 -345.177168
v -56.175568 129.754600 -327.188205
v -57.728726 131.626664 -317.910802
v -55.867307 131.919116 -308.884939
v -53.713095 130.731686 -299.149678
v -52.141631 131.941348 -299.905662
v -52.784889 95.286949 -337.542244
v -51.903239 98.885138 -337.079050
v -53.404400 105.063404 -328.175240
v -56.030775 130.459226 -318.371711
v -53.958952 130.830989 -309.591662
v -50.499333 130.884902 -300.839076
v -52.995606 105.889063 -320.326203
v -53.184597 99.481929 -328.773977
v -52.461058 115.787971 -311.994902
v -51.382546 119.918399 -306.476552
v -49.790887 122.372464 -301.950835
v -50.180780 118.004161 -301.892364
v -46.836006 120.515149 -298.102918
v -49.234634 117.291669 -300.277648
v -51.625367 116.130949 -308.607220
v -51.278345 115.134150 -304.452592
v -50.179548 110.565987 -308.214965
v -48.020994 107.713670 -304.277694
v -48.650188 112.738313 -300.747805
v -44.968517 115.352312 -296.965525
v -45.473495 109.983166 -300.005502
v -47.344057 104.221396 -304.853522
v -50.858840 105.861812 -312.052906
v -52.599960 100.364528 -321.011314
v -50.457761 101.156110 -312.946727
v -46.983234 101.611007 -305.160290
v -42.557381 106.430810 -296.982580
v -43.100021 116.248881 -294.577267
v -44.793043 131.039208 -292.568396
v -41.736503 101.819825 -297.583405
v -47.561964 98.157682 -304.758848
v -42.299054 98.341923 -296.861640
v -35.853585 98.285935 -289.856670
v -35.277967 101.746683 -290.635776
v -35.627159 107.083877 -289.838344
v -38.111505 131.232350 -285.875230
v -27.842126 106.848783 -284.290872
v -30.038034 131.341267 -279.766605
v -20.778859 131.354704 -275.294867
v -46.144101 132.082709 -291.430407
v -39.217672 132.265145 -284.363679
v -30.950018 132.356089 -278.042848
v -21.453734 132.354669 -273.480690
v -11.356678 132.333529 -270.414628
v -11.093970 131.295278 -272.406640
v -47.562832 130.879651 -290.489569
v -40.263652 131.058544 -283.002554
v -31.800289 131.139380 -276.614309
v -22.077300 131.135779 -271.856564
v -11.640443 131.114204 -268.680734
v -31.966468 129.035774 -276.580632
v -1.427770 128.515004 -268.058449
v -1.383725 130.655919 -268.037698
v 8.628802 129.766397 -269.780120
v 18.085769 127.178509 -273.855257
v 18.097280 129.212042 -273.695979
v 27.670773 126.997000 -277.823725
v 27.483916 128.943355 -278.090623
v -1.314367 131.802111 -269.608447
v 8.391160 130.930340 -271.445886
v 17.523243 130.365280 -275.385640
v -1.288445 130.651276 -271.580628
v 8.047270 129.840088 -273.539795
v 36.517844 129.028457 -283.102327
v 26.530406 130.030391 -279.776900
v 16.914683 129.371918 -277.273587
v 6.727782 105.997168 -280.720211
v -2.288510 105.853132 -279.081765
v -2.651757 101.240720 -280.030492
v -10.708473 101.095700 -279.929599
v -2.748449 98.266599 -279.121340
v -11.174105 98.071103 -279.359464
v 25.471879 129.027194 -281.606428
v 16.255014 106.267767 -282.130587
v 6.490258 101.157365 -281.214416
v 6.533944 98.079840 -280.317380
v 6.265352 96.018949 -281.439838
v -2.816086 96.235799 -280.396603
v -2.870911 82.916011 -281.968186
v -10.999718 82.479309 -282.633423
v 6.326899 82.609202 -282.235837
v 15.450081 96.041779 -282.814072
v 16.060195 98.191603 -281.708191
v 15.895505 101.355700 -282.557323
v 25.024167 106.429341 -284.488917
v 33.820985 129.054019 -286.351186
v 14.899021 82.034683 -283.816282
v 23.954823 95.936086 -285.623007
v 24.773216 98.349675 -284.532418
v 24.579232 101.629251 -285.092484
v 32.376877 106.298685 -288.920204
v 41.682372 129.494650 -292.730725
v 23.211505 81.243807 -286.847867
v 31.532329 96.086078 -290.300268
v 32.385686 98.411619 -289.308246
v 31.966727 101.601007 -289.745645
v 39.484962 106.671753 -295.076966
v 39.055603 101.827471 -295.692980
v 44.617875 106.475330 -302.816705
v 47.756719 129.711778 -300.692440
v 51.968581 130.098939 -309.396702
v 49.017797 106.244657 -310.486840
v 44.245886 101.486741 -303.195181
v 48.539942 101.276717 -310.752367
v 49.251684 97.947879 -310.606561
v 52.192446 97.887461 -319.282960
v 51.014644 95.592953 -319.495648
v 44.835741 98.139873 -303.018470
v 48.210985 95.678540 -311.008587
v 46.368414 81.957177 -312.011498
v 48.840076 81.859072 -320.432163
v 49.248455 78.592720 -320.689090
v 50.309374 78.626527 -328.901827
v 48.899887 76.371395 -328.954704
v 42.293592 81.965258 -304.227185
v 46.817455 78.643573 -312.102433
v 47.942583 76.367737 -320.771569
v 47.091200 73.131048 -320.828886
v 48.095080 73.144428 -328.852096
v 46.389823 69.296621 -320.858967
v 47.289972 69.320706 -328.884191
v 39.675726 31.972961 -321.967921
v 39.879792 31.990701 -329.152409
v 37.932216 31.836504 -314.815919
v 44.217792 69.258770 -312.824296
v 35.074611 31.670316 -308.557511
v 44.869782 73.124436 -312.723230
v 40.327305 69.199558 -305.371199
v 31.376350 31.419490 -302.086714
v 26.635390 31.339437 -296.880822
v 20.221801 12.345787 -294.168002
v 45.609225 76.395538 -312.511504
v 40.954033 73.073969 -305.098010
v 35.241503 69.241235 -298.104722
v 20.909624 31.285485 -292.821172
v 29.557947 69.344689 -292.059151
v 35.765940 73.175946 -297.926844
v 41.747029 76.367408 -304.628327
v 42.871072 78.626313 -303.913113
v 14.146513 31.270422 -289.939242
v 22.625137 69.391391 -287.180286
v 29.873580 73.048842 -291.855726
v 36.474378 76.486703 -297.475926
v 37.564316 78.775591 -296.601531
v 36.994859 82.068875 -297.083537
v 43.851329 95.840279 -303.435648
v 6.945885 31.274562 -288.334627
v 14.717445 69.456284 -283.783686
v 22.753547 73.025076 -287.113958
v 30.316983 76.146465 -291.589232
v 31.072318 78.307807 -290.730243
v 30.620753 81.484307 -291.410465
v 38.628729 96.139827 -295.919659
v 39.631381 98.464605 -295.275958
v -0.727007 31.289486 -288.197492
v 6.227721 69.402699 -282.500827
v 14.829969 73.384657 -283.627189
v 23.086555 76.028098 -286.797877
v 23.644114 78.113468 -285.901336
v -8.337079 31.314917 -289.313600
v -2.536606 69.348840 -282.243481
v 6.213980 73.339481 -282.491531
v 14.915286 76.590763 -283.565557
v 15.186685 78.799193 -282.764527
v -15.703739 31.335366 -291.366940
v -10.484375 69.283512 -283.228712
v -2.644233 73.307364 -282.193804
v 6.348483 76.686456 -282.207335
v 6.551118 79.007084 -281.151748
v -22.528206 31.346160 -294.230683
v -18.819128 69.179566 -284.779142
v -10.658293 73.220466 -283.079310
v -2.655601 76.718581 -281.864055
v -2.801346 79.256321 -280.868418
v -11.247727 79.053679 -281.758608
v -10.886383 76.590763 -282.731596
v -19.170818 73.083854 -284.559017
v -26.074143 69.036724 -287.369170
v -28.766040 31.337878 -298.277911
v -10.942504 95.901509 -280.828144
v -19.399897 81.932756 -283.660382
v -19.795833 78.684156 -282.893790
v -19.404971 76.391338 -284.054285
v -26.558274 72.928399 -287.217163
v -27.043613 81.797949 -286.407600
v -27.615994 78.522089 -285.759620
v -27.049342 76.223922 -286.827684
v -33.199831 72.798998 -291.600896
v -32.701180 68.924366 -291.706517
v -38.736650 68.762307 -298.345803
v -34.014507 31.342616 -303.360746
v -38.328543 31.340588 -309.413205
v -32.230113 12.860517 -304.157892
v -36.341184 12.865235 -309.986375
v -39.254989 12.868154 -316.594888
v -41.497561 31.331242 -316.258025
v -43.200414 68.534309 -305.324817
v -46.525041 68.269338 -313.072494
v -43.450074 31.320214 -323.744571
v -48.687604 68.077066 -320.585740
v -43.868294 31.306519 -331.370113
v -49.431259 67.924236 -328.961776
v -43.358071 31.291425 -338.925887
v -48.432483 67.922817 -337.370424
v -40.783043 31.267384 -345.617968
v -41.464264 12.760705 -330.983345
v -37.039400 31.284033 -351.648759
v -45.918520 68.094219 -345.664798
v -42.256846 68.407041 -353.434338
v -33.325386 31.395721 -357.688707
v -37.321148 68.814850 -359.879522
v -42.675529 72.315857 -353.547530
v -37.629063 72.761795 -360.165167
v -43.142951 75.667475 -353.807957
v -38.065425 76.165136 -360.452248
v -39.002513 78.568184 -361.092068
v -32.468027 78.923778 -366.560935
v -38.344997 81.961369 -360.495672
v -39.615806 95.079878 -360.658971
v -44.816432 93.816312 -353.406628
v -40.502589 97.137544 -361.207361
v -45.736951 95.928482 -353.671129
v -39.631740 100.274939 -360.126435
v -44.334763 78.013771 -354.492611
v -43.611505 81.323060 -354.143325
v -48.841590 92.845878 -345.761497
v -49.848822 95.127023 -345.897352
v -47.021915 75.243875 -345.961292
v -48.190038 77.361041 -346.569002
v -47.568505 80.357344 -346.254398
v -51.762805 92.861449 -337.562805
v -49.774444 75.021299 -337.559179
v -50.997617 77.147407 -337.822643
v -50.362635 80.138903 -337.736681
v -52.955844 93.474811 -329.115730
v -53.971424 95.971197 -329.019800
v -51.106731 74.940175 -329.216191
v -52.397709 77.155873 -329.220211
v -51.603129 80.240010 -329.267389
v -52.254878 94.276221 -321.086030
v -53.400696 96.882032 -320.963816
v -50.209672 75.057452 -320.897973
v -51.482801 77.286422 -320.849197
v -50.719448 80.494333 -320.996203
v -50.081149 95.067318 -313.024376
v -51.186378 97.668864 -312.752271
v -48.029282 75.340560 -312.951282
v -49.313082 77.622681 -312.466641
v -48.747762 80.848336 -312.988116
v -46.409301 95.565423 -305.248076
v -44.500112 75.632849 -305.130184
v -45.645237 77.934469 -304.472184
v -45.055630 81.175037 -305.238851
v -41.270131 95.779434 -297.694873
v -34.900365 95.753371 -290.698898
v -39.815057 75.885695 -298.025836
v -40.712684 78.183271 -297.241513
v -40.212549 81.433569 -298.146361
v -27.637730 95.492937 -285.398650
v -34.120509 81.660845 -291.036146
v -34.728484 78.378709 -290.478127
v -33.822824 76.084907 -291.351035
v -39.261056 72.619072 -298.121638
v -43.733464 72.372288 -305.223991
v -47.190672 72.090927 -313.000631
v -49.354535 71.856817 -320.706250
v -50.212449 71.713266 -329.053893
v -49.042174 71.764726 -337.426666
v -46.388504 71.966875 -345.681632
v 48.889602 112.381735 -359.006882
v 48.720406 114.129262 -359.697313
v 47.542498 114.307769 -361.075685
v 47.797832 111.499644 -359.933494
v 49.478995 111.711793 -357.304500
v 49.483366 109.976997 -356.859659
v 50.729743 112.154401 -355.606987
v 46.067648 110.469958 -360.632133
v 48.252543 107.679257 -356.156412
v 47.417864 103.863021 -355.109801
v 45.969382 106.369965 -302.109552
v 45.579091 101.069974 -302.514467
v 40.272253 101.415617 -294.860674
v 50.352117 106.118103 -309.927150
v 49.880880 100.849244 -310.231579
v 53.592840 106.067357 -319.081607
v 52.897561 100.800573 -319.123291
v 40.723378 106.570260 -294.248847
v 33.568214 106.228218 -287.700762
v 48.900717 129.358210 -300.021877
v 53.188485 129.742254 -308.992587
v 56.407962 129.842213 -319.146110
v 57.215767 129.537644 -329.369777
v 6.713412 100.729236 -279.813810
v 16.942244 106.131975 -280.836980
v 16.528995 100.971164 -281.167934
v 26.072538 106.347512 -283.079831
v 25.520639 101.289883 -283.728387
v 32.996373 101.227119 -288.618779
v 13.005600 126.119652 -382.831924
v 22.389254 126.684671 -381.134404
v 3.003968 126.010406 -384.188738
v -7.556063 125.998823 -384.216941
v -18.161619 125.277044 -381.588236
v -27.849637 124.842746 -377.174870
v 52.065513 127.236844 -359.104009
v 55.782370 127.039765 -350.089712
v 46.545603 127.186647 -366.618262
v 39.003672 127.066795 -372.933670
v 31.053360 127.059650 -377.997036
v 55.340934 127.644218 -308.308608
v 50.933253 127.112086 -298.865319
v 58.499964 127.574629 -318.850452
v 59.299107 127.262029 -329.658042
v 58.263174 127.032283 -340.256808
v 17.879274 126.727985 -274.522590
v 8.665740 127.653070 -269.902888
v 44.776684 127.373620 -290.062093
v -31.717195 128.568975 -277.061346
v -40.566931 128.942862 -283.018061
v -22.038213 128.566620 -272.307779
v -22.193490 129.032222 -271.743196
v -11.716566 128.983551 -268.590373
v -59.444944 127.807097 -317.842052
v -60.326314 127.546327 -327.235787
v -59.990425 128.324266 -317.697672
v -53.633592 128.110854 -299.512005
v -54.075258 128.594422 -299.206795
v -47.441569 128.269098 -290.893212
v -47.839645 128.751739 -290.539837
v -58.188149 126.721201 -336.565463
v -58.683188 127.182660 -336.614263
v 47.875351 121.246813 -356.919968
v 50.390193 118.510239 -352.720844
v 50.367535 116.240194 -354.985331
v 49.206404 117.202366 -357.479362
v 50.697031 113.918967 -350.737040
v 50.515883 113.855169 -354.556907
v 51.227185 115.248095 -347.160669
v 52.626307 129.693148 -349.048697
v 49.098611 129.814797 -357.620587
v 55.103562 129.733952 -339.535128
v 52.166317 105.979194 -337.904068
v 49.812150 105.518350 -346.845305
v 49.457900 109.886702 -351.675037
v 49.941090 112.278232 -355.140441
v 48.933249 111.688906 -356.866685
v 51.721653 101.037415 -337.278832
v 50.011106 97.935533 -346.528840
v 49.523851 101.210573 -346.039989
v 46.195869 103.937689 -354.261596
v 47.183381 108.417148 -355.753578
v 47.847598 112.538067 -358.513531
v 44.637149 111.083312 -360.280699
v 44.523541 115.128686 -361.447537
v 41.442346 106.202541 -361.386132
v 46.086192 101.543878 -354.002561
v 46.545220 98.278010 -354.683913
v 45.402669 95.986341 -354.108689
v 40.552343 96.373608 -361.022822
v 41.574181 98.681340 -361.750356
v 41.092965 101.939776 -360.955349
v 35.642329 107.104631 -367.689806
v 34.939146 96.797685 -367.131541
v 35.891972 99.067787 -367.881820
v 38.726992 82.536060 -360.181345
v 43.506662 82.217882 -353.431292
v 39.250886 79.273146 -360.736521
v 33.633020 79.648559 -367.069648
v 32.566040 77.315815 -366.229030
v 25.609963 77.558391 -370.644377
v 31.906279 73.988717 -365.858761
v 48.848976 95.658220 -346.178776
v 52.210974 97.730587 -337.525506
v 47.013935 81.949909 -345.824537
v 44.018925 78.975074 -353.792954
v 38.138416 76.988900 -360.105023
v 37.410198 73.705559 -359.785272
v 42.780925 76.717703 -353.277542
v 42.009737 73.465773 -353.024563
v 47.537142 78.727798 -346.041233
v 49.103630 81.793305 -337.554437
v 51.057354 95.459451 -337.488938
v 52.918104 97.740365 -328.311981
v 52.332915 101.049818 -328.391009
v 49.636497 78.602876 -337.667832
v 46.185646 76.488614 -345.711186
v 45.252545 73.249793 -345.479298
v 44.583265 69.415747 -345.224327
v 41.295755 69.610533 -352.724949
v 37.240227 32.177602 -343.677202
v 33.930084 32.237108 -350.273226
v 30.453882 32.278433 -356.230516
v 25.312201 32.220972 -361.611029
v 38.959592 32.033000 -336.478542
v 19.685963 32.171173 -365.926100
v 13.209588 32.083230 -369.041873
v 16.888610 70.304724 -372.803522
v 24.702225 70.247862 -370.037627
v 31.325729 70.064277 -365.476504
v 36.841937 69.822465 -359.443623
v 25.189874 74.195681 -370.180765
v 17.319563 74.286132 -372.999317
v 9.666439 74.035969 -374.387329
v 9.322579 70.069413 -374.180543
v 1.234035 73.336101 -375.015390
v 1.617791 76.935865 -375.388711
v 17.788993 77.695987 -373.465847
v 10.055953 77.539162 -374.813850
v 10.617807 80.093235 -376.061290
v 1.801405 79.602185 -376.540080
v 10.518665 83.383459 -374.821560
v 1.990476 83.106256 -375.524933
v -7.561017 76.880746 -374.597159
v -7.772593 79.591915 -375.765958
v -7.461949 82.936815 -374.857875
v -7.596172 95.809852 -376.507269
v -16.465527 96.456791 -374.902911
v -7.841412 98.149372 -377.786585
v -16.787106 98.583941 -375.912816
v -7.662595 101.580351 -377.128159
v 2.278349 96.403756 -376.986428
v 2.294050 98.746229 -378.192903
v 2.463189 102.070858 -377.477547
v -7.320895 106.811687 -377.815286
v 2.612004 107.167609 -378.120086
v -6.866039 128.309180 -380.210981
v 2.861724 128.435579 -380.761158
v -16.429015 101.680424 -375.024834
v -16.135506 106.277586 -375.337507
v -16.760560 127.631970 -377.785929
v -17.546485 128.565849 -379.699337
v -7.320007 129.325044 -382.508184
v 2.786761 129.472090 -382.784639
v 12.446964 128.680730 -380.068290
v 12.677221 129.675224 -381.671385
v 2.854305 128.412248 -384.576889
v -7.638794 128.300001 -384.382627
v -18.285815 127.528140 -381.649258
v -28.012389 127.092308 -377.234711
v -26.999232 128.156785 -375.419754
v -25.893928 127.245687 -373.650377
v -7.696759 126.434384 -384.763906
v 2.982437 126.466173 -384.779398
v -18.394313 125.694583 -382.103735
v -28.164699 125.255092 -377.656816
v -24.945494 105.879178 -371.517827
v -25.329076 101.340613 -371.439699
v -25.921154 98.332300 -372.526533
v -33.024939 95.259312 -366.406908
v -25.368113 96.209466 -371.623057
v -16.074234 83.216863 -373.300382
v -16.499314 79.904679 -374.157492
v -24.380720 83.030440 -370.280042
v -24.842760 79.603285 -370.971827
v -24.151760 77.110590 -369.895189
v -16.075026 77.430516 -373.041952
v -15.908783 73.924148 -372.436596
v -7.614211 73.297693 -374.143682
v -7.685882 69.354410 -373.695124
v 0.939813 69.426457 -374.858912
v -0.999807 31.901249 -371.622396
v -7.915720 31.724455 -370.521144
v -15.925500 69.917945 -372.031098
v -23.885920 73.679283 -369.406924
v -31.526745 76.564652 -365.590528
v -31.945233 82.234863 -365.931791
v -31.017377 73.203517 -364.967505
v -23.715666 69.666247 -368.976582
v -14.926096 31.633432 -368.925831
v -30.868559 69.233803 -364.725668
v -21.687361 31.575017 -366.178011
v -27.887796 31.493719 -362.364422
v -44.570925 105.772837 -302.056282
v -46.071015 106.278693 -300.662150
v -45.451709 107.233762 -299.321751
v -43.462528 107.491251 -299.785218
v 38.774040 38.921497 -297.031067
v 38.491586 37.706048 -296.011514
v 39.977538 37.795076 -295.040499
v 39.599908 43.978470 -299.212933
v 37.989727 43.402560 -299.824939
v 40.354384 39.385693 -296.360966
v 39.719030 39.395049 -293.787547
v 38.237968 38.074633 -292.059015
v 38.312144 36.258243 -293.036121
v 37.059038 36.396016 -294.282565
v 38.092294 44.506036 -300.701363
v 38.692338 45.219579 -301.573668
v 37.667963 46.934650 -301.312231
v 36.748587 45.807060 -299.935352
v 36.611489 44.142850 -298.625230
v 37.386397 39.807513 -295.951248
v 37.236097 39.185012 -295.431125
v 36.153862 38.225030 -294.165923
v 34.258257 37.478596 -292.597586
v 34.932732 35.539323 -292.474413
v 35.994098 35.331936 -291.075407
v 36.040794 37.217632 -290.246004
v 35.000310 38.603766 -291.109804
v 36.936157 39.349483 -292.686462
v 38.033063 40.308693 -293.947607
v 40.006837 40.620543 -294.792332
v 38.172998 40.933372 -294.455670
v 39.277741 45.131696 -297.566503
v 39.339545 46.235451 -298.416356
v 39.922864 46.944929 -299.282502
v 46.061072 50.370374 -305.540617
v 46.107971 48.619060 -306.492911
v 40.035802 45.194046 -300.346145
v 39.653707 44.737841 -299.799514
v 51.447311 52.430338 -312.606524
v 55.301190 56.835338 -318.277209
v 53.960501 56.832471 -319.378973
v 50.127506 52.493147 -313.784845
v 44.813316 48.688351 -307.784453
v 56.871197 61.485921 -324.894128
v 58.748878 66.373185 -330.062991
v 57.597098 67.634688 -329.474238
v 55.728070 62.910906 -324.495091
v 52.870761 58.399765 -319.076874
v 49.170161 54.165392 -313.584025
v 43.905966 50.438007 -307.679101
v 58.947530 72.586463 -334.050720
v 59.806451 78.043328 -338.670308
v 59.351812 90.417220 -348.207659
v 56.683760 104.012471 -356.181080
v 55.386250 104.176769 -354.737759
v 58.044333 90.799254 -346.890545
v 60.616917 83.430768 -343.927002
v 59.285759 83.970709 -342.690007
v 61.065294 77.273756 -339.752720
v 60.088231 71.539410 -334.874128
v 62.518546 77.731491 -339.143960
v 62.133097 84.019979 -343.461170
v 61.541919 71.830870 -334.168759
v 60.194842 66.536782 -329.282337
v 58.279918 61.563267 -323.960361
v 59.899780 67.970885 -328.160442
v 61.239238 73.138907 -332.873425
v 58.028848 63.092198 -322.975942
v 55.095397 58.447997 -317.298082
v 51.370341 54.098259 -311.649258
v 49.993302 55.222613 -312.181571
v 53.593584 59.464349 -317.738563
v 56.495985 63.971778 -323.256108
v 58.333663 68.689169 -328.218697
v 59.689628 73.644386 -332.730576
v 62.134661 78.867691 -337.584606
v 60.521854 79.095295 -337.250851
v 61.656489 84.993078 -341.804009
v 60.514103 91.945716 -346.166280
v 57.866441 105.494536 -354.196365
v 55.298875 112.015607 -357.516836
v 55.547990 111.603697 -359.376830
v 58.198287 104.790509 -355.899725
v 60.853632 91.080172 -347.823605
v 53.390499 113.829714 -359.870576
v 51.012977 114.900418 -359.364000
v 50.489667 113.315449 -359.556395
v 52.416203 112.452366 -359.965352
v 54.229128 110.556151 -359.541864
v 48.745877 113.496089 -358.741375
v 46.009324 112.806262 -356.751385
v 47.577641 111.855616 -356.041277
v 49.505832 112.274294 -357.397707
v 50.683620 112.150685 -357.947489
v 51.871163 111.524279 -358.128652
v 53.078053 110.258030 -357.846002
v 47.302933 111.415034 -355.568175
v 47.243536 110.603953 -354.936631
v 46.341601 112.046903 -352.671226
v 46.888928 109.705086 -351.234216
v 45.214655 108.911642 -351.778823
v 44.679771 111.428693 -353.354138
v 45.739314 108.229740 -353.223941
v 45.288385 110.576963 -354.711809
v 47.673672 108.541528 -353.644120
v 45.352304 111.729275 -355.597862
v 46.378354 113.196319 -353.545053
v 44.755109 112.791619 -354.401602
v 45.677603 114.260525 -355.995536
v 48.917233 115.118694 -358.382565
v 47.069940 114.271067 -354.722237
v 49.826091 114.960122 -356.738874
v 51.563353 114.777743 -357.549440
v 53.456640 113.909140 -357.929748
v 52.507916 112.576845 -356.823486
v 51.345128 113.112693 -356.590122
v 50.169202 113.236795 -356.041847
v 48.238068 112.820684 -354.682090
v 47.972294 112.381899 -354.212392
v 47.953055 111.573385 -353.602097
v 47.957091 106.723147 -349.623022
v 46.349596 105.851492 -350.148293
v 46.847437 105.241690 -351.642332
v 48.522019 105.674133 -352.014564
v 49.251289 106.649136 -350.685641
v 48.438750 109.513577 -352.339864
v 39.500361 4.540746 -336.096142
v 39.537933 6.779550 -336.022389
v 37.446207 4.563089 -343.193936
v 37.537636 6.809767 -343.157191
v 34.381416 4.693929 -349.975168
v 25.155852 5.347782 -361.411991
v 23.778974 5.191696 -359.790326
v 28.516093 4.941541 -354.666335
v 30.178392 5.064351 -356.058554
v 30.225829 7.233179 -356.021168
v 34.356026 6.897902 -349.867695
v 37.090016 7.039825 -343.017426
v 30.065604 12.987025 -355.976985
v 29.865569 7.420673 -355.744289
v 33.932709 7.105630 -349.649373
v 40.059738 12.810938 -328.819438
v 39.177138 12.837030 -336.052069
v 37.269022 12.884813 -343.059882
v 34.157881 12.883644 -349.808963
v 32.744990 39.437624 -357.759574
v 27.334079 39.380406 -363.682252
v 35.808264 39.340525 -351.137552
v 39.362476 39.244331 -344.138534
v 41.461597 39.042125 -336.758003
v 42.266741 39.019069 -329.070517
v 43.158781 73.142902 -353.758709
v 38.539202 73.386839 -360.734209
v 46.500904 72.924412 -345.959393
v 48.635481 72.851541 -337.693154
v 49.343544 72.846135 -328.841634
v 49.024996 75.678296 -320.653729
v 50.008953 75.744169 -328.942639
v 49.415542 75.729477 -337.795769
v 47.254244 75.827139 -346.147494
v 43.782378 76.060321 -353.913263
v 39.103864 76.334258 -360.979980
v 40.029416 77.987890 -361.614929
v 50.525964 77.355307 -337.898980
v 48.358188 77.445110 -346.497472
v 44.794101 77.693091 -354.433959
v 40.351943 80.299009 -361.637336
v 32.996591 73.698299 -367.042093
v 33.492762 76.682035 -367.319806
v 34.394278 78.368332 -368.053076
v 34.695938 80.702331 -368.049476
v 34.265931 82.654526 -367.507526
v 26.405601 76.929852 -371.781711
v 27.131311 78.647011 -372.576024
v 27.349265 81.014119 -372.638137
v 26.923329 82.971343 -372.050670
v 27.529260 89.834678 -372.482914
v 19.866238 89.979755 -375.203501
v 18.498015 77.089942 -374.793822
v 19.193897 78.868060 -375.897404
v 19.496499 81.254012 -375.975203
v 19.155582 83.170268 -375.087565
v 11.681714 89.975326 -376.569769
v -7.917434 96.873780 -378.792326
v -7.773949 95.261165 -377.749534
v 2.362466 89.557459 -377.473722
v 11.000700 83.199652 -376.539427
v 11.113784 81.288269 -377.552763
v 1.892464 80.857958 -377.832409
v 1.730998 78.235043 -377.805325
v 2.054489 82.905691 -377.011940
v -7.601882 89.081160 -376.887385
v -16.867576 95.940122 -376.091551
v -7.890269 76.242765 -375.984256
v -7.980337 73.056487 -375.663466
v -8.313770 38.896190 -372.776112
v -1.070782 12.085415 -371.843474
v -8.169692 5.923214 -371.397376
v -1.335539 6.569173 -371.877794
v -1.348167 6.382380 -372.335607
v 1.585833 76.348992 -376.899178
v 1.275001 73.138686 -376.577140
v -0.675256 39.062018 -373.261426
v 5.857829 12.518204 -371.155706
v 5.624335 7.119578 -371.045410
v 5.681400 6.935082 -371.488861
v 12.631705 12.843586 -369.170302
v 7.071467 39.166542 -373.120263
v 10.038905 73.851186 -375.922108
v 10.406388 76.998515 -376.306574
v 10.925716 78.868224 -377.443771
v 18.057921 74.024435 -374.390534
v 14.277492 39.269774 -371.200229
v 19.104966 13.049408 -365.829482
v 24.881355 7.650944 -360.998149
v 25.173051 7.475458 -361.359279
v 19.003912 7.685640 -365.413604
v 24.936408 13.093337 -361.397764
v 21.094880 39.320607 -367.547667
v 26.070903 73.912794 -371.414466
v -33.376436 4.023710 -302.945081
v -33.452942 6.227417 -303.066772
v -27.999106 4.112353 -297.904799
v -28.103178 6.301735 -298.002721
v -21.769296 4.046499 -293.871731
v -21.874628 6.238124 -293.981461
v -14.827495 6.242135 -291.186424
v -21.633961 6.444387 -294.413999
v -22.226753 12.164149 -294.442554
v -24.095578 38.406232 -290.451243
v -30.719511 38.357671 -294.855524
v -36.694887 38.331142 -300.843026
v -34.167336 72.467497 -290.496361
v -40.300964 72.322748 -297.038380
v -44.939255 72.085463 -304.354645
v -49.229717 74.710118 -312.369052
v -45.602396 75.019224 -304.268804
v -53.514643 75.824686 -329.318036
v -52.558552 75.989033 -320.689598
v -50.291739 76.364349 -311.950955
v -52.880646 78.278472 -320.724464
v -53.747610 78.104715 -329.273364
v -52.288659 78.053484 -338.155818
v -49.460570 78.230293 -347.047014
v -45.003562 80.914537 -354.965692
v -49.452662 85.999705 -346.817955
v -52.940031 92.298570 -337.827718
v -53.905833 93.989289 -337.848405
v -54.190308 92.972556 -329.125979
v -53.521741 93.815434 -320.913323
v -51.310935 94.580256 -312.657394
v -47.678141 95.079771 -304.567188
v -35.844059 95.243036 -289.651911
v -43.297282 97.065182 -295.916209
v -42.363360 95.270952 -296.715819
v -48.688311 96.888152 -304.198690
v -52.312378 96.415396 -312.444407
v -54.539957 95.667785 -320.771997
v -48.989511 99.324899 -304.194555
v -52.547236 98.877714 -312.490390
v -54.725142 98.139651 -320.731924
v -55.285546 97.164263 -328.898007
v -55.122850 94.735055 -329.041653
v 32.576686 5.784771 -345.066252
v 32.498283 4.654532 -348.881585
v 35.395893 4.614148 -342.470430
v 37.356997 4.603634 -335.785478
v 35.302706 5.622562 -319.346235
v 25.017764 6.076238 -356.183310
v 5.598611 38.608335 -278.310039
v 5.271656 39.068622 -276.508068
v 6.681176 37.519088 -276.108519
v 6.681285 37.418309 -278.000595
v 7.235216 39.465828 -279.071407
v 7.781760 38.858819 -278.911490
v 9.087340 36.173196 -278.373229
v 9.520758 37.962418 -279.168456
v 9.495791 36.054191 -276.569514
v 10.219865 37.816741 -276.175129
v 7.831605 39.056436 -275.816351
v 6.745643 40.246380 -276.116690
v 4.709983 44.813247 -278.277605
v 10.184084 38.909004 -277.900526
v 13.042467 37.022813 -277.149672
v 12.561648 35.202915 -277.615832
v 11.929191 35.386506 -279.358530
v 11.974857 37.282050 -280.020161
v 12.621480 38.225707 -278.743369
v 3.158936 43.711579 -278.726695
v 3.527475 43.151211 -280.484040
v 5.293293 43.883761 -281.157962
v 5.951637 44.846774 -279.862617
v 7.875588 40.416971 -277.785944
v 8.437518 39.807488 -277.639875
v 4.138198 45.604287 -281.720854
v 2.770270 44.289511 -280.864476
v -21.460774 58.570405 -278.616717
v -22.366047 57.051568 -277.669651
v -14.752631 52.572577 -277.928775
v -13.892380 54.258304 -278.869033
v -6.621538 48.229287 -278.771083
v -6.181723 50.030896 -279.506571
v 1.708417 45.015486 -280.794825
v 2.396227 46.752370 -281.588932
v -20.804886 59.570920 -277.609493
v -13.284681 55.264590 -277.789241
v -22.247471 57.152836 -275.960549
v -14.648785 52.565867 -276.179643
v -6.188639 48.158122 -277.139330
v 1.944124 44.952492 -278.933344
v 2.618609 44.492517 -278.977336
v -21.144289 58.802767 -275.932778
v -13.706287 54.304272 -276.052062
v -5.474415 49.967323 -276.840595
v 2.831891 46.685130 -278.560517
v 3.909777 45.956842 -278.633823
v -5.534485 51.044647 -278.375110
v 3.034042 47.722877 -280.289346
v 4.762984 46.571582 -280.410717
v -46.403473 84.592259 -282.598195
v -45.200266 85.482487 -281.858294
v -41.387637 78.685304 -280.019917
v -42.600432 77.677800 -280.627656
v -36.666500 73.001426 -278.793854
v -37.744162 71.838630 -279.303169
v -31.631845 67.849462 -277.684364
v -32.843705 66.439497 -277.660051
v -26.954120 63.717672 -277.040183
v -28.123898 62.219603 -276.983143
v -46.051408 83.883531 -284.219023
v -42.415072 77.125241 -282.231708
v -37.628661 71.469107 -281.094385
v -32.866098 66.199924 -279.460321
v -28.229939 62.024004 -278.682905
v -44.663449 84.291455 -284.502297
v -41.160225 77.746020 -282.605047
v -36.630057 72.329081 -281.551977
v -31.894918 67.287892 -280.262339
v -27.337181 63.163202 -279.480611
v -44.124656 85.226425 -283.201209
v -40.522618 78.663073 -281.402200
v -36.021029 73.242861 -280.324485
v -31.146558 68.274096 -279.328340
v 30.290252 5.287433 -307.605140
v 30.549713 130.659307 -376.792237
v 38.081758 130.637560 -371.949414
v 36.888280 129.661745 -370.470003
v 43.737454 129.722426 -364.656643
v 41.665962 115.808734 -363.600997
v 45.763117 119.185152 -360.515676
v 45.319819 130.711416 -365.693683
v 47.817121 114.333224 -359.216345
v 48.214482 116.143787 -358.921947
v 50.782457 130.810940 -358.417327
v 54.419347 130.677937 -349.558515
v 56.878075 130.721301 -339.917374
v 22.447408 129.134691 -381.563686
v 31.313463 129.500499 -378.182305
v 39.173895 129.495421 -373.169989
v 46.745600 129.602804 -366.739748
v 52.301656 129.693099 -359.244773
v 56.004859 129.519998 -350.108682
v 58.558619 129.540376 -340.254061
v 59.851760 127.717196 -329.658789
v 58.996631 128.031273 -318.820076
v 58.703380 130.096536 -318.816824
v 59.626749 129.779670 -329.444074
v 58.819164 127.490076 -340.298521
v 56.288028 127.495646 -350.233551
v 52.528984 127.692504 -359.342522
v 46.975435 127.634661 -366.910278
v 39.369096 127.511651 -373.288758
v 31.314271 127.500010 -378.426865
v 22.560708 127.133883 -381.706646
v 13.078299 126.569848 -383.404323
v 13.007590 128.562847 -383.243710
v 29.595303 129.701007 -375.388262
v 21.865158 130.268537 -379.938535
v 21.406278 129.297784 -378.249026
v 28.643451 107.247404 -372.301012
v 35.552617 102.286510 -367.067031
v 12.489143 107.286789 -376.941953
v 21.174004 107.337158 -375.058580
v 28.378686 102.460259 -371.803975
v 28.754221 99.266991 -372.537885
v 27.980615 97.000564 -371.543234
v 20.766695 102.560931 -374.499471
v 12.128231 102.552523 -376.281806
v 21.024580 99.392307 -375.304148
v 20.222055 97.110301 -374.234874
v 26.071108 83.225436 -370.796483
v 33.182657 82.929932 -366.352774
v 26.472336 79.925934 -371.531375
v 18.566631 80.128911 -374.669017
v 18.289460 83.383139 -373.524070
v 11.746575 97.079374 -375.839824
v 12.257471 99.396343 -377.114358
v 48.305489 76.358836 -337.549747
v 47.422903 73.140384 -337.476834
v 46.601603 69.342777 -337.259574
v 51.846753 95.464151 -328.400184
v 49.832121 81.825643 -328.989522
v 52.144134 106.185667 -319.303255
v 55.171888 130.280612 -319.289114
v 51.468501 101.212099 -319.284713
v 52.901477 106.002303 -328.570799
v 55.905478 129.987233 -329.364212
v 57.883930 130.976444 -329.275312
v 57.048789 131.291669 -318.982747
v 53.878069 131.224425 -308.741592
v -16.597517 5.016585 -295.813373
v 35.231126 130.111121 -284.647145
v 43.081499 130.626805 -291.480585
v 49.431963 130.949512 -299.753718
v 55.569810 130.155526 -308.201303
v 51.034047 129.842762 -298.788621
v 44.487164 129.509892 -290.155549
v 36.751059 127.019396 -282.878748
v 51.412179 127.649403 -298.562230
v 55.836589 128.127409 -308.158624
v -10.607952 105.924084 -279.137791
v -19.495005 106.458783 -281.005247
v -19.508391 101.270925 -281.606558
v -27.705111 101.433485 -285.185309
v -19.931714 97.942687 -280.811621
v -28.358587 97.985402 -284.313049
v -19.506422 95.611468 -282.112623
v 2.022593 5.430118 -368.163809
v -10.470522 4.268419 -367.280279
v 12.650956 7.324499 -369.254532
v 5.689917 4.844101 -371.439224
v 12.574476 5.236828 -369.264899
v 11.913763 5.092391 -367.213289
v 18.069811 5.245757 -363.979650
v 19.176484 5.406940 -365.778888
v -1.363583 4.260409 -372.304241
v 5.355095 4.715300 -369.312506
v 14.348022 6.147926 -364.284053
v 45.870320 96.836044 -302.434501
v 50.254070 96.641147 -310.317396
v 49.292879 95.045415 -310.681352
v 44.964211 95.218188 -302.850342
v 40.559929 97.145641 -294.587848
v 39.642380 95.511124 -295.210228
v 33.155336 97.115108 -288.464461
v 25.434483 96.991876 -283.472574
v 40.788813 99.465719 -294.455503
v 46.113693 99.135088 -302.283513
v 33.431217 99.382750 -288.161868
v 25.797308 99.437426 -283.135824
v 16.730532 99.132906 -280.434278
v 49.851045 95.055087 -346.722365
v 53.081263 96.435659 -337.920942
v 52.078248 94.843972 -337.842240
v 53.917221 96.449424 -328.384250
v 52.931458 94.851019 -328.541322
v 53.329393 96.593411 -319.227555
v 52.238231 94.977031 -319.402896
v 54.228028 98.718428 -328.288373
v 53.551455 98.880060 -319.108845
v 50.487859 98.922283 -310.099725
v -22.046911 3.851418 -361.884266
v -31.489462 4.244872 -352.951859
v 13.765011 11.321632 -291.767282
v 20.027977 11.542054 -294.507893
v 6.915261 11.320834 -290.328321
v -0.229112 11.448944 -290.080645
v -0.256945 12.252206 -289.689969
v -7.340459 11.614159 -290.711775
v 13.414812 10.231469 -292.895842
v 6.783400 10.233211 -291.508199
v -0.176103 10.365468 -291.258024
v -7.098011 10.536764 -291.843984
v -13.889999 10.749625 -293.708540
v -13.586790 10.427414 -294.485948
v -19.842311 10.613339 -297.445212
v -6.940169 10.212160 -292.662270
v 24.594951 10.789572 -299.399448
v 19.433316 10.447070 -295.536990
v 19.013325 10.120040 -296.259998
v 13.163096 9.905501 -293.692487
v 6.685717 9.909620 -292.338125
v 24.030404 10.462145 -300.016547
v 31.831740 10.904815 -310.189685
v 34.332428 11.080352 -316.068408
v 28.287479 10.699588 -304.838389
v 32.564904 11.238145 -309.796831
v 28.947121 11.027981 -304.326626
v 36.244633 12.516135 -315.435658
v 33.596935 12.337559 -309.247173
v 29.889831 12.129803 -303.583177
v 25.399574 11.889237 -298.510458
v 38.212604 13.436132 -322.064328
v 36.611768 13.322344 -315.312262
v 33.935094 13.145286 -309.069489
v 30.197836 12.932334 -303.331981
v 25.661735 12.691827 -298.213971
v -37.283227 4.722175 -340.903771
v 44.674174 51.541976 -306.184566
v 38.472618 48.070780 -299.802898
v 37.529015 46.952964 -298.407008
v 37.421801 45.290842 -297.113370
v 53.815926 111.223148 -356.527988
v 56.157681 105.154184 -353.425486
v 58.795423 91.807578 -345.535366
v 59.966449 85.002963 -341.288142
v 43.818989 77.257645 -303.460770
v 47.806142 77.287193 -311.925292
v 50.102366 77.283535 -320.637431
v 51.175624 77.377431 -328.895480
v 50.568076 79.563957 -320.472136
v 48.121873 79.609183 -311.731277
v 44.078680 79.588428 -303.275128
v 38.707571 79.776000 -295.731553
v 31.915380 79.277953 -289.782475
v 47.637540 81.591862 -311.714332
v 43.571398 81.584216 -303.506327
v 38.211656 81.755127 -296.173769
v 31.517122 81.173183 -290.327103
v 24.002784 80.901051 -285.504299
v 31.803407 88.358077 -290.084417
v 38.908082 88.674229 -295.714231
v 44.216249 88.457322 -303.083490
v 48.586313 88.365017 -311.000117
v 51.190127 88.273524 -319.864844
v 50.120543 81.507744 -320.365762
v 52.025667 88.213327 -329.018896
v 51.216770 81.532592 -328.974618
v 51.095949 88.189570 -338.103413
v 50.438446 81.488458 -337.745135
v 48.785736 88.383417 -346.779142
v 48.238094 81.634413 -346.339347
v 44.690652 81.907358 -354.186298
v 45.180702 79.980290 -354.482267
v 48.775687 79.717936 -346.508827
v 50.941296 79.607329 -337.805010
v 51.704914 79.641627 -328.873030
v 45.223542 88.712407 -354.698446
v 6.381345 31.996782 -370.820256
v 12.208408 13.562073 -367.871637
v 18.526135 13.751758 -364.569403
v 24.244623 13.775880 -360.256071
v 13.876176 12.125696 -291.393823
v 6.954433 12.123419 -289.936543
v -7.436856 12.419903 -290.341987
v -14.505106 12.629362 -292.283525
v -27.079840 12.871966 -299.250990
v -34.990965 127.142669 -368.691468
v -36.605149 125.059924 -370.782713
v -43.863190 125.225756 -363.170803
v -42.207751 127.315983 -361.581786
v -49.938329 125.483959 -354.567306
v -48.179488 127.574514 -353.285666
v -54.668362 126.658945 -345.889835
v -59.764766 127.039552 -327.256511
v -57.413090 129.307521 -327.135168
v -57.202644 130.050752 -318.102725
v -57.511770 128.085128 -308.713531
v -40.266086 128.467433 -283.461015
v -38.861291 130.776961 -284.931191
v -30.626546 130.881071 -278.676950
v -11.615947 128.509811 -269.167280
v -1.420650 128.000739 -268.621444
v 8.568039 127.170043 -270.572584
v 8.212837 129.410368 -272.370721
v 17.246956 128.938162 -276.203814
v 27.354422 126.566845 -278.400589
v 26.136776 128.654512 -280.477884
v 36.323940 126.561718 -283.419996
v 34.696349 128.687941 -285.294241
v 44.337132 126.863506 -290.504417
v 42.619828 129.112025 -291.910827
v 12.635360 128.252700 -381.072257
v -7.096017 127.956597 -381.679533
v -26.619858 126.843014 -374.911644
v -46.664054 110.795453 -301.306099
v -44.760033 111.281810 -301.829326
v -46.368651 113.780559 -302.715438
v -48.245853 115.029113 -302.517590
v -51.001374 115.446372 -301.206913
v -52.659091 115.228432 -300.095187
v -42.984560 106.472869 -301.540610
v -44.364290 110.472525 -303.600429
v -46.099778 113.328009 -304.628419
v -48.744853 115.052214 -304.330941
v -51.942881 115.545675 -302.844323
v -53.891008 115.291024 -301.549162
v -45.881623 109.641452 -304.071491
v -47.363836 112.159422 -305.004494
v -49.289403 113.414645 -304.784971
v -52.046981 113.836269 -303.500285
v -53.676260 113.622594 -302.419308
v -47.311899 109.861362 -302.614333
v -48.459856 111.836223 -303.371212
v -49.168390 112.328970 -303.311696
v -51.218883 112.627206 -302.337198
v -52.332381 112.479076 -301.590911
v -47.911016 112.765130 -302.020450
v -48.629957 113.256023 -301.955338
v -50.684039 113.550764 -300.969603
v -51.802554 113.401749 -300.213533
v -53.177663 111.926403 -300.703038
v -53.683951 110.659121 -299.469888
v -52.704134 106.008694 -296.468934
v -52.089457 106.940768 -295.118067
v -49.244688 94.259075 -289.328860
v -48.588919 95.172962 -288.087576
v -54.992731 112.726787 -301.018497
v -55.671782 110.907209 -299.293681
v -54.698216 105.799219 -295.936911
v -50.921540 93.870438 -288.877042
v -55.527024 114.182519 -299.802819
v -56.330247 112.028659 -297.734867
v -55.278408 106.644165 -294.204303
v -51.381204 94.632307 -287.204891
v -54.018026 114.333774 -298.647380
v -54.671511 112.522005 -296.905671
v -53.622122 107.416854 -293.600923
v -49.862533 95.474750 -286.670771
v -52.643724 112.850011 -299.318938
v -53.080503 111.588077 -298.111149
v -26.573188 64.151429 -278.574932
v -33.738328 97.500579 -367.195074
v 12.497479 7.504000 -368.847569
v 19.220931 7.510391 -365.806943
v -14.183573 3.857334 -292.866741
v -20.611097 3.995904 -295.903234
v -26.528449 4.056591 -299.728363
v -31.612167 3.988061 -304.544444
v -35.571766 5.261376 -314.406637
v -27.972054 5.123689 -303.305454
v 21.673678 4.860830 -298.147515
v -3.653869 4.760725 -292.342049
vt 0.916016 0.795532
vt 0.945313 0.816528
vt 0.965820 0.846191
vt 0.960938 0.435059
vt 0.953125 0.433594
vt 0.954102 0.427246
vt 0.960449 0.439453
vt 0.968262 0.440430
vt 0.967773 0.455566
vt 0.975586 0.456055
vt 0.975586 0.458496
vt 0.982910 0.458496
vt 0.983398 0.465332
vt 0.961426 0.429688
vt 0.968262 0.436523
vt 0.975586 0.440918
vt 0.982910 0.455566
vt 0.968750 0.431152
vt 0.976074 0.437012
vt 0.982422 0.441406
vt 0.976563 0.432129
vt 0.983398 0.437500
vt 0.983398 0.432129
vt 0.936523 0.480957
vt 0.936523 0.463867
vt 0.944824 0.464356
vt 0.944336 0.481934
vt 0.944824 0.489746
vt 0.952637 0.482422
vt 0.952637 0.464844
vt 0.944824 0.457031
vt 0.937012 0.457031
vt 0.929199 0.457031
vt 0.928711 0.463867
vt 0.928711 0.480957
vt 0.937012 0.453613
vt 0.944824 0.453613
vt 0.929199 0.454102
vt 0.921387 0.454590
vt 0.921387 0.457520
vt 0.920898 0.464356
vt 0.920898 0.480957
vt 0.914063 0.440430
vt 0.921387 0.439941
vt 0.913574 0.455078
vt 0.913574 0.457520
vt 0.913086 0.464844
vt 0.913086 0.480957
vt 0.913086 0.488281
vt 0.920410 0.488281
vt 0.921387 0.435547
vt 0.929199 0.435059
vt 0.929199 0.439453
vt 0.914063 0.436035
vt 0.906250 0.436523
vt 0.906250 0.440918
vt 0.906250 0.455078
vt 0.906250 0.457520
vt 0.921387 0.430664
vt 0.928711 0.430176
vt 0.913574 0.431152
vt 0.906250 0.431641
vt 0.898926 0.437012
vt 0.899414 0.431641
vt 0.899414 0.440918
vt 0.898926 0.455078
vt 0.899414 0.457520
vt 0.898438 0.464356
vt 0.905762 0.464844
vt 0.898438 0.480957
vt 0.905762 0.480469
vt 0.898438 0.488281
vt 0.905762 0.488281
vt 0.913086 0.491211
vt 0.905273 0.490723
vt 0.905273 0.506836
vt 0.912598 0.507080
vt 0.897949 0.491211
vt 0.898438 0.507080
vt 0.897461 0.510986
vt 0.905273 0.511231
vt 0.897461 0.516113
vt 0.904785 0.516113
vt 0.912598 0.511475
vt 0.912109 0.516602
vt 0.920410 0.507568
vt 0.920410 0.511963
vt 0.928223 0.508301
vt 0.928223 0.512695
vt 0.936523 0.509277
vt 0.936035 0.514160
vt 0.944336 0.510010
vt 0.944336 0.515381
vt 0.919922 0.517090
vt 0.927246 0.518066
vt 0.935059 0.519287
vt 0.943848 0.522217
vt 0.952148 0.521973
vt 0.952148 0.515137
vt 0.952148 0.510254
vt 0.946777 0.535889
vt 0.935547 0.535400
vt 0.937988 0.528076
vt 0.947266 0.534668
vt 0.948731 0.535889
vt 0.959473 0.513916
vt 0.959473 0.509522
vt 0.967285 0.509277
vt 0.967285 0.493652
vt 0.958008 0.527832
vt 0.961426 0.534912
vt 0.959961 0.541748
vt 0.955566 0.546631
vt 0.949219 0.548584
vt 0.942383 0.547119
vt 0.937500 0.542236
vt 0.959961 0.493652
vt 0.967285 0.490234
vt 0.975098 0.490234
vt 0.975586 0.482422
vt 0.967773 0.482910
vt 0.975586 0.465820
vt 0.968262 0.465820
vt 0.968262 0.458496
vt 0.974609 0.493164
vt 0.982422 0.489746
vt 0.983398 0.481934
vt 0.982422 0.492676
vt 0.974609 0.509033
vt 0.967285 0.513428
vt 0.959961 0.519287
vt 0.981445 0.508789
vt 0.981934 0.512695
vt 0.974609 0.512940
vt 0.967773 0.518310
vt 0.981934 0.517822
vt 0.975098 0.518066
vt 0.928223 0.488770
vt 0.936523 0.489258
vt 0.920410 0.491211
vt 0.928711 0.491699
vt 0.936523 0.492676
vt 0.944824 0.493164
vt 0.952637 0.490234
vt 0.952637 0.493652
vt 0.959961 0.490234
vt 0.959961 0.482910
vt 0.960449 0.465332
vt 0.952637 0.457520
vt 0.960449 0.458008
vt 0.960449 0.455078
vt 0.952637 0.454102
vt 0.953125 0.438965
vt 0.945313 0.438477
vt 0.945313 0.433106
vt 0.937500 0.434082
vt 0.937500 0.438965
vt 0.945801 0.426758
vt 0.937012 0.429199
vt 0.949219 0.414063
vt 0.950684 0.412598
vt 0.940430 0.419922
vt 0.948731 0.412598
vt 0.937988 0.412598
vt 0.939941 0.405273
vt 0.944336 0.400879
vt 0.951172 0.399414
vt 0.957519 0.401856
vt 0.961426 0.407227
vt 0.962891 0.414551
vt 0.959961 0.421387
vt 0.102478 0.247070
vt 0.127319 0.249512
vt 0.125000 0.267578
vt 0.149414 0.269531
vt 0.151245 0.251465
vt 0.172241 0.270996
vt 0.173950 0.252930
vt 0.196045 0.272461
vt 0.197144 0.254395
vt 0.219482 0.273438
vt 0.220337 0.255371
vt 0.242920 0.274414
vt 0.243530 0.256348
vt 0.267334 0.274902
vt 0.268555 0.257324
vt 0.292725 0.257813
vt 0.292969 0.252441
vt 0.316162 0.252441
vt 0.268799 0.251953
vt 0.244263 0.250977
vt 0.221069 0.250000
vt 0.197876 0.249023
vt 0.316162 0.246582
vt 0.340088 0.247070
vt 0.292969 0.246582
vt 0.269531 0.245606
vt 0.244873 0.244629
vt 0.221802 0.244141
vt 0.198608 0.243164
vt 0.244873 0.239746
vt 0.270020 0.240723
vt 0.293213 0.241211
vt 0.316406 0.241699
vt 0.340332 0.241699
vt 0.362793 0.242188
vt 0.362793 0.247559
vt 0.294190 0.233398
vt 0.316895 0.233887
vt 0.340576 0.233887
vt 0.362305 0.234375
vt 0.385742 0.234863
vt 0.385986 0.242676
vt 0.408935 0.235352
vt 0.408935 0.243164
vt 0.434326 0.140137
vt 0.432373 0.235352
vt 0.410645 0.140137
vt 0.386719 0.140137
vt 0.363037 0.140137
vt 0.340088 0.139648
vt 0.317871 0.139648
vt 0.411621 0.056152
vt 0.388428 0.056152
vt 0.365234 0.056152
vt 0.341553 0.056152
vt 0.341065 0.036133
vt 0.317871 0.056152
vt 0.363770 0.035645
vt 0.387207 0.035645
vt 0.410400 0.035156
vt 0.433594 0.034668
vt 0.434570 0.055664
vt 0.457031 0.034668
vt 0.480957 0.034180
vt 0.457031 0.032715
vt 0.433594 0.033203
vt 0.410400 0.033691
vt 0.387207 0.033691
vt 0.363770 0.033691
vt 0.341309 0.034180
vt 0.318603 0.034668
vt 0.318359 0.026855
vt 0.341309 0.026855
vt 0.363525 0.025879
vt 0.386963 0.025879
vt 0.410156 0.025879
vt 0.433105 0.025391
vt 0.433350 0.018066
vt 0.456787 0.017578
vt 0.456543 0.024414
vt 0.409912 0.018555
vt 0.386963 0.018555
vt 0.363525 0.018555
vt 0.341065 0.019531
vt 0.445068 0.009766
vt 0.492920 0.009277
vt 0.481201 0.017090
vt 0.398438 0.010742
vt 0.351563 0.011230
vt 0.307373 0.012207
vt 0.550293 0.017578
vt 0.573242 0.018066
vt 0.572754 0.025391
vt 0.550293 0.024902
vt 0.527832 0.017578
vt 0.527832 0.024902
vt 0.504394 0.017578
vt 0.504394 0.024414
vt 0.480713 0.024414
vt 0.480957 0.032715
vt 0.504394 0.032715
vt 0.527832 0.032715
vt 0.550293 0.032715
vt 0.594727 0.034668
vt 0.572754 0.034668
vt 0.572754 0.032715
vt 0.550293 0.034668
vt 0.527344 0.034180
vt 0.504394 0.034180
vt 0.457764 0.055664
vt 0.481201 0.055176
vt 0.504883 0.055176
vt 0.527344 0.055176
vt 0.550293 0.054688
vt 0.551269 0.139160
vt 0.526367 0.139648
vt 0.501953 0.139160
vt 0.480225 0.139648
vt 0.457031 0.140137
vt 0.549805 0.235352
vt 0.525879 0.235840
vt 0.501953 0.235352
vt 0.478272 0.235352
vt 0.455566 0.235352
vt 0.432617 0.243164
vt 0.455810 0.243164
vt 0.478516 0.243652
vt 0.501953 0.243652
vt 0.525879 0.243652
vt 0.386230 0.248047
vt 0.408935 0.248047
vt 0.432861 0.248047
vt 0.455810 0.248047
vt 0.478760 0.248535
vt 0.433105 0.254395
vt 0.409180 0.253906
vt 0.386230 0.253906
vt 0.362305 0.253418
vt 0.339844 0.252930
vt 0.409180 0.259766
vt 0.386230 0.259277
vt 0.361816 0.259277
vt 0.339600 0.258301
vt 0.315918 0.258301
vt 0.291748 0.275879
vt 0.314697 0.275879
vt 0.338623 0.276367
vt 0.361816 0.276856
vt 0.385986 0.277344
vt 0.385742 0.295410
vt 0.337891 0.294434
vt 0.361572 0.295410
vt 0.409424 0.295410
vt 0.409180 0.277344
vt 0.433105 0.295410
vt 0.433105 0.277832
vt 0.455810 0.294922
vt 0.409668 0.300781
vt 0.385986 0.300293
vt 0.361816 0.300781
vt 0.337647 0.299805
vt 0.314209 0.299316
vt 0.314209 0.293945
vt 0.290527 0.298828
vt 0.290772 0.293457
vt 0.385742 0.306641
vt 0.361572 0.306641
vt 0.337891 0.306152
vt 0.314209 0.305176
vt 0.290527 0.304199
vt 0.266113 0.303711
vt 0.266357 0.297852
vt 0.337891 0.311035
vt 0.313965 0.310059
vt 0.290283 0.309570
vt 0.265869 0.309082
vt 0.241943 0.308594
vt 0.242188 0.303223
vt 0.217529 0.307617
vt 0.266113 0.322754
vt 0.290772 0.323242
vt 0.314209 0.323731
vt 0.337647 0.324219
vt 0.360840 0.325195
vt 0.361084 0.312012
vt 0.385254 0.325684
vt 0.243042 0.345215
vt 0.242676 0.380371
vt 0.231445 0.352539
vt 0.265381 0.380859
vt 0.289307 0.381836
vt 0.313477 0.382324
vt 0.337402 0.382324
vt 0.361328 0.382813
vt 0.194092 0.306641
vt 0.217407 0.314941
vt 0.240845 0.320313
vt 0.233887 0.342773
vt 0.224976 0.342285
vt 0.223145 0.346680
vt 0.230713 0.329590
vt 0.217285 0.324219
vt 0.222778 0.336426
vt 0.217651 0.334961
vt 0.212646 0.337891
vt 0.204590 0.331543
vt 0.194946 0.318359
vt 0.170166 0.305176
vt 0.211548 0.342285
vt 0.202148 0.341797
vt 0.214477 0.338867
vt 0.217895 0.336914
vt 0.221924 0.338379
vt 0.223755 0.342285
vt 0.221069 0.345215
vt 0.217651 0.346191
vt 0.217041 0.348633
vt 0.214722 0.345703
vt 0.213379 0.346680
vt 0.213501 0.342773
vt 0.170166 0.379883
vt 0.191406 0.343750
vt 0.194702 0.379883
vt 0.205322 0.352539
vt 0.217163 0.358887
vt 0.218506 0.379883
vt 0.122864 0.296875
vt 0.122620 0.302246
vt 0.097595 0.300781
vt 0.121887 0.316406
vt 0.146729 0.317871
vt 0.144775 0.379395
vt 0.170410 0.318848
vt 0.118591 0.378906
vt 0.146729 0.303711
vt 0.091370 0.377930
vt 0.095886 0.314941
vt 0.065796 0.376465
vt 0.071106 0.312500
vt 0.072754 0.298340
vt 0.097839 0.294922
vt 0.038055 0.374512
vt 0.045502 0.310059
vt 0.047516 0.295410
vt 0.073486 0.292969
vt 0.098084 0.289063
vt 0.010803 0.371094
vt 0.020035 0.306641
vt 0.022018 0.291992
vt 0.022278 0.286133
vt 0.048004 0.289551
vt 0.074097 0.286621
vt 0.098633 0.283691
vt 0.074280 0.281250
vt 0.048492 0.283691
vt 0.048920 0.278320
vt 0.050903 0.259766
vt 0.022995 0.279785
vt 0.023819 0.274414
vt 0.026199 0.255859
vt 0.054199 0.241211
vt 0.029678 0.237793
vt 0.075562 0.262695
vt 0.030441 0.231934
vt 0.055115 0.235840
vt 0.055908 0.229492
vt 0.031525 0.225586
vt 0.056610 0.224121
vt 0.032837 0.219727
vt 0.092163 0.126465
vt 0.070862 0.123535
vt 0.081360 0.047363
vt 0.057861 0.215820
vt 0.082031 0.219238
vt 0.080872 0.227051
vt 0.080078 0.232910
vt 0.078979 0.239258
vt 0.034485 0.211914
vt 0.049835 0.120606
vt 0.061768 0.044922
vt 0.143677 0.032227
vt 0.143677 0.033691
vt 0.123108 0.032715
vt 0.123230 0.031250
vt 0.102783 0.029785
vt 0.102661 0.031250
vt 0.083313 0.027832
vt 0.083130 0.029297
vt 0.063171 0.026367
vt 0.063293 0.027344
vt 0.104004 0.235352
vt 0.105103 0.229981
vt 0.106262 0.222168
vt 0.113281 0.128906
vt 0.101379 0.049316
vt 0.121643 0.051270
vt 0.135254 0.131348
vt 0.130371 0.224609
vt 0.129395 0.232910
vt 0.128662 0.237793
vt 0.141968 0.052734
vt 0.158936 0.132813
vt 0.154175 0.226563
vt 0.152832 0.234863
vt 0.177490 0.228027
vt 0.176025 0.236328
vt 0.203857 0.135742
vt 0.199707 0.229492
vt 0.181519 0.134766
vt 0.162598 0.053711
vt 0.164551 0.034668
vt 0.206421 0.055176
vt 0.228394 0.056152
vt 0.226440 0.137207
vt 0.184204 0.054688
vt 0.186279 0.035156
vt 0.208374 0.036133
vt 0.230225 0.036621
vt 0.251953 0.036621
vt 0.250244 0.056152
vt 0.273682 0.036621
vt 0.271973 0.056641
vt 0.230347 0.034668
vt 0.208618 0.034180
vt 0.186523 0.033691
vt 0.164673 0.033203
vt 0.103271 0.022949
vt 0.123779 0.023926
vt 0.144043 0.024902
vt 0.165405 0.025879
vt 0.187012 0.026367
vt 0.209229 0.026855
vt 0.208984 0.020508
vt 0.230591 0.020508
vt 0.230957 0.027344
vt 0.186768 0.019531
vt 0.165405 0.019531
vt 0.144287 0.018555
vt 0.124146 0.017578
vt 0.175903 0.012695
vt 0.134521 0.011230
vt 0.094360 0.008789
vt 0.103638 0.016602
vt 0.084351 0.014648
vt 0.055695 0.004395
vt 0.064392 0.012695
vt 0.083862 0.020996
vt 0.063477 0.019043
vt 0.761719 0.963471
vt 0.766602 0.962036
vt 0.770019 0.966858
vt 0.761719 0.968887
vt 0.766602 0.970825
vt 0.694336 0.274414
vt 0.670410 0.274902
vt 0.668945 0.256836
vt 0.717773 0.296875
vt 0.717773 0.302734
vt 0.693848 0.303223
vt 0.693848 0.297363
vt 0.717773 0.291504
vt 0.693848 0.292481
vt 0.670410 0.292969
vt 0.646484 0.293457
vt 0.670410 0.297852
vt 0.646484 0.298828
vt 0.670410 0.303711
vt 0.741211 0.321289
vt 0.719238 0.321777
vt 0.717773 0.308106
vt 0.693359 0.308594
vt 0.669922 0.309082
vt 0.646484 0.304688
vt 0.622559 0.305176
vt 0.622559 0.299316
vt 0.694824 0.322266
vt 0.673340 0.371094
vt 0.675293 0.346191
vt 0.670410 0.320801
vt 0.645996 0.309570
vt 0.622070 0.310547
vt 0.597656 0.311035
vt 0.598144 0.305664
vt 0.573731 0.311523
vt 0.664551 0.344727
vt 0.660644 0.355957
vt 0.656738 0.352051
vt 0.643555 0.343750
vt 0.645508 0.346680
vt 0.643555 0.348145
vt 0.649902 0.351563
vt 0.649902 0.350098
vt 0.654297 0.347656
vt 0.649902 0.356934
vt 0.649902 0.360840
vt 0.627441 0.371582
vt 0.637695 0.356445
vt 0.641602 0.353516
vt 0.642090 0.343750
vt 0.637207 0.345215
vt 0.640137 0.336914
vt 0.632324 0.346680
vt 0.635254 0.333008
vt 0.623535 0.322266
vt 0.598633 0.324707
vt 0.623535 0.347168
vt 0.574707 0.324707
vt 0.602051 0.383301
vt 0.626465 0.382324
vt 0.649902 0.381836
vt 0.673340 0.381348
vt 0.697754 0.381348
vt 0.721191 0.381348
vt 0.744629 0.380859
vt 0.768066 0.381348
vt 0.740723 0.307129
vt 0.765625 0.320313
vt 0.792969 0.381836
vt 0.791992 0.318848
vt 0.819336 0.381836
vt 0.818359 0.317871
vt 0.846680 0.381348
vt 0.843750 0.315918
vt 0.875000 0.380371
vt 0.740234 0.295898
vt 0.740234 0.290527
vt 0.764160 0.289551
vt 0.764648 0.294922
vt 0.740234 0.301758
vt 0.764648 0.300781
vt 0.765137 0.306152
vt 0.791504 0.304688
vt 0.790039 0.288086
vt 0.790527 0.293457
vt 0.791016 0.299316
vt 0.817383 0.297852
vt 0.818359 0.303223
vt 0.842285 0.295410
vt 0.843262 0.301270
vt 0.870606 0.313477
vt 0.869141 0.298340
vt 0.868164 0.292481
vt 0.867188 0.286621
vt 0.841309 0.289063
vt 0.866699 0.281250
vt 0.904297 0.377930
vt 0.897461 0.310547
vt 0.895996 0.295410
vt 0.895019 0.289063
vt 0.894043 0.282715
vt 0.893066 0.277344
vt 0.863769 0.262207
vt 0.838379 0.265625
vt 0.836914 0.246582
vt 0.812500 0.249023
vt 0.836426 0.240723
vt 0.812500 0.243652
vt 0.835449 0.234863
vt 0.811523 0.237305
vt 0.834961 0.229004
vt 0.860840 0.237793
vt 0.861816 0.243164
vt 0.889160 0.258301
vt 0.792969 0.050781
vt 0.813477 0.048828
vt 0.821777 0.126953
vt 0.844238 0.124512
vt 0.833496 0.220703
vt 0.857910 0.216797
vt 0.859375 0.225098
vt 0.859863 0.231445
vt 0.886719 0.239258
vt 0.886231 0.233398
vt 0.884766 0.227051
vt 0.883789 0.221191
vt 0.882324 0.212891
vt 0.865723 0.121094
vt 0.834473 0.047363
vt 0.833008 0.029297
vt 0.812500 0.030762
vt 0.812500 0.028809
vt 0.791992 0.030273
vt 0.812012 0.021973
vt 0.791992 0.023438
vt 0.791504 0.017090
vt 0.811523 0.015625
vt 0.832031 0.020508
vt 0.833008 0.027832
vt 0.770508 0.017578
vt 0.759766 0.010742
vt 0.801269 0.009277
vt 0.832031 0.014648
vt 0.853027 0.019043
vt 0.853516 0.025879
vt 0.853027 0.027344
vt 0.841309 0.006836
vt 0.852051 0.012207
vt 0.854492 0.044922
vt 0.579102 0.815552
vt 0.590332 0.803589
vt 0.603516 0.794067
vt 0.619141 0.786987
vt 0.635254 0.782471
vt 0.652344 0.780518
vt 0.652344 0.777832
vt 0.669434 0.778686
vt 0.634766 0.779785
vt 0.618164 0.784424
vt 0.602539 0.791748
vt 0.588867 0.801514
vt 0.634277 0.774902
vt 0.651856 0.772827
vt 0.616699 0.779663
vt 0.600586 0.787231
vt 0.585938 0.797485
vt 0.577148 0.813843
vt 0.573242 0.810425
vt 0.567383 0.828125
vt 0.670898 0.771240
vt 0.670410 0.773804
vt 0.651367 0.770264
vt 0.633789 0.772339
vt 0.615723 0.777222
vt 0.599121 0.784912
vt 0.583984 0.795410
vt 0.717285 0.799316
vt 0.720215 0.795410
vt 0.732910 0.808105
vt 0.702637 0.789673
vt 0.705078 0.785278
vt 0.686523 0.782837
vt 0.687988 0.777954
vt 0.745606 0.821045
vt 0.743652 0.823364
vt 0.735352 0.806274
vt 0.721680 0.793213
vt 0.706055 0.782837
vt 0.688965 0.775513
vt 0.752441 0.875427
vt 0.757324 0.875732
vt 0.756836 0.893738
vt 0.750488 0.858154
vt 0.755371 0.857788
vt 0.746094 0.841309
vt 0.750977 0.840088
vt 0.739258 0.825684
vt 0.729492 0.811523
vt 0.752930 0.838379
vt 0.746094 0.822022
vt 0.727539 0.813477
vt 0.715332 0.801636
vt 0.701660 0.792236
vt 0.686035 0.785400
vt 0.668945 0.781372
vt 0.743652 0.842285
vt 0.737305 0.827148
vt 0.703613 0.959534
vt 0.581055 0.939331
vt 0.556152 0.878235
vt 0.639160 0.972443
vt 0.606934 0.961060
vt 0.672363 0.972427
vt 0.688477 0.967499
vt 0.748047 0.858521
vt 0.750000 0.875427
vt 0.745606 0.908081
vt 0.729492 0.937378
vt 0.717773 0.949493
vt 0.738769 0.923340
vt 0.749023 0.892090
vt 0.705078 0.961792
vt 0.689453 0.969879
vt 0.719727 0.951477
vt 0.731445 0.939026
vt 0.741211 0.924683
vt 0.748535 0.908997
vt 0.722656 0.955383
vt 0.707519 0.966003
vt 0.734863 0.942322
vt 0.745117 0.927368
vt 0.752441 0.911194
vt 0.751953 0.892578
vt 0.692383 0.976791
vt 0.691406 0.974396
vt 0.708984 0.968201
vt 0.724121 0.957397
vt 0.736816 0.944031
vt 0.747070 0.928772
vt 0.754883 0.912293
vt 0.759277 0.894409
vt 0.759766 0.875977
vt 0.757813 0.857544
vt 0.753418 0.839355
vt 0.655762 0.974014
vt 0.655762 0.976624
vt 0.638672 0.975006
vt 0.622070 0.970383
vt 0.620117 0.974808
vt 0.603516 0.967560
vt 0.672852 0.974960
vt 0.637695 0.979660
vt 0.655762 0.981384
vt 0.673340 0.979691
vt 0.602051 0.969803
vt 0.619629 0.977203
vt 0.637207 0.982147
vt 0.655273 0.983933
vt 0.673828 0.982193
vt 0.068237 0.407227
vt 0.067810 0.401856
vt 0.092102 0.401856
vt 0.042236 0.407715
vt 0.042389 0.413086
vt 0.016067 0.414063
vt 0.015518 0.408203
vt 0.042145 0.402344
vt 0.015213 0.402344
vt 0.016647 0.420410
vt 0.022797 0.483887
vt 0.042572 0.418457
vt 0.068665 0.412598
vt 0.092468 0.412109
vt 0.092285 0.407227
vt 0.117127 0.401856
vt 0.117371 0.406738
vt 0.141724 0.401367
vt 0.068604 0.417969
vt 0.046906 0.481934
vt 0.023972 0.497559
vt 0.092529 0.417481
vt 0.117615 0.411621
vt 0.141968 0.406250
vt 0.166260 0.401856
vt 0.072144 0.494141
vt 0.071289 0.480469
vt 0.095032 0.479492
vt 0.117920 0.416992
vt 0.142334 0.411621
vt 0.166870 0.406738
vt 0.189087 0.401856
vt 0.189575 0.406738
vt 0.096313 0.492676
vt 0.119446 0.478516
vt 0.142334 0.416992
vt 0.166748 0.412109
vt 0.189941 0.411621
vt 0.211914 0.406250
vt 0.212524 0.411133
vt 0.119995 0.491699
vt 0.120178 0.500488
vt 0.143555 0.477539
vt 0.166504 0.416504
vt 0.189941 0.416504
vt 0.212769 0.416016
vt 0.143311 0.490723
vt 0.166504 0.477051
vt 0.186890 0.452637
vt 0.200439 0.442383
vt 0.212036 0.436035
vt 0.208618 0.449707
vt 0.212524 0.446777
vt 0.224365 0.440430
vt 0.217041 0.448242
vt 0.195923 0.451660
vt 0.206787 0.453613
vt 0.199707 0.465820
vt 0.208130 0.458984
vt 0.212402 0.460938
vt 0.212280 0.472656
vt 0.217651 0.459473
vt 0.219605 0.453613
vt 0.230225 0.453125
vt 0.224609 0.467285
vt 0.212402 0.481934
vt 0.190674 0.478027
vt 0.189575 0.489258
vt 0.165894 0.490234
vt 0.212402 0.488281
vt 0.235474 0.476074
vt 0.237549 0.451172
vt 0.236816 0.414551
vt 0.235962 0.487793
vt 0.236450 0.496582
vt 0.212769 0.497070
vt 0.260254 0.496094
vt 0.260010 0.487305
vt 0.260498 0.474121
vt 0.259522 0.414063
vt 0.284668 0.473633
vt 0.283691 0.413574
vt 0.308105 0.413574
vt 0.236572 0.410156
vt 0.259766 0.408691
vt 0.283935 0.408203
vt 0.308105 0.408691
vt 0.332031 0.409180
vt 0.331787 0.413574
vt 0.235840 0.405273
vt 0.259766 0.403809
vt 0.283691 0.403320
vt 0.308105 0.403809
vt 0.332031 0.404785
vt 0.211060 0.401856
vt 0.235107 0.400391
vt 0.259033 0.398926
vt 0.283447 0.398438
vt 0.308105 0.398926
vt 0.332031 0.400391
vt 0.354980 0.399902
vt 0.355225 0.404297
vt 0.379150 0.399414
vt 0.378906 0.404297
vt 0.403076 0.399414
vt 0.402832 0.404297
vt 0.427002 0.399902
vt 0.426758 0.404785
vt 0.355469 0.408691
vt 0.379150 0.408691
vt 0.402588 0.409180
vt 0.355713 0.413574
vt 0.379150 0.413574
vt 0.426270 0.409668
vt 0.450440 0.406250
vt 0.402832 0.414063
vt 0.378174 0.472656
vt 0.354248 0.472656
vt 0.354004 0.485840
vt 0.331543 0.486328
vt 0.354736 0.494629
vt 0.331299 0.495117
vt 0.402100 0.473145
vt 0.426025 0.415039
vt 0.378418 0.485840
vt 0.378662 0.495117
vt 0.378418 0.502197
vt 0.354248 0.501709
vt 0.354248 0.539307
vt 0.332031 0.539551
vt 0.377930 0.539063
vt 0.401367 0.502197
vt 0.401855 0.495117
vt 0.402100 0.486328
vt 0.425049 0.474121
vt 0.448975 0.416016
vt 0.400879 0.539063
vt 0.424805 0.502685
vt 0.424805 0.495606
vt 0.425049 0.487305
vt 0.447266 0.475098
vt 0.471924 0.416504
vt 0.424316 0.539063
vt 0.446777 0.539307
vt 0.447022 0.503174
vt 0.447266 0.496582
vt 0.447266 0.487793
vt 0.470215 0.475098
vt 0.470215 0.487793
vt 0.492920 0.475586
vt 0.493897 0.416992
vt 0.515137 0.416992
vt 0.514648 0.475586
vt 0.493164 0.488281
vt 0.514648 0.488281
vt 0.514648 0.497070
vt 0.537598 0.496582
vt 0.537598 0.502930
vt 0.493164 0.497070
vt 0.514648 0.503418
vt 0.514648 0.539307
vt 0.538574 0.539307
vt 0.539063 0.548096
vt 0.562012 0.548096
vt 0.562012 0.554932
vt 0.491699 0.539307
vt 0.514648 0.547852
vt 0.538574 0.554932
vt 0.538574 0.563721
vt 0.562012 0.563965
vt 0.538574 0.574463
vt 0.562012 0.574707
vt 0.540527 0.684082
vt 0.562988 0.684570
vt 0.517090 0.684082
vt 0.514648 0.574219
vt 0.495117 0.684082
vt 0.514648 0.563477
vt 0.491943 0.574463
vt 0.471191 0.684082
vt 0.539063 0.748047
vt 0.516602 0.747803
vt 0.493897 0.747559
vt 0.470703 0.747559
vt 0.447510 0.747315
vt 0.448242 0.683594
vt 0.424560 0.747315
vt 0.514648 0.554443
vt 0.491699 0.563721
vt 0.468262 0.574463
vt 0.446045 0.574219
vt 0.425537 0.683350
vt 0.468506 0.563965
vt 0.491699 0.554688
vt 0.491455 0.548096
vt 0.400147 0.573975
vt 0.423096 0.573975
vt 0.402344 0.683594
vt 0.446045 0.563721
vt 0.468506 0.554688
vt 0.468750 0.547852
vt 0.468750 0.539063
vt 0.492920 0.503418
vt 0.379150 0.683594
vt 0.423340 0.563721
vt 0.446533 0.554688
vt 0.446777 0.548096
vt 0.469727 0.502930
vt 0.470215 0.496582
vt 0.377197 0.574219
vt 0.355469 0.683838
vt 0.400391 0.563477
vt 0.423828 0.554688
vt 0.424072 0.548096
vt 0.354248 0.574463
vt 0.332031 0.683838
vt 0.377441 0.563965
vt 0.400391 0.554688
vt 0.400635 0.548096
vt 0.333008 0.574707
vt 0.308594 0.684082
vt 0.354492 0.563965
vt 0.377930 0.554932
vt 0.378174 0.548096
vt 0.310059 0.574463
vt 0.285645 0.684082
vt 0.333008 0.564209
vt 0.354736 0.554932
vt 0.354736 0.548340
vt 0.332275 0.548584
vt 0.332764 0.555420
vt 0.309570 0.563965
vt 0.287842 0.574463
vt 0.264893 0.574951
vt 0.262695 0.684326
vt 0.331299 0.502197
vt 0.308594 0.539551
vt 0.309082 0.548584
vt 0.309326 0.555176
vt 0.287109 0.564209
vt 0.285889 0.539551
vt 0.286133 0.548584
vt 0.286133 0.555176
vt 0.264160 0.564453
vt 0.239380 0.575928
vt 0.240356 0.684570
vt 0.217773 0.684815
vt 0.242554 0.747315
vt 0.220215 0.747315
vt 0.197632 0.747559
vt 0.195068 0.685303
vt 0.175049 0.747803
vt 0.216919 0.576660
vt 0.193970 0.577393
vt 0.171875 0.686035
vt 0.172730 0.578125
vt 0.149170 0.686768
vt 0.149658 0.578857
vt 0.130859 0.748291
vt 0.126953 0.687500
vt 0.126221 0.580322
vt 0.106079 0.688721
vt 0.152588 0.748047
vt 0.109314 0.748779
vt 0.087891 0.749268
vt 0.085205 0.689941
vt 0.067017 0.750000
vt 0.102173 0.581787
vt 0.078369 0.583496
vt 0.063782 0.690918
vt 0.054932 0.585449
vt 0.077637 0.572754
vt 0.053802 0.574707
vt 0.076843 0.563477
vt 0.053040 0.565430
vt 0.052521 0.558350
vt 0.046326 0.750610
vt 0.042816 0.692627
vt 0.031860 0.588135
vt 0.030640 0.577148
vt 0.029510 0.567871
vt 0.028564 0.560303
vt 0.028015 0.551270
vt 0.051697 0.549316
vt 0.048767 0.511475
vt 0.073120 0.509766
vt 0.048614 0.504639
vt 0.072998 0.502930
vt 0.048218 0.495606
vt 0.076050 0.556152
vt 0.074890 0.547363
vt 0.096741 0.508301
vt 0.096436 0.501709
vt 0.100586 0.561768
vt 0.099548 0.554688
vt 0.098877 0.545898
vt 0.120483 0.507080
vt 0.124206 0.553223
vt 0.124817 0.560303
vt 0.123291 0.544434
vt 0.143799 0.506348
vt 0.143555 0.500000
vt 0.147827 0.559082
vt 0.147339 0.552002
vt 0.146484 0.543213
vt 0.166748 0.505615
vt 0.166382 0.499023
vt 0.170410 0.558350
vt 0.169678 0.551270
vt 0.169067 0.542481
vt 0.190186 0.504639
vt 0.189941 0.498047
vt 0.192261 0.557617
vt 0.192139 0.550293
vt 0.191162 0.541504
vt 0.213135 0.503906
vt 0.215088 0.556885
vt 0.214966 0.549805
vt 0.213867 0.541016
vt 0.236450 0.503418
vt 0.260742 0.502930
vt 0.237793 0.556397
vt 0.237671 0.549560
vt 0.236572 0.540527
vt 0.262207 0.539795
vt 0.284424 0.502441
vt 0.262451 0.548828
vt 0.262940 0.555664
vt 0.238648 0.565185
vt 0.216064 0.565918
vt 0.193237 0.566650
vt 0.171631 0.567383
vt 0.148804 0.568115
vt 0.125488 0.569336
vt 0.101563 0.571045
vt 0.659668 0.343750
vt 0.655273 0.343750
vt 0.653320 0.339356
vt 0.656738 0.336914
vt 0.648926 0.337891
vt 0.647949 0.333496
vt 0.644043 0.339356
vt 0.661133 0.333496
vt 0.647949 0.327148
vt 0.646484 0.316895
vt 0.652344 0.347168
vt 0.653320 0.344238
vt 0.651856 0.341309
vt 0.648926 0.338867
vt 0.645019 0.340820
vt 0.479736 0.311523
vt 0.503418 0.311035
vt 0.502930 0.324707
vt 0.525391 0.324707
vt 0.525391 0.311035
vt 0.549805 0.325195
vt 0.549316 0.311523
vt 0.455810 0.324707
vt 0.479492 0.325195
vt 0.479248 0.384277
vt 0.503418 0.384277
vt 0.526856 0.384277
vt 0.552246 0.384277
vt 0.576660 0.383789
vt 0.385742 0.312012
vt 0.409668 0.325195
vt 0.409668 0.311523
vt 0.432861 0.325195
vt 0.433105 0.311523
vt 0.456055 0.311035
vt 0.384766 0.382813
vt 0.407959 0.382813
vt 0.431152 0.382813
vt 0.454590 0.383789
vt 0.745117 0.389160
vt 0.745117 0.387695
vt 0.767578 0.388672
vt 0.767578 0.390137
vt 0.792481 0.389648
vt 0.792481 0.391113
vt 0.819336 0.390137
vt 0.819336 0.392090
vt 0.847168 0.389648
vt 0.847168 0.391602
vt 0.875488 0.389160
vt 0.875488 0.391113
vt 0.905762 0.387695
vt 0.906250 0.389648
vt 0.649902 0.390625
vt 0.626465 0.391113
vt 0.626465 0.389648
vt 0.649902 0.388672
vt 0.673340 0.388672
vt 0.672852 0.390137
vt 0.697754 0.388672
vt 0.697754 0.390137
vt 0.722168 0.388184
vt 0.722168 0.390137
vt 0.503418 0.393555
vt 0.503418 0.392090
vt 0.526856 0.391602
vt 0.526856 0.393066
vt 0.552246 0.391602
vt 0.552246 0.393066
vt 0.577637 0.391113
vt 0.577637 0.392578
vt 0.602539 0.390625
vt 0.602051 0.392090
vt 0.384766 0.391113
vt 0.384766 0.389648
vt 0.408203 0.389648
vt 0.407959 0.391113
vt 0.431152 0.390137
vt 0.430908 0.392090
vt 0.454834 0.391113
vt 0.454590 0.393066
vt 0.479492 0.392090
vt 0.479248 0.393555
vt 0.264893 0.389648
vt 0.264893 0.388184
vt 0.288818 0.388672
vt 0.288818 0.390137
vt 0.312988 0.389160
vt 0.312988 0.390625
vt 0.337402 0.389648
vt 0.337402 0.391113
vt 0.361084 0.389160
vt 0.361084 0.391113
vt 0.144165 0.389648
vt 0.144287 0.387695
vt 0.169800 0.387695
vt 0.169922 0.389160
vt 0.193970 0.387695
vt 0.194092 0.389160
vt 0.217773 0.387207
vt 0.217895 0.388672
vt 0.241699 0.387207
vt 0.241699 0.388672
vt 0.009026 0.381836
vt 0.009254 0.379883
vt 0.037262 0.382813
vt 0.037170 0.384277
vt 0.064636 0.384766
vt 0.064514 0.386719
vt 0.090820 0.386231
vt 0.090698 0.388184
vt 0.117920 0.387207
vt 0.117859 0.389160
vt 0.628418 0.449707
vt 0.622559 0.443848
vt 0.635254 0.437500
vt 0.634766 0.447754
vt 0.627441 0.455078
vt 0.618164 0.455078
vt 0.608887 0.451660
vt 0.611816 0.415527
vt 0.634766 0.416016
vt 0.585449 0.474609
vt 0.586914 0.414551
vt 0.609375 0.476563
vt 0.621582 0.465332
vt 0.629394 0.458984
vt 0.634277 0.460449
vt 0.583984 0.487793
vt 0.607910 0.487793
vt 0.608398 0.496582
vt 0.631836 0.481934
vt 0.633789 0.469727
vt 0.638672 0.458984
vt 0.647461 0.463379
vt 0.649902 0.453613
vt 0.654785 0.477051
vt 0.630859 0.488281
vt 0.631836 0.497070
vt 0.631836 0.503662
vt 0.654785 0.503906
vt 0.654785 0.497559
vt 0.654297 0.488281
vt 0.678711 0.475586
vt 0.677734 0.497070
vt 0.677734 0.503906
vt 0.654785 0.540527
vt 0.631836 0.540039
vt 0.654297 0.549560
vt 0.677734 0.549560
vt 0.677734 0.556641
vt 0.701172 0.557129
vt 0.677734 0.565674
vt 0.584473 0.496582
vt 0.608398 0.503174
vt 0.608398 0.539795
vt 0.631348 0.549072
vt 0.654785 0.556397
vt 0.654785 0.565430
vt 0.631348 0.565185
vt 0.631348 0.556152
vt 0.608398 0.548584
vt 0.584961 0.539551
vt 0.584961 0.502930
vt 0.561035 0.496582
vt 0.561035 0.487793
vt 0.584961 0.548340
vt 0.608398 0.555664
vt 0.608398 0.564697
vt 0.607910 0.575440
vt 0.630859 0.575684
vt 0.608887 0.684815
vt 0.631348 0.685059
vt 0.652832 0.684815
vt 0.651856 0.748291
vt 0.675781 0.685059
vt 0.629394 0.748291
vt 0.606445 0.748291
vt 0.583984 0.748291
vt 0.585449 0.685059
vt 0.561523 0.748047
vt 0.724121 0.577637
vt 0.721191 0.685791
vt 0.698242 0.685303
vt 0.700684 0.576660
vt 0.677246 0.576416
vt 0.654297 0.576172
vt 0.700684 0.566162
vt 0.724121 0.567139
vt 0.745606 0.578369
vt 0.745606 0.567627
vt 0.768066 0.568115
vt 0.768066 0.559082
vt 0.724609 0.557861
vt 0.745606 0.558838
vt 0.745606 0.551270
vt 0.768066 0.551758
vt 0.745606 0.541992
vt 0.768066 0.542481
vt 0.792481 0.559815
vt 0.792969 0.552246
vt 0.792969 0.543213
vt 0.795410 0.506104
vt 0.817871 0.507080
vt 0.795898 0.499512
vt 0.818359 0.500732
vt 0.796387 0.490723
vt 0.770508 0.505371
vt 0.770996 0.498535
vt 0.770996 0.489746
vt 0.796387 0.477539
vt 0.771484 0.476563
vt 0.797363 0.416504
vt 0.772949 0.415527
vt 0.818848 0.491699
vt 0.819336 0.479004
vt 0.822266 0.417969
vt 0.822754 0.412598
vt 0.797363 0.410645
vt 0.772949 0.410156
vt 0.748535 0.415039
vt 0.772949 0.405273
vt 0.748535 0.410645
vt 0.797852 0.405762
vt 0.823242 0.407715
vt 0.848633 0.409668
vt 0.848144 0.414551
vt 0.847168 0.419922
vt 0.772461 0.400391
vt 0.797852 0.400879
vt 0.823731 0.402344
vt 0.849121 0.404297
vt 0.874512 0.407715
vt 0.874023 0.412598
vt 0.873047 0.417481
vt 0.872070 0.422852
vt 0.842773 0.480469
vt 0.866211 0.482910
vt 0.842285 0.493652
vt 0.865723 0.495117
vt 0.865234 0.503662
vt 0.841309 0.502197
vt 0.864746 0.510254
vt 0.841309 0.508545
vt 0.816406 0.543945
vt 0.815918 0.552979
vt 0.839356 0.545166
vt 0.839356 0.553955
vt 0.838867 0.561279
vt 0.815430 0.560303
vt 0.815430 0.569580
vt 0.791992 0.568848
vt 0.791992 0.579834
vt 0.768555 0.578613
vt 0.767090 0.686279
vt 0.766113 0.748779
vt 0.743164 0.748535
vt 0.788574 0.687012
vt 0.814941 0.580322
vt 0.838867 0.570557
vt 0.862305 0.562256
vt 0.862793 0.554932
vt 0.862305 0.546143
vt 0.862305 0.571777
vt 0.838379 0.581299
vt 0.811035 0.687500
vt 0.788574 0.749023
vt 0.862305 0.582520
vt 0.833008 0.687744
vt 0.810547 0.749268
vt 0.854492 0.688477
vt 0.833008 0.749268
vt 0.854981 0.749268
vt 0.764648 0.983139
vt 0.759766 0.985184
vt 0.756348 0.980621
vt 0.764648 0.977402
vt 0.759277 0.976028
vt 0.937988 0.022949
vt 0.943359 0.023438
vt 0.942871 0.027832
vt 0.942871 0.041992
vt 0.937012 0.042480
vt 0.937988 0.027832
vt 0.933106 0.027344
vt 0.933594 0.022949
vt 0.933594 0.015625
vt 0.938965 0.015625
vt 0.944336 0.016113
vt 0.947754 0.052246
vt 0.942383 0.051270
vt 0.942871 0.046875
vt 0.948242 0.046875
vt 0.948242 0.041016
vt 0.948242 0.027344
vt 0.948242 0.023926
vt 0.949219 0.017578
vt 0.953613 0.027344
vt 0.953613 0.024414
vt 0.954102 0.019043
vt 0.951172 0.010742
vt 0.956055 0.012207
vt 0.945801 0.008301
vt 0.939941 0.007324
vt 0.933594 0.007324
vt 0.928223 0.008301
vt 0.928223 0.016113
vt 0.928223 0.022461
vt 0.927734 0.026367
vt 0.932129 0.041992
vt 0.926758 0.040527
vt 0.931641 0.046387
vt 0.925781 0.045898
vt 0.931641 0.050781
vt 0.926269 0.050293
vt 0.935059 0.076660
vt 0.929688 0.076660
vt 0.936523 0.050293
vt 0.937012 0.046875
vt 0.936523 0.125000
vt 0.931641 0.124512
vt 0.933106 0.101563
vt 0.937988 0.102051
vt 0.939941 0.077148
vt 0.939453 0.168457
vt 0.938477 0.188477
vt 0.934082 0.167969
vt 0.935547 0.146973
vt 0.940918 0.147461
vt 0.941894 0.125488
vt 0.943359 0.102539
vt 0.945313 0.078125
vt 0.942871 0.209473
vt 0.937500 0.209473
vt 0.943848 0.188965
vt 0.944824 0.168457
vt 0.945801 0.147949
vt 0.947266 0.125977
vt 0.948731 0.103027
vt 0.934082 0.300781
vt 0.928711 0.300293
vt 0.930664 0.256348
vt 0.935547 0.256348
vt 0.931152 0.232422
vt 0.936523 0.232422
vt 0.932129 0.209473
vt 0.933106 0.188477
vt 0.925781 0.232422
vt 0.926758 0.208984
vt 0.928223 0.187988
vt 0.929199 0.167481
vt 0.930176 0.146484
vt 0.922363 0.187500
vt 0.923828 0.166992
vt 0.924805 0.146484
vt 0.926269 0.124512
vt 0.927734 0.101074
vt 0.924316 0.076172
vt 0.922363 0.101074
vt 0.920898 0.124023
vt 0.919922 0.145996
vt 0.918457 0.166992
vt 0.917481 0.187500
vt 0.921387 0.208496
vt 0.916504 0.208496
vt 0.915039 0.231934
vt 0.920410 0.231934
vt 0.919922 0.255859
vt 0.914551 0.255859
vt 0.917969 0.300293
vt 0.912598 0.300293
vt 0.922852 0.322754
vt 0.917481 0.322754
vt 0.923340 0.300293
vt 0.925293 0.255859
vt 0.928223 0.330078
vt 0.928223 0.335938
vt 0.923340 0.336426
vt 0.923340 0.330078
vt 0.928223 0.322754
vt 0.935059 0.348633
vt 0.929688 0.350098
vt 0.928711 0.340820
vt 0.934082 0.340332
vt 0.933594 0.335449
vt 0.933594 0.329590
vt 0.933594 0.322754
vt 0.941406 0.354004
vt 0.936523 0.355957
vt 0.935547 0.352051
vt 0.940918 0.350586
vt 0.940430 0.347656
vt 0.939453 0.340332
vt 0.938965 0.334961
vt 0.938477 0.329590
vt 0.928711 0.366699
vt 0.923340 0.368164
vt 0.921387 0.360352
vt 0.926758 0.359375
vt 0.933594 0.364746
vt 0.931641 0.357910
vt 0.938965 0.362793
vt 0.930664 0.354004
vt 0.920898 0.356445
vt 0.925781 0.355957
vt 0.924805 0.351074
vt 0.923828 0.341309
vt 0.919922 0.351563
vt 0.918457 0.342285
vt 0.917969 0.336914
vt 0.917969 0.330566
vt 0.912598 0.322754
vt 0.912598 0.330566
vt 0.912598 0.336914
vt 0.913086 0.343262
vt 0.915039 0.352051
vt 0.915527 0.356445
vt 0.916504 0.361328
vt 0.918457 0.369141
vt 0.925781 0.377441
vt 0.920410 0.378418
vt 0.931641 0.375977
vt 0.937012 0.374023
vt 0.942383 0.371582
vt 0.947266 0.370117
vt 0.943848 0.361328
vt 0.880859 0.786377
vt 0.844727 0.789185
vt 0.594727 0.025391
vt 0.594727 0.032715
vt 0.617676 0.025391
vt 0.617188 0.033203
vt 0.640137 0.025391
vt 0.662109 0.019043
vt 0.684082 0.019043
vt 0.684082 0.025879
vt 0.662109 0.025879
vt 0.662109 0.033203
vt 0.639648 0.033203
vt 0.617188 0.034668
vt 0.639648 0.034668
vt 0.662109 0.035156
vt 0.662598 0.055176
vt 0.572754 0.054688
vt 0.595215 0.054688
vt 0.617188 0.054688
vt 0.640137 0.055176
vt 0.663574 0.137695
vt 0.687012 0.137207
vt 0.642090 0.137695
vt 0.619141 0.138184
vt 0.596191 0.138184
vt 0.573731 0.138672
vt 0.668457 0.232422
vt 0.644531 0.232910
vt 0.621094 0.233887
vt 0.597656 0.234863
vt 0.573731 0.235352
vt 0.550293 0.243652
vt 0.574219 0.243164
vt 0.597656 0.242676
vt 0.621094 0.242188
vt 0.645019 0.241211
vt 0.668457 0.240234
vt 0.668945 0.245606
vt 0.597656 0.248047
vt 0.621582 0.247559
vt 0.645019 0.246582
vt 0.668945 0.251465
vt 0.691894 0.231445
vt 0.692383 0.239746
vt 0.692383 0.245117
vt 0.692383 0.250977
vt 0.692383 0.256348
vt 0.716309 0.238281
vt 0.716309 0.243652
vt 0.716797 0.250000
vt 0.717285 0.255371
vt 0.717773 0.273438
vt 0.740723 0.272461
vt 0.739746 0.236816
vt 0.740234 0.242676
vt 0.740234 0.248535
vt 0.740234 0.254395
vt 0.763184 0.270996
vt 0.816894 0.291992
vt 0.816406 0.286621
vt 0.788086 0.270020
vt 0.762695 0.252930
vt 0.762207 0.247070
vt 0.785644 0.239258
vt 0.786133 0.245606
vt 0.786621 0.251465
vt 0.813965 0.268066
vt 0.840820 0.284180
vt 0.810547 0.231445
vt 0.810059 0.223145
vt 0.799805 0.129395
vt 0.771973 0.051758
vt 0.791992 0.031738
vt 0.771484 0.032715
vt 0.771484 0.031250
vt 0.785156 0.233887
vt 0.785156 0.225586
vt 0.777832 0.131348
vt 0.750488 0.052734
vt 0.750000 0.033691
vt 0.750000 0.032227
vt 0.729004 0.053711
vt 0.755371 0.133301
vt 0.761719 0.227051
vt 0.761719 0.235352
vt 0.761719 0.241211
vt 0.739258 0.229004
vt 0.732910 0.134766
vt 0.707031 0.054199
vt 0.684082 0.033203
vt 0.684082 0.035156
vt 0.706055 0.034668
vt 0.685059 0.054688
vt 0.709473 0.135742
vt 0.715332 0.230469
vt 0.252685 0.027832
vt 0.252197 0.035156
vt 0.274170 0.027344
vt 0.273926 0.034668
vt 0.296387 0.026855
vt 0.296143 0.034668
vt 0.318603 0.036133
vt 0.295898 0.036133
vt 0.294434 0.056641
vt 0.295654 0.139160
vt 0.272461 0.138672
vt 0.248413 0.137695
vt 0.270996 0.232910
vt 0.245850 0.231934
vt 0.223023 0.230957
vt 0.198730 0.237793
vt 0.221924 0.238770
vt 0.152344 0.239746
vt 0.175293 0.241211
vt 0.174561 0.247559
vt 0.151855 0.246094
vt 0.128052 0.244141
vt 0.103088 0.241699
vt 0.078003 0.244629
vt 0.099915 0.265625
vt 0.123413 0.286133
vt 0.123047 0.291016
vt 0.147705 0.287598
vt 0.171265 0.289063
vt 0.195190 0.290039
vt 0.218628 0.291504
vt 0.266846 0.292969
vt 0.242432 0.297363
vt 0.242554 0.291992
vt 0.218140 0.296387
vt 0.194946 0.295410
vt 0.171143 0.293945
vt 0.217773 0.302246
vt 0.194458 0.301270
vt 0.170776 0.299805
vt 0.147095 0.298340
vt 0.147461 0.292481
vt 0.785156 0.829712
vt 0.628906 0.010742
vt 0.673340 0.011230
vt 0.639648 0.018555
vt 0.617676 0.018555
vt 0.595215 0.018066
vt 0.584473 0.010254
vt 0.539063 0.009766
vt 0.811035 0.804077
vt 0.977051 0.363281
vt 0.972168 0.363281
vt 0.972656 0.358398
vt 0.977539 0.358887
vt 0.982422 0.363281
vt 0.982422 0.359863
vt 0.982910 0.369141
vt 0.977539 0.370606
vt 0.972656 0.370606
vt 0.967285 0.370117
vt 0.967285 0.363281
vt 0.967285 0.358887
vt 0.972656 0.343750
vt 0.967285 0.344238
vt 0.962402 0.358887
vt 0.961914 0.344727
vt 0.962402 0.362793
vt 0.961914 0.369629
vt 0.966309 0.378418
vt 0.960938 0.376953
vt 0.972656 0.379395
vt 0.978516 0.378418
vt 0.984375 0.376465
vt 0.988281 0.368164
vt 0.989258 0.375488
vt 0.978516 0.344727
vt 0.983398 0.345703
vt 0.988769 0.346191
vt 0.987793 0.360352
vt 0.987793 0.362793
vt 0.978516 0.340332
vt 0.984375 0.340332
vt 0.989258 0.340332
vt 0.977539 0.286133
vt 0.977051 0.262695
vt 0.982422 0.262695
vt 0.982910 0.286621
vt 0.977051 0.311035
vt 0.982422 0.310059
vt 0.978516 0.335938
vt 0.983887 0.334961
vt 0.989258 0.334473
vt 0.987793 0.262207
vt 0.988281 0.286133
vt 0.987793 0.309570
vt 0.972168 0.286133
vt 0.971680 0.262695
vt 0.971680 0.311523
vt 0.972656 0.335938
vt 0.972656 0.339844
vt 0.966797 0.286133
vt 0.966797 0.262695
vt 0.966797 0.311035
vt 0.967285 0.335449
vt 0.967285 0.339844
vt 0.961426 0.286621
vt 0.961426 0.262695
vt 0.961426 0.310547
vt 0.961914 0.335449
vt 0.961426 0.339844
vt 0.965820 0.178223
vt 0.965820 0.154785
vt 0.971191 0.154785
vt 0.971191 0.178223
vt 0.965820 0.199707
vt 0.970703 0.199707
vt 0.965820 0.220215
vt 0.971191 0.220215
vt 0.965820 0.241211
vt 0.971191 0.240723
vt 0.976074 0.154785
vt 0.976074 0.178223
vt 0.976563 0.199707
vt 0.976563 0.219727
vt 0.977051 0.240723
vt 0.981445 0.154785
vt 0.981445 0.178223
vt 0.981445 0.199707
vt 0.981934 0.219727
vt 0.981934 0.240723
vt 0.986816 0.154785
vt 0.986816 0.178223
vt 0.986816 0.199707
vt 0.987305 0.219727
vt 0.987305 0.240723
vt 0.930664 0.976074
vt 0.679688 0.416504
vt 0.679688 0.412109
vt 0.701660 0.411621
vt 0.657227 0.416992
vt 0.659180 0.452148
vt 0.645996 0.442871
vt 0.656738 0.412109
vt 0.640137 0.454590
vt 0.639160 0.450684
vt 0.634766 0.411133
vt 0.611328 0.410156
vt 0.587402 0.409180
vt 0.701660 0.407227
vt 0.725098 0.405762
vt 0.680176 0.407715
vt 0.656738 0.407715
vt 0.634766 0.406738
vt 0.611816 0.405273
vt 0.587402 0.403809
vt 0.539063 0.406738
vt 0.538574 0.401856
vt 0.562500 0.400391
vt 0.562500 0.405273
vt 0.587402 0.398438
vt 0.612305 0.400391
vt 0.635254 0.402344
vt 0.657227 0.402832
vt 0.680176 0.403320
vt 0.701172 0.402832
vt 0.725098 0.400879
vt 0.748535 0.400391
vt 0.748535 0.405762
vt 0.702148 0.416016
vt 0.725098 0.410645
vt 0.725098 0.415527
vt 0.701172 0.475586
vt 0.700684 0.488281
vt 0.676758 0.488281
vt 0.746094 0.476074
vt 0.722656 0.475586
vt 0.700684 0.497559
vt 0.700684 0.504150
vt 0.746094 0.489258
vt 0.722656 0.488770
vt 0.722656 0.497559
vt 0.723144 0.504639
vt 0.701660 0.541016
vt 0.677734 0.540772
vt 0.701172 0.550049
vt 0.724121 0.550537
vt 0.724121 0.541504
vt 0.746094 0.505127
vt 0.746094 0.498047
vt 0.585449 0.555176
vt 0.585449 0.564209
vt 0.584961 0.574951
vt 0.561035 0.502930
vt 0.562500 0.539307
vt 0.539063 0.416016
vt 0.537598 0.475098
vt 0.537598 0.487793
vt 0.561523 0.475098
vt 0.562500 0.415039
vt 0.562012 0.410156
vt 0.539063 0.411133
vt 0.515137 0.412109
vt 0.796875 0.963928
vt 0.449463 0.411133
vt 0.471924 0.412109
vt 0.494141 0.412598
vt 0.515137 0.407715
vt 0.494141 0.407715
vt 0.471924 0.407715
vt 0.451172 0.401856
vt 0.472412 0.403320
vt 0.493897 0.403320
vt 0.515137 0.402832
vt 0.767578 0.899170
vt 0.307373 0.486816
vt 0.307617 0.473633
vt 0.331299 0.473633
vt 0.284180 0.486816
vt 0.307373 0.495606
vt 0.284180 0.495606
vt 0.307373 0.502441
vt 0.770508 0.862915
vt 0.728027 0.032715
vt 0.750000 0.024902
vt 0.728027 0.025391
vt 0.728027 0.018555
vt 0.706055 0.019043
vt 0.706055 0.025391
vt 0.770996 0.023926
vt 0.750000 0.018555
vt 0.717285 0.011719
vt 0.525879 0.295410
vt 0.525879 0.299805
vt 0.503418 0.299805
vt 0.502930 0.294922
vt 0.479736 0.300293
vt 0.479248 0.295410
vt 0.456055 0.299805
vt 0.433105 0.300293
vt 0.503418 0.305664
vt 0.479736 0.306152
vt 0.456055 0.305664
vt 0.433350 0.306152
vt 0.409912 0.306641
vt 0.622559 0.294434
vt 0.598144 0.299805
vt 0.598144 0.294922
vt 0.573731 0.300293
vt 0.574219 0.295410
vt 0.549805 0.300293
vt 0.549805 0.295410
vt 0.573731 0.306152
vt 0.549805 0.306152
vt 0.525391 0.305664
vt 0.775879 0.934204
vt 0.547363 0.897217
vt 0.549805 0.895935
vt 0.555176 0.913635
vt 0.552734 0.914429
vt 0.563965 0.929993
vt 0.561523 0.931335
vt 0.575195 0.944519
vt 0.573242 0.946259
vt 0.588379 0.957275
vt 0.586426 0.959259
vt 0.559570 0.911926
vt 0.567871 0.927307
vt 0.579102 0.941223
vt 0.591309 0.953613
vt 0.605957 0.963409
vt 0.623047 0.967896
vt 0.592773 0.951447
vt 0.557617 0.894836
vt 0.554688 0.895447
vt 0.553711 0.878235
vt 0.562012 0.910767
vt 0.570313 0.925659
vt 0.562500 0.844727
vt 0.569336 0.829468
vt 0.558106 0.861328
vt 0.560059 0.843872
vt 0.555664 0.860718
vt 0.562988 0.825317
vt 0.555664 0.841797
vt 0.550781 0.859619
vt 0.548828 0.877808
vt 0.571777 0.808716
vt 0.561035 0.823853
vt 0.553223 0.840698
vt 0.548340 0.859009
vt 0.545898 0.877502
vt 0.547363 0.896179
vt 0.861328 0.995098
vt 0.950684 0.079102
vt 0.953125 0.053223
vt 0.953613 0.047363
vt 0.953125 0.041016
vt 0.938965 0.323242
vt 0.939453 0.301270
vt 0.940918 0.256836
vt 0.941894 0.232910
vt 0.501953 0.248535
vt 0.525879 0.249023
vt 0.550781 0.248535
vt 0.574219 0.248535
vt 0.550781 0.254395
vt 0.525879 0.254883
vt 0.501953 0.254395
vt 0.478760 0.254883
vt 0.456055 0.254395
vt 0.525879 0.260254
vt 0.501953 0.259766
vt 0.478760 0.260254
vt 0.456055 0.259766
vt 0.433105 0.259766
vt 0.456055 0.277344
vt 0.479004 0.277832
vt 0.502441 0.277832
vt 0.525879 0.277832
vt 0.550781 0.277832
vt 0.550293 0.259766
vt 0.574707 0.277832
vt 0.574707 0.259766
vt 0.599121 0.277344
vt 0.597656 0.259277
vt 0.623047 0.276856
vt 0.621582 0.258789
vt 0.645508 0.257813
vt 0.645019 0.252441
vt 0.621582 0.253418
vt 0.597656 0.253906
vt 0.574219 0.254395
vt 0.646973 0.275879
vt 0.743652 0.686035
vt 0.720703 0.748291
vt 0.697754 0.748291
vt 0.674805 0.748291
vt 0.401855 0.747315
vt 0.378906 0.747559
vt 0.355713 0.747559
vt 0.333008 0.747559
vt 0.310059 0.747315
vt 0.287353 0.747315
vt 0.264893 0.747315
vt 0.964356 0.022461
vt 0.967285 0.009766
vt 0.972656 0.010742
vt 0.969727 0.022949
vt 0.963379 0.031250
vt 0.968262 0.031250
vt 0.962402 0.036133
vt 0.967285 0.037598
vt 0.960449 0.044434
vt 0.965820 0.045410
vt 0.959961 0.050293
vt 0.965332 0.050781
vt 0.978516 0.011230
vt 0.975098 0.023438
vt 0.973633 0.031738
vt 0.972168 0.038574
vt 0.971191 0.046387
vt 0.970703 0.051270
vt 0.984863 0.013184
vt 0.980957 0.025391
vt 0.978516 0.033203
vt 0.977539 0.038574
vt 0.976563 0.046387
vt 0.976074 0.051758
vt 0.989746 0.016113
vt 0.985352 0.027832
vt 0.982910 0.035156
vt 0.982422 0.039063
vt 0.981934 0.046875
vt 0.981445 0.052246
vt 0.995117 0.018555
vt 0.990723 0.030273
vt 0.988281 0.037109
vt 0.987793 0.040527
vt 0.987305 0.047363
vt 0.986816 0.052734
vt 0.980957 0.057617
vt 0.986328 0.057617
vt 0.980469 0.064453
vt 0.986328 0.064453
vt 0.980957 0.081543
vt 0.986328 0.081543
vt 0.981445 0.120117
vt 0.986816 0.120117
vt 0.975586 0.057129
vt 0.975586 0.064941
vt 0.975586 0.082031
vt 0.976563 0.120117
vt 0.970215 0.057129
vt 0.969727 0.064453
vt 0.970215 0.082031
vt 0.971191 0.120117
vt 0.965332 0.056641
vt 0.964844 0.064453
vt 0.964356 0.082031
vt 0.965820 0.120117
vt 0.959961 0.056641
vt 0.959473 0.064453
vt 0.958984 0.082031
vt 0.960449 0.120117
vt 0.960449 0.154785
vt 0.960449 0.178223
vt 0.960449 0.199707
vt 0.960449 0.220215
vt 0.960449 0.241211
vt 0.024506 0.513672
vt 0.023941 0.506592
vt 0.728027 0.034180
vt 0.706055 0.033203
vt 0.826172 0.984947
vt 0.318115 0.020020
vt 0.296143 0.020020
vt 0.273926 0.020508
vt 0.252441 0.020996
vt 0.262695 0.013184
vt 0.219360 0.013184
vt 0.897461 0.992134
vt 0.976563 0.881531
vt 0.973633 0.917725
vt 0.956055 0.950623
vn -0.022390 -0.999661 -0.013307
vn -0.113111 -0.992396 -0.048532
vn 0.001826 -0.999933 -0.011422
vn -0.212004 -0.818819 -0.533470
vn 0.089719 -0.995121 -0.041041
vn -0.708745 -0.587250 0.390919
vn 0.089719 -0.995121 -0.041041
vn -0.212004 -0.818819 -0.533470
vn -0.249315 -0.824317 -0.508275
vn -0.452991 -0.379483 -0.806717
vn -0.249315 -0.824317 -0.508275
vn -0.212004 -0.818819 -0.533470
vn -0.249315 -0.824317 -0.508275
vn -0.452991 -0.379483 -0.806717
vn -0.498559 -0.397408 -0.770393
vn -0.545469 0.143529 -0.825750
vn -0.498559 -0.397408 -0.770393
vn -0.452991 -0.379483 -0.806717
vn -0.498559 -0.397408 -0.770393
vn -0.545469 0.143529 -0.825750
vn -0.523139 0.168993 -0.835325
vn -0.423786 0.708414 -0.564407
vn -0.523139 0.168993 -0.835325
vn -0.545469 0.143529 -0.825750
vn -0.523139 0.168993 -0.835325
vn -0.423786 0.708414 -0.564407
vn -0.418605 0.677523 -0.604758
vn -0.708745 -0.587250 0.390919
vn -0.871078 -0.480438 0.101993
vn -0.212004 -0.818819 -0.533470
vn -0.398413 -0.377918 -0.835730
vn -0.212004 -0.818819 -0.533470
vn -0.871078 -0.480438 0.101993
vn -0.212004 -0.818819 -0.533470
vn -0.398413 -0.377918 -0.835730
vn -0.452991 -0.379483 -0.806717
vn -0.485487 0.150713 -0.861155
vn -0.452991 -0.379483 -0.806717
vn -0.398413 -0.377918 -0.835730
vn -0.452991 -0.379483 -0.806717
vn -0.485487 0.150713 -0.861155
vn -0.545469 0.143529 -0.825750
vn -0.435339 0.643554 -0.629538
vn -0.545469 0.143529 -0.825750
vn -0.485487 0.150713 -0.861155
vn -0.545469 0.143529 -0.825750
vn -0.435339 0.643554 -0.629538
vn -0.423786 0.708414 -0.564407
vn -0.871078 -0.480438 0.101993
vn -0.967044 -0.235199 -0.097508
vn -0.398413 -0.377918 -0.835730
vn -0.436912 0.144022 -0.887899
vn -0.398413 -0.377918 -0.835730
vn -0.967044 -0.235199 -0.097508
vn -0.398413 -0.377918 -0.835730
vn -0.436912 0.144022 -0.887899
vn -0.485487 0.150713 -0.861155
vn -0.361886 0.647510 -0.670648
vn -0.485487 0.150713 -0.861155
vn -0.436912 0.144022 -0.887899
vn -0.485487 0.150713 -0.861155
vn -0.361886 0.647510 -0.670648
vn -0.435339 0.643554 -0.629538
vn -0.967044 -0.235199 -0.097508
vn -0.989557 0.066789 -0.127738
vn -0.436912 0.144022 -0.887899
vn -0.352272 0.693913 -0.628004
vn -0.436912 0.144022 -0.887899
vn -0.989557 0.066789 -0.127738
vn -0.436912 0.144022 -0.887899
vn -0.352272 0.693913 -0.628004
vn -0.361886 0.647510 -0.670648
vn -0.989557 0.066789 -0.127738
vn -0.887886 0.454616 -0.070588
vn -0.352272 0.693913 -0.628004
vn 0.500767 -0.414042 0.760133
vn 0.410966 -0.414100 0.812175
vn 0.238236 -0.829786 0.504676
vn 0.238236 -0.829786 0.504676
vn 0.313622 -0.829451 0.462225
vn 0.500767 -0.414042 0.760133
vn 0.294633 -0.834914 0.464877
vn 0.313622 -0.829451 0.462225
vn 0.031585 -0.999475 0.007268
vn -0.032927 -0.998712 0.038600
vn 0.031585 -0.999475 0.007268
vn 0.313622 -0.829451 0.462225
vn 0.313622 -0.829451 0.462225
vn 0.238236 -0.829786 0.504676
vn -0.032927 -0.998712 0.038600
vn -0.032927 -0.998712 0.038600
vn 0.238236 -0.829786 0.504676
vn 0.250824 -0.836717 0.486819
vn 0.409892 -0.431647 0.803535
vn 0.250824 -0.836717 0.486819
vn 0.238236 -0.829786 0.504676
vn 0.238236 -0.829786 0.504676
vn 0.410966 -0.414100 0.812175
vn 0.409892 -0.431647 0.803535
vn 0.448858 0.118994 0.885645
vn 0.409892 -0.431647 0.803535
vn 0.410966 -0.414100 0.812175
vn 0.410966 -0.414100 0.812175
vn 0.450417 0.136957 0.882251
vn 0.448858 0.118994 0.885645
vn 0.541086 0.135124 0.830040
vn 0.450417 0.136957 0.882251
vn 0.410966 -0.414100 0.812175
vn 0.410966 -0.414100 0.812175
vn 0.500767 -0.414042 0.760133
vn 0.541086 0.135124 0.830040
vn 0.424160 -0.425450 0.799425
vn 0.196793 -0.883815 0.424433
vn 0.250824 -0.836717 0.486819
vn 0.250824 -0.836717 0.486819
vn 0.409892 -0.431647 0.803535
vn 0.424160 -0.425450 0.799425
vn 0.466278 0.120723 0.876362
vn 0.424160 -0.425450 0.799425
vn 0.409892 -0.431647 0.803535
vn 0.409892 -0.431647 0.803535
vn 0.448858 0.118994 0.885645
vn 0.466278 0.120723 0.876362
vn 0.357219 0.638476 0.681721
vn 0.466278 0.120723 0.876362
vn 0.448858 0.118994 0.885645
vn 0.448858 0.118994 0.885645
vn 0.337386 0.628085 0.701199
vn 0.357219 0.638476 0.681721
vn 0.337386 0.628085 0.701199
vn 0.448858 0.118994 0.885645
vn 0.450417 0.136957 0.882251
vn 0.450417 0.136957 0.882251
vn 0.336753 0.631658 0.698288
vn 0.337386 0.628085 0.701199
vn 0.438854 0.618925 0.651413
vn 0.336753 0.631658 0.698288
vn 0.450417 0.136957 0.882251
vn 0.450417 0.136957 0.882251
vn 0.541086 0.135124 0.830040
vn 0.438854 0.618925 0.651413
vn 0.196841 0.951227 0.237532
vn 0.439245 0.615086 0.654778
vn 0.357219 0.638476 0.681721
vn 0.357219 0.638476 0.681721
vn 0.111501 0.951585 0.286452
vn 0.196841 0.951227 0.237532
vn 0.111501 0.951585 0.286452
vn 0.357219 0.638476 0.681721
vn 0.337386 0.628085 0.701199
vn 0.337386 0.628085 0.701199
vn 0.095707 0.942802 0.319319
vn 0.111501 0.951585 0.286452
vn 0.095707 0.942802 0.319319
vn 0.337386 0.628085 0.701199
vn 0.336753 0.631658 0.698288
vn 0.336753 0.631658 0.698288
vn 0.104523 0.945212 0.309271
vn 0.095707 0.942802 0.319319
vn 0.208753 0.945038 0.251644
vn 0.104523 0.945212 0.309271
vn 0.336753 0.631658 0.698288
vn 0.336753 0.631658 0.698288
vn 0.438854 0.618925 0.651413
vn 0.208753 0.945038 0.251644
vn 0.171456 0.960110 0.220887
vn 0.208753 0.945038 0.251644
vn 0.438854 0.618925 0.651413
vn 0.438854 0.618925 0.651413
vn 0.447414 0.623918 0.640740
vn 0.171456 0.960110 0.220887
vn 0.470718 0.613682 0.633892
vn 0.567274 0.114324 0.815555
vn 0.533150 0.111518 0.838639
vn 0.533150 0.111518 0.838639
vn 0.439245 0.615086 0.654778
vn 0.470718 0.613682 0.633892
vn 0.229840 0.950251 0.210232
vn 0.470718 0.613682 0.633892
vn 0.439245 0.615086 0.654778
vn 0.439245 0.615086 0.654778
vn 0.196841 0.951227 0.237532
vn 0.229840 0.950251 0.210232
vn -0.169757 0.933992 -0.314391
vn 0.229840 0.950251 0.210232
vn 0.196841 0.951227 0.237532
vn 0.196841 0.951227 0.237532
vn -0.108058 0.957976 -0.265716
vn -0.169757 0.933992 -0.314391
vn -0.108058 0.957976 -0.265716
vn 0.196841 0.951227 0.237532
vn 0.111501 0.951585 0.286452
vn 0.111501 0.951585 0.286452
vn -0.194101 0.958223 -0.210081
vn -0.108058 0.957976 -0.265716
vn -0.194101 0.958223 -0.210081
vn 0.111501 0.951585 0.286452
vn 0.095707 0.942802 0.319319
vn 0.095707 0.942802 0.319319
vn -0.269213 0.926858 -0.261647
vn -0.194101 0.958223 -0.210081
vn -0.525007 0.316592 0.790023
vn -0.424920 0.029939 0.904735
vn 0.567274 0.114324 0.815555
vn 0.567274 0.114324 0.815555
vn 0.470718 0.613682 0.633892
vn -0.525007 0.316592 0.790023
vn -0.653768 0.514276 0.555075
vn -0.525007 0.316592 0.790023
vn 0.470718 0.613682 0.633892
vn 0.470718 0.613682 0.633892
vn 0.229840 0.950251 0.210232
vn -0.653768 0.514276 0.555075
vn -0.785858 0.597572 0.159170
vn -0.653768 0.514276 0.555075
vn 0.229840 0.950251 0.210232
vn 0.229840 0.950251 0.210232
vn -0.169757 0.933992 -0.314391
vn -0.785858 0.597572 0.159170
vn -0.352272 0.693913 -0.628004
vn -0.887886 0.454616 -0.070588
vn -0.785858 0.597572 0.159170
vn -0.169757 0.933992 -0.314391
vn -0.352272 0.693913 -0.628004
vn -0.169757 0.933992 -0.314391
vn -0.108058 0.957976 -0.265716
vn -0.108058 0.957976 -0.265716
vn -0.361886 0.647510 -0.670648
vn -0.352272 0.693913 -0.628004
vn -0.361886 0.647510 -0.670648
vn -0.108058 0.957976 -0.265716
vn -0.194101 0.958223 -0.210081
vn -0.194101 0.958223 -0.210081
vn -0.435339 0.643554 -0.629538
vn -0.361886 0.647510 -0.670648
vn -0.435339 0.643554 -0.629538
vn -0.194101 0.958223 -0.210081
vn -0.269213 0.926858 -0.261647
vn -0.269213 0.926858 -0.261647
vn -0.423786 0.708414 -0.564407
vn -0.435339 0.643554 -0.629538
vn -0.418605 0.677523 -0.604758
vn -0.423786 0.708414 -0.564407
vn -0.269213 0.926858 -0.261647
vn -0.216940 0.947768 -0.233823
vn -0.335613 0.648575 -0.683165
vn -0.418605 0.677523 -0.604758
vn -0.216940 0.947768 -0.233823
vn -0.216940 0.947768 -0.233823
vn -0.097112 0.955756 -0.277669
vn -0.335613 0.648575 -0.683165
vn -0.353204 0.637765 -0.684473
vn -0.335613 0.648575 -0.683165
vn -0.097112 0.955756 -0.277669
vn -0.097112 0.955756 -0.277669
vn -0.114572 0.960803 -0.252448
vn -0.353204 0.637765 -0.684473
vn -0.269213 0.926858 -0.261647
vn 0.095707 0.942802 0.319319
vn 0.104523 0.945212 0.309271
vn 0.104523 0.945212 0.309271
vn -0.216940 0.947768 -0.233823
vn -0.269213 0.926858 -0.261647
vn -0.097112 0.955756 -0.277669
vn -0.216940 0.947768 -0.233823
vn 0.104523 0.945212 0.309271
vn 0.104523 0.945212 0.309271
vn 0.208753 0.945038 0.251644
vn -0.097112 0.955756 -0.277669
vn -0.114572 0.960803 -0.252448
vn -0.097112 0.955756 -0.277669
vn 0.208753 0.945038 0.251644
vn 0.208753 0.945038 0.251644
vn 0.171456 0.960110 0.220887
vn -0.114572 0.960803 -0.252448
vn 0.151935 0.959331 0.237908
vn -0.118241 0.958713 -0.258630
vn -0.114572 0.960803 -0.252448
vn 0.171456 0.960110 0.220887
vn -0.188642 0.947891 -0.256743
vn -0.118241 0.958713 -0.258630
vn 0.151935 0.959331 0.237908
vn 0.151935 0.959331 0.237908
vn 0.078855 0.958881 0.272633
vn -0.188642 0.947891 -0.256743
vn -0.331090 0.656966 -0.677329
vn -0.353204 0.637765 -0.684473
vn -0.114572 0.960803 -0.252448
vn -0.114572 0.960803 -0.252448
vn -0.118241 0.958713 -0.258630
vn -0.331090 0.656966 -0.677329
vn -0.449037 0.617903 -0.645416
vn -0.331090 0.656966 -0.677329
vn -0.118241 0.958713 -0.258630
vn -0.118241 0.958713 -0.258630
vn -0.188642 0.947891 -0.256743
vn -0.449037 0.617903 -0.645416
vn -0.465721 0.569032 -0.677721
vn -0.449037 0.617903 -0.645416
vn -0.188642 0.947891 -0.256743
vn -0.188642 0.947891 -0.256743
vn -0.241711 0.944703 -0.221614
vn -0.465721 0.569032 -0.677721
vn 0.416061 0.401333 -0.815981
vn -0.465721 0.569032 -0.677721
vn -0.241711 0.944703 -0.221614
vn -0.241711 0.944703 -0.221614
vn 0.637349 0.552074 -0.537588
vn 0.416061 0.401333 -0.815981
vn 0.637349 0.552074 -0.537588
vn -0.241711 0.944703 -0.221614
vn 0.031243 0.956784 0.289115
vn 0.031243 0.956784 0.289115
vn 0.798324 0.542736 -0.260992
vn 0.637349 0.552074 -0.537588
vn -0.241711 0.944703 -0.221614
vn -0.188642 0.947891 -0.256743
vn 0.078855 0.958881 0.272633
vn 0.078855 0.958881 0.272633
vn 0.031243 0.956784 0.289115
vn -0.241711 0.944703 -0.221614
vn 0.031243 0.956784 0.289115
vn 0.078855 0.958881 0.272633
vn 0.310181 0.629036 0.712812
vn 0.310181 0.629036 0.712812
vn 0.246245 0.636936 0.730531
vn 0.031243 0.956784 0.289115
vn 0.246245 0.636936 0.730531
vn 0.310181 0.629036 0.712812
vn 0.420074 0.111571 0.900605
vn 0.420074 0.111571 0.900605
vn 0.333748 0.136016 0.932798
vn 0.246245 0.636936 0.730531
vn 0.333748 0.136016 0.932798
vn 0.420074 0.111571 0.900605
vn 0.405633 -0.483019 0.775986
vn 0.405633 -0.483019 0.775986
vn 0.321991 -0.405208 0.855645
vn 0.333748 0.136016 0.932798
vn 0.321991 -0.405208 0.855645
vn 0.405633 -0.483019 0.775986
vn 0.312833 -0.772030 0.553267
vn 0.312833 -0.772030 0.553267
vn 0.257337 -0.870683 0.419153
vn 0.321991 -0.405208 0.855645
vn 0.798324 0.542736 -0.260992
vn 0.031243 0.956784 0.289115
vn 0.246245 0.636936 0.730531
vn 0.246245 0.636936 0.730531
vn 0.928811 0.369899 -0.022025
vn 0.798324 0.542736 -0.260992
vn 0.928811 0.369899 -0.022025
vn 0.246245 0.636936 0.730531
vn 0.333748 0.136016 0.932798
vn 0.333748 0.136016 0.932798
vn 0.985322 0.114353 0.126744
vn 0.928811 0.369899 -0.022025
vn 0.985322 0.114353 0.126744
vn 0.333748 0.136016 0.932798
vn 0.321991 -0.405208 0.855645
vn 0.321991 -0.405208 0.855645
vn 0.965742 -0.226943 0.125853
vn 0.985322 0.114353 0.126744
vn 0.965742 -0.226943 0.125853
vn 0.321991 -0.405208 0.855645
vn 0.257337 -0.870683 0.419153
vn 0.257337 -0.870683 0.419153
vn 0.827753 -0.554819 -0.083674
vn 0.965742 -0.226943 0.125853
vn 0.714966 -0.615883 -0.330925
vn 0.827753 -0.554819 -0.083674
vn 0.257337 -0.870683 0.419153
vn 0.100141 -0.994468 0.031700
vn 0.021060 -0.999712 0.011518
vn 0.100141 -0.994468 0.031700
vn 0.257337 -0.870683 0.419153
vn 0.921931 0.300298 -0.244670
vn 0.985322 0.114353 0.126744
vn 0.965742 -0.226943 0.125853
vn 0.965742 -0.226943 0.125853
vn 0.898711 -0.214278 -0.382628
vn 0.921931 0.300298 -0.244670
vn 0.898711 -0.214278 -0.382628
vn 0.965742 -0.226943 0.125853
vn 0.827753 -0.554819 -0.083674
vn 0.827753 -0.554819 -0.083674
vn 0.850188 0.030852 -0.525574
vn 0.898711 -0.214278 -0.382628
vn 0.827753 -0.554819 -0.083674
vn 0.714966 -0.615883 -0.330925
vn 0.850188 0.030852 -0.525574
vn 0.714966 -0.615883 -0.330925
vn 0.100141 -0.994468 0.031700
vn -0.227044 -0.851677 -0.472332
vn -0.238916 -0.844409 -0.479471
vn -0.227044 -0.851677 -0.472332
vn 0.100141 -0.994468 0.031700
vn -0.227044 -0.851677 -0.472332
vn -0.238916 -0.844409 -0.479471
vn -0.432204 -0.413099 -0.801591
vn -0.386033 -0.396209 -0.833065
vn -0.432204 -0.413099 -0.801591
vn -0.238916 -0.844409 -0.479471
vn 0.714966 -0.615883 -0.330925
vn 0.611826 -0.452942 -0.648469
vn 0.850188 0.030852 -0.525574
vn 0.611826 -0.452942 -0.648469
vn 0.511034 -0.242669 -0.824594
vn 0.850188 0.030852 -0.525574
vn 0.511034 -0.242669 -0.824594
vn 0.365080 0.146489 -0.919379
vn 0.850188 0.030852 -0.525574
vn 0.365080 0.146489 -0.919379
vn 0.416061 0.401333 -0.815981
vn 0.850188 0.030852 -0.525574
vn 0.416061 0.401333 -0.815981
vn 0.637349 0.552074 -0.537588
vn 0.850188 0.030852 -0.525574
vn 0.637349 0.552074 -0.537588
vn 0.798324 0.542736 -0.260992
vn 0.850188 0.030852 -0.525574
vn 0.798324 0.542736 -0.260992
vn 0.928811 0.369899 -0.022025
vn 0.850188 0.030852 -0.525574
vn 0.850188 0.030852 -0.525574
vn 0.928811 0.369899 -0.022025
vn 0.985322 0.114353 0.126744
vn 0.100141 -0.994468 0.031700
vn 0.021060 -0.999712 0.011518
vn -0.238916 -0.844409 -0.479471
vn -0.200460 -0.828880 -0.522278
vn -0.238916 -0.844409 -0.479471
vn 0.021060 -0.999712 0.011518
vn -0.238916 -0.844409 -0.479471
vn -0.200460 -0.828880 -0.522278
vn -0.386033 -0.396209 -0.833065
vn -0.459495 -0.392293 -0.796850
vn -0.386033 -0.396209 -0.833065
vn -0.200460 -0.828880 -0.522278
vn -0.386033 -0.396209 -0.833065
vn -0.459495 -0.392293 -0.796850
vn -0.496156 0.158672 -0.853611
vn -0.453555 0.177245 -0.873426
vn -0.496156 0.158672 -0.853611
vn -0.459495 -0.392293 -0.796850
vn -0.459495 -0.392293 -0.796850
vn -0.430287 -0.382685 -0.817560
vn -0.453555 0.177245 -0.873426
vn -0.533459 0.177058 -0.827087
vn -0.453555 0.177245 -0.873426
vn -0.430287 -0.382685 -0.817560
vn -0.430287 -0.382685 -0.817560
vn -0.512541 -0.387247 -0.766382
vn -0.533459 0.177058 -0.827087
vn -0.533459 0.177058 -0.827087
vn -0.512541 -0.387247 -0.766382
vn -0.510613 -0.379675 -0.771441
vn -0.432204 -0.413099 -0.801591
vn -0.386033 -0.396209 -0.833065
vn -0.434664 0.178559 -0.882714
vn -0.496156 0.158672 -0.853611
vn -0.434664 0.178559 -0.882714
vn -0.386033 -0.396209 -0.833065
vn -0.434664 0.178559 -0.882714
vn -0.496156 0.158672 -0.853611
vn -0.353204 0.637765 -0.684473
vn -0.335613 0.648575 -0.683165
vn -0.353204 0.637765 -0.684473
vn -0.496156 0.158672 -0.853611
vn -0.496156 0.158672 -0.853611
vn -0.453555 0.177245 -0.873426
vn -0.335613 0.648575 -0.683165
vn -0.418605 0.677523 -0.604758
vn -0.335613 0.648575 -0.683165
vn -0.453555 0.177245 -0.873426
vn -0.453555 0.177245 -0.873426
vn -0.533459 0.177058 -0.827087
vn -0.418605 0.677523 -0.604758
vn -0.418605 0.677523 -0.604758
vn -0.533459 0.177058 -0.827087
vn -0.523139 0.168993 -0.835325
vn -0.510613 -0.379675 -0.771441
vn -0.523139 0.168993 -0.835325
vn -0.533459 0.177058 -0.827087
vn -0.523139 0.168993 -0.835325
vn -0.510613 -0.379675 -0.771441
vn -0.498559 -0.397408 -0.770393
vn -0.353204 0.637765 -0.684473
vn -0.331090 0.656966 -0.677329
vn -0.434664 0.178559 -0.882714
vn -0.537975 0.174319 -0.824740
vn -0.434664 0.178559 -0.882714
vn -0.331090 0.656966 -0.677329
vn -0.434664 0.178559 -0.882714
vn -0.537975 0.174319 -0.824740
vn -0.432204 -0.413099 -0.801591
vn -0.444192 -0.441492 -0.779601
vn -0.432204 -0.413099 -0.801591
vn -0.537975 0.174319 -0.824740
vn -0.432204 -0.413099 -0.801591
vn -0.444192 -0.441492 -0.779601
vn -0.227044 -0.851677 -0.472332
vn 0.611826 -0.452942 -0.648469
vn -0.227044 -0.851677 -0.472332
vn -0.444192 -0.441492 -0.779601
vn -0.227044 -0.851677 -0.472332
vn 0.611826 -0.452942 -0.648469
vn 0.714966 -0.615883 -0.330925
vn -0.331090 0.656966 -0.677329
vn -0.449037 0.617903 -0.645416
vn -0.537975 0.174319 -0.824740
vn -0.465721 0.569032 -0.677721
vn -0.535520 0.225708 -0.813802
vn -0.537975 0.174319 -0.824740
vn -0.449037 0.617903 -0.645416
vn -0.537975 0.174319 -0.824740
vn -0.535520 0.225708 -0.813802
vn -0.444192 -0.441492 -0.779601
vn 0.511034 -0.242669 -0.824594
vn -0.444192 -0.441492 -0.779601
vn -0.535520 0.225708 -0.813802
vn -0.444192 -0.441492 -0.779601
vn 0.511034 -0.242669 -0.824594
vn 0.611826 -0.452942 -0.648469
vn 0.416061 0.401333 -0.815981
vn 0.365080 0.146489 -0.919379
vn -0.535520 0.225708 -0.813802
vn -0.465721 0.569032 -0.677721
vn -0.535520 0.225708 -0.813802
vn 0.365080 0.146489 -0.919379
vn 0.511034 -0.242669 -0.824594
vn 0.554012 0.114571 0.824587
vn 0.541086 0.135124 0.830040
vn 0.500767 -0.414042 0.760133
vn 0.500767 -0.414042 0.760133
vn 0.510454 -0.431357 0.743887
vn 0.554012 0.114571 0.824587
vn 0.510454 -0.431357 0.743887
vn 0.500767 -0.414042 0.760133
vn 0.313622 -0.829451 0.462225
vn 0.313622 -0.829451 0.462225
vn 0.294633 -0.834914 0.464877
vn 0.510454 -0.431357 0.743887
vn 0.447414 0.623918 0.640740
vn 0.438854 0.618925 0.651413
vn 0.541086 0.135124 0.830040
vn 0.541086 0.135124 0.830040
vn 0.554012 0.114571 0.824587
vn 0.447414 0.623918 0.640740
vn 0.396716 0.633079 0.664701
vn 0.447414 0.623918 0.640740
vn 0.554012 0.114571 0.824587
vn 0.554012 0.114571 0.824587
vn 0.505460 0.111198 0.855655
vn 0.396716 0.633079 0.664701
vn 0.505460 0.111198 0.855655
vn 0.554012 0.114571 0.824587
vn 0.510454 -0.431357 0.743887
vn 0.510454 -0.431357 0.743887
vn 0.461458 -0.480821 0.745565
vn 0.505460 0.111198 0.855655
vn 0.461458 -0.480821 0.745565
vn 0.510454 -0.431357 0.743887
vn 0.294633 -0.834914 0.464877
vn 0.294633 -0.834914 0.464877
vn 0.353955 -0.773703 0.525452
vn 0.461458 -0.480821 0.745565
vn 0.353955 -0.773703 0.525452
vn 0.294633 -0.834914 0.464877
vn -0.002981 -0.999974 0.006499
vn 0.031585 -0.999475 0.007268
vn -0.002981 -0.999974 0.006499
vn 0.294633 -0.834914 0.464877
vn 0.151935 0.959331 0.237908
vn 0.171456 0.960110 0.220887
vn 0.447414 0.623918 0.640740
vn 0.447414 0.623918 0.640740
vn 0.396716 0.633079 0.664701
vn 0.151935 0.959331 0.237908
vn 0.078855 0.958881 0.272633
vn 0.151935 0.959331 0.237908
vn 0.396716 0.633079 0.664701
vn 0.396716 0.633079 0.664701
vn 0.310181 0.629036 0.712812
vn 0.078855 0.958881 0.272633
vn 0.310181 0.629036 0.712812
vn 0.396716 0.633079 0.664701
vn 0.505460 0.111198 0.855655
vn 0.505460 0.111198 0.855655
vn 0.420074 0.111571 0.900605
vn 0.310181 0.629036 0.712812
vn 0.420074 0.111571 0.900605
vn 0.505460 0.111198 0.855655
vn 0.461458 -0.480821 0.745565
vn 0.461458 -0.480821 0.745565
vn 0.405633 -0.483019 0.775986
vn 0.420074 0.111571 0.900605
vn 0.312833 -0.772030 0.553267
vn 0.405633 -0.483019 0.775986
vn 0.461458 -0.480821 0.745565
vn 0.353955 -0.773703 0.525452
vn 0.312833 -0.772030 0.553267
vn 0.353955 -0.773703 0.525452
vn 0.069595 -0.997098 -0.030864
vn -0.002981 -0.999974 0.006499
vn 0.069595 -0.997098 -0.030864
vn 0.353955 -0.773703 0.525452
vn 0.069595 -0.997098 -0.030864
vn -0.002981 -0.999974 0.006499
vn -0.267728 -0.824709 -0.498174
vn -0.250163 -0.838022 -0.484910
vn -0.267728 -0.824709 -0.498174
vn -0.002981 -0.999974 0.006499
vn -0.002981 -0.999974 0.006499
vn 0.031585 -0.999475 0.007268
vn -0.250163 -0.838022 -0.484910
vn -0.322183 -0.835123 -0.445834
vn -0.250163 -0.838022 -0.484910
vn 0.031585 -0.999475 0.007268
vn 0.031585 -0.999475 0.007268
vn -0.032927 -0.998712 0.038600
vn -0.322183 -0.835123 -0.445834
vn -0.322183 -0.835123 -0.445834
vn -0.032927 -0.998712 0.038600
vn -0.020494 -0.999686 0.014403
vn 0.250824 -0.836717 0.486819
vn -0.020494 -0.999686 0.014403
vn -0.032927 -0.998712 0.038600
vn -0.020494 -0.999686 0.014403
vn 0.250824 -0.836717 0.486819
vn 0.196793 -0.883815 0.424433
vn 0.257337 -0.870683 0.419153
vn 0.312833 -0.772030 0.553267
vn 0.021060 -0.999712 0.011518
vn 0.069595 -0.997098 -0.030864
vn 0.021060 -0.999712 0.011518
vn 0.312833 -0.772030 0.553267
vn 0.021060 -0.999712 0.011518
vn 0.069595 -0.997098 -0.030864
vn -0.200460 -0.828880 -0.522278
vn -0.267728 -0.824709 -0.498174
vn -0.200460 -0.828880 -0.522278
vn 0.069595 -0.997098 -0.030864
vn -0.200460 -0.828880 -0.522278
vn -0.267728 -0.824709 -0.498174
vn -0.459495 -0.392293 -0.796850
vn -0.430287 -0.382685 -0.817560
vn -0.459495 -0.392293 -0.796850
vn -0.267728 -0.824709 -0.498174
vn -0.267728 -0.824709 -0.498174
vn -0.250163 -0.838022 -0.484910
vn -0.430287 -0.382685 -0.817560
vn -0.512541 -0.387247 -0.766382
vn -0.430287 -0.382685 -0.817560
vn -0.250163 -0.838022 -0.484910
vn -0.250163 -0.838022 -0.484910
vn -0.322183 -0.835123 -0.445834
vn -0.512541 -0.387247 -0.766382
vn -0.512541 -0.387247 -0.766382
vn -0.322183 -0.835123 -0.445834
vn -0.322441 -0.823582 -0.466631
vn -0.322441 -0.823582 -0.466631
vn -0.510613 -0.379675 -0.771441
vn -0.512541 -0.387247 -0.766382
vn -0.510613 -0.379675 -0.771441
vn -0.322441 -0.823582 -0.466631
vn -0.318509 -0.821054 -0.473733
vn 0.000793 -0.995939 0.090028
vn -0.318509 -0.821054 -0.473733
vn -0.322441 -0.823582 -0.466631
vn -0.318509 -0.821054 -0.473733
vn 0.000793 -0.995939 0.090028
vn 0.054221 -0.995360 0.079489
vn 0.196793 -0.883815 0.424433
vn 0.257393 -0.874515 0.411062
vn 0.054221 -0.995360 0.079489
vn 0.000793 -0.995939 0.090028
vn 0.054221 -0.995360 0.079489
vn 0.257393 -0.874515 0.411062
vn 0.354852 -0.824822 0.440169
vn 0.516627 -0.405722 0.753980
vn 0.354852 -0.824822 0.440169
vn 0.257393 -0.874515 0.411062
vn 0.257393 -0.874515 0.411062
vn 0.500052 -0.407918 0.763905
vn 0.516627 -0.405722 0.753980
vn 0.567274 0.114324 0.815555
vn 0.516627 -0.405722 0.753980
vn 0.500052 -0.407918 0.763905
vn 0.500052 -0.407918 0.763905
vn 0.533150 0.111518 0.838639
vn 0.567274 0.114324 0.815555
vn -0.318509 -0.821054 -0.473733
vn -0.498559 -0.397408 -0.770393
vn -0.510613 -0.379675 -0.771441
vn -0.498559 -0.397408 -0.770393
vn -0.318509 -0.821054 -0.473733
vn -0.249315 -0.824317 -0.508275
vn 0.054221 -0.995360 0.079489
vn -0.249315 -0.824317 -0.508275
vn -0.318509 -0.821054 -0.473733
vn -0.249315 -0.824317 -0.508275
vn 0.054221 -0.995360 0.079489
vn 0.089719 -0.995121 -0.041041
vn 0.354852 -0.824822 0.440169
vn 0.089719 -0.995121 -0.041041
vn 0.054221 -0.995360 0.079489
vn 0.089719 -0.995121 -0.041041
vn 0.354852 -0.824822 0.440169
vn -0.534879 -0.526245 0.661037
vn -0.400219 -0.301528 0.865393
vn -0.534879 -0.526245 0.661037
vn 0.354852 -0.824822 0.440169
vn 0.354852 -0.824822 0.440169
vn 0.516627 -0.405722 0.753980
vn -0.400219 -0.301528 0.865393
vn -0.424920 0.029939 0.904735
vn -0.400219 -0.301528 0.865393
vn 0.516627 -0.405722 0.753980
vn 0.516627 -0.405722 0.753980
vn 0.567274 0.114324 0.815555
vn -0.424920 0.029939 0.904735
vn -0.781920 -0.279438 0.557240
vn -0.907466 -0.009891 0.420008
vn -0.534879 -0.526245 0.661037
vn -0.534879 -0.526245 0.661037
vn -0.400219 -0.301528 0.865393
vn -0.781920 -0.279438 0.557240
vn -0.699413 0.185372 0.690260
vn -0.781920 -0.279438 0.557240
vn -0.400219 -0.301528 0.865393
vn -0.400219 -0.301528 0.865393
vn -0.424920 0.029939 0.904735
vn -0.699413 0.185372 0.690260
vn -0.424920 0.029939 0.904735
vn -0.525007 0.316592 0.790023
vn -0.907466 -0.009891 0.420008
vn -0.653768 0.514276 0.555075
vn -0.907466 -0.009891 0.420008
vn -0.525007 0.316592 0.790023
vn -0.785858 0.597572 0.159170
vn -0.907466 -0.009891 0.420008
vn -0.653768 0.514276 0.555075
vn -0.887886 0.454616 -0.070588
vn -0.907466 -0.009891 0.420008
vn -0.785858 0.597572 0.159170
vn -0.989557 0.066789 -0.127738
vn -0.907466 -0.009891 0.420008
vn -0.887886 0.454616 -0.070588
vn -0.967044 -0.235199 -0.097508
vn -0.907466 -0.009891 0.420008
vn -0.989557 0.066789 -0.127738
vn -0.871078 -0.480438 0.101993
vn -0.907466 -0.009891 0.420008
vn -0.967044 -0.235199 -0.097508
vn -0.708745 -0.587250 0.390919
vn -0.907466 -0.009891 0.420008
vn -0.871078 -0.480438 0.101993
vn -0.534879 -0.526245 0.661037
vn -0.907466 -0.009891 0.420008
vn -0.708745 -0.587250 0.390919
vn -0.534879 -0.526245 0.661037
vn -0.708745 -0.587250 0.390919
vn 0.089719 -0.995121 -0.041041
vn -0.020494 -0.999686 0.014403
vn -0.322441 -0.823582 -0.466631
vn -0.322183 -0.835123 -0.445834
vn -0.322441 -0.823582 -0.466631
vn -0.020494 -0.999686 0.014403
vn 0.000793 -0.995939 0.090028
vn 0.196793 -0.883815 0.424433
vn 0.000793 -0.995939 0.090028
vn -0.020494 -0.999686 0.014403
vn 0.500052 -0.407918 0.763905
vn 0.257393 -0.874515 0.411062
vn 0.196793 -0.883815 0.424433
vn 0.196793 -0.883815 0.424433
vn 0.424160 -0.425450 0.799425
vn 0.500052 -0.407918 0.763905
vn 0.533150 0.111518 0.838639
vn 0.500052 -0.407918 0.763905
vn 0.424160 -0.425450 0.799425
vn 0.424160 -0.425450 0.799425
vn 0.466278 0.120723 0.876362
vn 0.533150 0.111518 0.838639
vn 0.439245 0.615086 0.654778
vn 0.533150 0.111518 0.838639
vn 0.466278 0.120723 0.876362
vn 0.466278 0.120723 0.876362
vn 0.357219 0.638476 0.681721
vn 0.439245 0.615086 0.654778
vn -0.927509 0.056553 -0.369498
vn -0.974526 0.032666 -0.221884
vn -0.969773 -0.092974 -0.225600
vn -0.995906 -0.085479 -0.029401
vn -0.969773 -0.092974 -0.225600
vn -0.974526 0.032666 -0.221884
vn -0.974526 0.032666 -0.221884
vn -0.997185 0.054470 -0.051529
vn -0.995906 -0.085479 -0.029401
vn -0.980352 -0.087466 0.176806
vn -0.995906 -0.085479 -0.029401
vn -0.997185 0.054470 -0.051529
vn -0.997185 0.054470 -0.051529
vn -0.983977 0.004100 0.178250
vn -0.980352 -0.087466 0.176806
vn -0.938010 -0.075625 0.338258
vn -0.980352 -0.087466 0.176806
vn -0.983977 0.004100 0.178250
vn -0.983977 0.004100 0.178250
vn -0.943435 0.014396 0.331246
vn -0.938010 -0.075625 0.338258
vn -0.866043 -0.070243 0.495011
vn -0.938010 -0.075625 0.338258
vn -0.943435 0.014396 0.331246
vn -0.943435 0.014396 0.331246
vn -0.868648 0.031898 0.494403
vn -0.866043 -0.070243 0.495011
vn -0.779864 -0.065685 0.622494
vn -0.866043 -0.070243 0.495011
vn -0.868648 0.031898 0.494403
vn -0.868648 0.031898 0.494403
vn -0.785278 0.044375 0.617552
vn -0.779864 -0.065685 0.622494
vn -0.668342 -0.053234 0.741947
vn -0.779864 -0.065685 0.622494
vn -0.785278 0.044375 0.617552
vn -0.785278 0.044375 0.617552
vn -0.664084 0.038187 0.746682
vn -0.668342 -0.053234 0.741947
vn -0.453302 0.003708 0.891349
vn -0.455829 0.112947 0.882872
vn -0.257392 0.100495 0.961067
vn -0.455829 0.112947 0.882872
vn -0.453302 0.003708 0.891349
vn -0.664084 0.038187 0.746682
vn -0.664084 0.038187 0.746682
vn -0.654356 0.100651 0.749458
vn -0.455829 0.112947 0.882872
vn -0.654356 0.100651 0.749458
vn -0.664084 0.038187 0.746682
vn -0.785278 0.044375 0.617552
vn -0.785278 0.044375 0.617552
vn -0.777001 0.133433 0.615195
vn -0.654356 0.100651 0.749458
vn -0.777001 0.133433 0.615195
vn -0.785278 0.044375 0.617552
vn -0.868648 0.031898 0.494403
vn -0.868648 0.031898 0.494403
vn -0.880188 0.055497 0.471369
vn -0.777001 0.133433 0.615195
vn -0.880188 0.055497 0.471369
vn -0.868648 0.031898 0.494403
vn -0.943435 0.014396 0.331246
vn -0.943435 0.014396 0.331246
vn -0.937525 0.027832 0.346804
vn -0.880188 0.055497 0.471369
vn -0.937525 0.027832 0.346804
vn -0.943435 0.014396 0.331246
vn -0.983977 0.004100 0.178250
vn -0.257392 0.100495 0.961067
vn -0.242686 -0.300412 0.922419
vn -0.118731 -0.265454 0.956785
vn -0.242686 -0.300412 0.922419
vn -0.257392 0.100495 0.961067
vn -0.455829 0.112947 0.882872
vn -0.455829 0.112947 0.882872
vn -0.438143 -0.282036 0.853514
vn -0.242686 -0.300412 0.922419
vn -0.438143 -0.282036 0.853514
vn -0.455829 0.112947 0.882872
vn -0.654356 0.100651 0.749458
vn -0.654356 0.100651 0.749458
vn -0.621826 -0.296710 0.724773
vn -0.438143 -0.282036 0.853514
vn -0.621826 -0.296710 0.724773
vn -0.654356 0.100651 0.749458
vn -0.777001 0.133433 0.615195
vn -0.777001 0.133433 0.615195
vn -0.741381 -0.298817 0.600885
vn -0.621826 -0.296710 0.724773
vn -0.741381 -0.298817 0.600885
vn -0.777001 0.133433 0.615195
vn -0.880188 0.055497 0.471369
vn -0.880188 0.055497 0.471369
vn -0.841042 -0.286374 0.458954
vn -0.741381 -0.298817 0.600885
vn -0.891287 -0.293009 0.346054
vn -0.841042 -0.286374 0.458954
vn -0.880188 0.055497 0.471369
vn -0.937525 0.027832 0.346804
vn -0.741381 -0.298817 0.600885
vn -0.743333 -0.309325 0.593105
vn -0.619483 -0.307527 0.722265
vn -0.619483 -0.307527 0.722265
vn -0.621826 -0.296710 0.724773
vn -0.741381 -0.298817 0.600885
vn -0.621826 -0.296710 0.724773
vn -0.619483 -0.307527 0.722265
vn -0.432309 -0.305293 0.848472
vn -0.432309 -0.305293 0.848472
vn -0.438143 -0.282036 0.853514
vn -0.621826 -0.296710 0.724773
vn -0.438143 -0.282036 0.853514
vn -0.432309 -0.305293 0.848472
vn -0.241297 -0.307859 0.920325
vn -0.241297 -0.307859 0.920325
vn -0.242686 -0.300412 0.922419
vn -0.438143 -0.282036 0.853514
vn -0.242686 -0.300412 0.922419
vn -0.241297 -0.307859 0.920325
vn -0.125652 -0.260633 0.957226
vn -0.125652 -0.260633 0.957226
vn -0.118731 -0.265454 0.956785
vn -0.242686 -0.300412 0.922419
vn -0.118731 -0.265454 0.956785
vn -0.125652 -0.260633 0.957226
vn -0.028345 -0.240118 0.970330
vn -0.028345 -0.240118 0.970330
vn -0.022577 -0.202961 0.978927
vn -0.118731 -0.265454 0.956785
vn -0.432309 -0.305293 0.848472
vn -0.444005 -0.152200 0.883003
vn -0.258932 -0.135585 0.956332
vn -0.258932 -0.135585 0.956332
vn -0.241297 -0.307859 0.920325
vn -0.432309 -0.305293 0.848472
vn -0.241297 -0.307859 0.920325
vn -0.258932 -0.135585 0.956332
vn -0.145983 -0.116090 0.982452
vn -0.145983 -0.116090 0.982452
vn -0.125652 -0.260633 0.957226
vn -0.241297 -0.307859 0.920325
vn -0.125652 -0.260633 0.957226
vn -0.145983 -0.116090 0.982452
vn -0.037428 -0.107259 0.993526
vn -0.037428 -0.107259 0.993526
vn -0.028345 -0.240118 0.970330
vn -0.125652 -0.260633 0.957226
vn -0.028345 -0.240118 0.970330
vn -0.037428 -0.107259 0.993526
vn 0.084899 -0.106114 0.990723
vn 0.084899 -0.106114 0.990723
vn 0.084307 -0.245702 0.965672
vn -0.028345 -0.240118 0.970330
vn 0.084307 -0.245702 0.965672
vn 0.084899 -0.106114 0.990723
vn 0.267181 -0.102863 0.958141
vn 0.267181 -0.102863 0.958141
vn 0.264470 -0.202758 0.942839
vn 0.084307 -0.245702 0.965672
vn 0.494228 -0.111366 0.862170
vn 0.476805 -0.110568 0.872027
vn 0.267181 -0.102863 0.958141
vn 0.267181 -0.102863 0.958141
vn 0.279595 -0.113953 0.953332
vn 0.494228 -0.111366 0.862170
vn 0.279595 -0.113953 0.953332
vn 0.267181 -0.102863 0.958141
vn 0.084899 -0.106114 0.990723
vn 0.084899 -0.106114 0.990723
vn 0.099777 -0.114888 0.988355
vn 0.279595 -0.113953 0.953332
vn 0.099777 -0.114888 0.988355
vn 0.084899 -0.106114 0.990723
vn -0.037428 -0.107259 0.993526
vn -0.037428 -0.107259 0.993526
vn -0.050442 -0.121293 0.991334
vn 0.099777 -0.114888 0.988355
vn -0.050442 -0.121293 0.991334
vn -0.037428 -0.107259 0.993526
vn -0.145983 -0.116090 0.982452
vn -0.145983 -0.116090 0.982452
vn -0.191359 -0.132837 0.972490
vn -0.050442 -0.121293 0.991334
vn -0.191359 -0.132837 0.972490
vn -0.145983 -0.116090 0.982452
vn -0.258932 -0.135585 0.956332
vn -0.258932 -0.135585 0.956332
vn -0.307641 -0.150211 0.939571
vn -0.191359 -0.132837 0.972490
vn 0.494228 -0.111366 0.862170
vn 0.279595 -0.113953 0.953332
vn 0.300762 -0.128370 0.945020
vn 0.108346 -0.125115 0.986209
vn 0.300762 -0.128370 0.945020
vn 0.279595 -0.113953 0.953332
vn 0.279595 -0.113953 0.953332
vn 0.099777 -0.114888 0.988355
vn 0.108346 -0.125115 0.986209
vn -0.042580 -0.126331 0.991074
vn 0.108346 -0.125115 0.986209
vn 0.099777 -0.114888 0.988355
vn 0.099777 -0.114888 0.988355
vn -0.050442 -0.121293 0.991334
vn -0.042580 -0.126331 0.991074
vn -0.196681 -0.122466 0.972789
vn -0.042580 -0.126331 0.991074
vn -0.050442 -0.121293 0.991334
vn -0.050442 -0.121293 0.991334
vn -0.191359 -0.132837 0.972490
vn -0.196681 -0.122466 0.972789
vn -0.176614 0.050235 0.982997
vn -0.196681 -0.122466 0.972789
vn -0.346758 -0.124771 0.929619
vn -0.196681 -0.122466 0.972789
vn -0.176614 0.050235 0.982997
vn -0.036752 0.001430 0.999323
vn -0.036752 0.001430 0.999323
vn -0.042580 -0.126331 0.991074
vn -0.196681 -0.122466 0.972789
vn -0.042580 -0.126331 0.991074
vn -0.036752 0.001430 0.999323
vn 0.113952 0.021632 0.993251
vn 0.113952 0.021632 0.993251
vn 0.108346 -0.125115 0.986209
vn -0.042580 -0.126331 0.991074
vn 0.108346 -0.125115 0.986209
vn 0.113952 0.021632 0.993251
vn 0.286679 -0.006108 0.958007
vn 0.286679 -0.006108 0.958007
vn 0.300762 -0.128370 0.945020
vn 0.108346 -0.125115 0.986209
vn 0.300762 -0.128370 0.945020
vn 0.286679 -0.006108 0.958007
vn 0.505644 -0.046806 0.861472
vn 0.505644 -0.046806 0.861472
vn 0.511383 -0.124485 0.850289
vn 0.300762 -0.128370 0.945020
vn 0.511383 -0.124485 0.850289
vn 0.505644 -0.046806 0.861472
vn 0.676000 -0.048335 0.735315
vn 0.790986 -0.060772 0.608808
vn 0.676000 -0.048335 0.735315
vn 0.673965 0.123646 0.728343
vn 0.495219 0.043027 0.867702
vn 0.673965 0.123646 0.728343
vn 0.676000 -0.048335 0.735315
vn 0.676000 -0.048335 0.735315
vn 0.505644 -0.046806 0.861472
vn 0.495219 0.043027 0.867702
vn 0.300378 0.256473 0.918692
vn 0.495219 0.043027 0.867702
vn 0.505644 -0.046806 0.861472
vn 0.505644 -0.046806 0.861472
vn 0.286679 -0.006108 0.958007
vn 0.300378 0.256473 0.918692
vn 0.113952 0.021632 0.993251
vn 0.116623 0.248889 0.961485
vn 0.300378 0.256473 0.918692
vn 0.286679 -0.006108 0.958007
vn -0.017524 0.183155 0.982928
vn 0.116623 0.248889 0.961485
vn 0.113952 0.021632 0.993251
vn 0.113952 0.021632 0.993251
vn -0.036752 0.001430 0.999323
vn -0.017524 0.183155 0.982928
vn -0.165959 0.204109 0.964778
vn -0.017524 0.183155 0.982928
vn -0.036752 0.001430 0.999323
vn -0.338588 0.184418 0.922685
vn -0.265687 -0.696488 0.666569
vn -0.136687 -0.696579 0.704340
vn -0.136687 -0.696579 0.704340
vn -0.165959 0.204109 0.964778
vn -0.338588 0.184418 0.922685
vn -0.165959 0.204109 0.964778
vn -0.136687 -0.696579 0.704340
vn -0.029172 -0.710375 0.703218
vn -0.029172 -0.710375 0.703218
vn -0.017524 0.183155 0.982928
vn -0.165959 0.204109 0.964778
vn -0.017524 0.183155 0.982928
vn -0.029172 -0.710375 0.703218
vn 0.077748 -0.712005 0.697856
vn 0.077748 -0.712005 0.697856
vn 0.116623 0.248889 0.961485
vn -0.017524 0.183155 0.982928
vn 0.116623 0.248889 0.961485
vn 0.077748 -0.712005 0.697856
vn 0.237509 -0.702200 0.671197
vn 0.237509 -0.702200 0.671197
vn 0.300378 0.256473 0.918692
vn 0.116623 0.248889 0.961485
vn 0.300378 0.256473 0.918692
vn 0.237509 -0.702200 0.671197
vn 0.349119 -0.743483 0.570394
vn 0.349119 -0.743483 0.570394
vn 0.495219 0.043027 0.867702
vn 0.300378 0.256473 0.918692
vn -0.110033 -0.951396 -0.287644
vn -0.090311 -0.987741 -0.127327
vn 0.418795 -0.808369 0.413704
vn 0.418795 -0.808369 0.413704
vn 0.349119 -0.743483 0.570394
vn -0.110033 -0.951396 -0.287644
vn -0.077461 -0.970435 -0.228594
vn -0.110033 -0.951396 -0.287644
vn 0.349119 -0.743483 0.570394
vn 0.349119 -0.743483 0.570394
vn 0.237509 -0.702200 0.671197
vn -0.077461 -0.970435 -0.228594
vn -0.022835 -0.942043 -0.334715
vn -0.077461 -0.970435 -0.228594
vn 0.237509 -0.702200 0.671197
vn 0.237509 -0.702200 0.671197
vn 0.077748 -0.712005 0.697856
vn -0.022835 -0.942043 -0.334715
vn -0.019518 -0.962422 -0.270856
vn -0.022835 -0.942043 -0.334715
vn 0.077748 -0.712005 0.697856
vn 0.077748 -0.712005 0.697856
vn -0.029172 -0.710375 0.703218
vn -0.019518 -0.962422 -0.270856
vn 0.049909 -0.956437 -0.287641
vn -0.019518 -0.962422 -0.270856
vn -0.029172 -0.710375 0.703218
vn -0.029172 -0.710375 0.703218
vn -0.136687 -0.696579 0.704340
vn 0.049909 -0.956437 -0.287641
vn -0.068210 -0.986934 -0.145977
vn 0.001826 -0.999933 -0.011422
vn -0.159280 -0.971132 -0.177576
vn -0.159280 -0.971132 -0.177576
vn -0.090311 -0.987741 -0.127327
vn -0.068210 -0.986934 -0.145977
vn -0.090311 -0.987741 -0.127327
vn -0.110033 -0.951396 -0.287644
vn -0.068210 -0.986934 -0.145977
vn -0.014071 -0.996329 -0.084445
vn -0.068210 -0.986934 -0.145977
vn -0.110033 -0.951396 -0.287644
vn -0.110033 -0.951396 -0.287644
vn -0.077461 -0.970435 -0.228594
vn -0.014071 -0.996329 -0.084445
vn -0.077461 -0.970435 -0.228594
vn -0.022835 -0.942043 -0.334715
vn -0.014071 -0.996329 -0.084445
vn 0.003275 -0.984185 -0.177114
vn -0.014071 -0.996329 -0.084445
vn -0.022835 -0.942043 -0.334715
vn -0.022835 -0.942043 -0.334715
vn -0.019518 -0.962422 -0.270856
vn 0.003275 -0.984185 -0.177114
vn -0.019518 -0.962422 -0.270856
vn 0.049909 -0.956437 -0.287641
vn 0.003275 -0.984185 -0.177114
vn 0.008913 -0.999912 -0.009805
vn 0.003275 -0.984185 -0.177114
vn 0.049909 -0.956437 -0.287641
vn -0.255962 -0.965925 -0.038380
vn -0.311985 -0.949817 -0.022649
vn 0.731709 -0.681382 -0.017880
vn 0.731709 -0.681382 -0.017880
vn 0.711156 -0.694020 0.112221
vn -0.255962 -0.965925 -0.038380
vn -0.277842 -0.950945 -0.136041
vn -0.255962 -0.965925 -0.038380
vn 0.711156 -0.694020 0.112221
vn 0.711156 -0.694020 0.112221
vn 0.665787 -0.717075 0.206229
vn -0.277842 -0.950945 -0.136041
vn -0.132120 -0.987748 -0.083055
vn -0.277842 -0.950945 -0.136041
vn 0.665787 -0.717075 0.206229
vn 0.665787 -0.717075 0.206229
vn 0.452212 -0.862063 0.228805
vn -0.159280 -0.971132 -0.177576
vn -0.132120 -0.987748 -0.083055
vn 0.452212 -0.862063 0.228805
vn 0.449748 -0.830899 0.327617
vn -0.159280 -0.971132 -0.177576
vn 0.418795 -0.808369 0.413704
vn -0.090311 -0.987741 -0.127327
vn -0.159280 -0.971132 -0.177576
vn 0.449748 -0.830899 0.327617
vn 0.495219 0.043027 0.867702
vn 0.349119 -0.743483 0.570394
vn 0.418795 -0.808369 0.413704
vn 0.418795 -0.808369 0.413704
vn 0.673965 0.123646 0.728343
vn 0.495219 0.043027 0.867702
vn 0.673965 0.123646 0.728343
vn 0.418795 -0.808369 0.413704
vn 0.449748 -0.830899 0.327617
vn 0.449748 -0.830899 0.327617
vn 0.783874 0.088692 0.614552
vn 0.673965 0.123646 0.728343
vn 0.783874 0.088692 0.614552
vn 0.449748 -0.830899 0.327617
vn 0.452212 -0.862063 0.228805
vn 0.452212 -0.862063 0.228805
vn 0.870791 0.139952 0.471314
vn 0.783874 0.088692 0.614552
vn 0.870791 0.139952 0.471314
vn 0.452212 -0.862063 0.228805
vn 0.665787 -0.717075 0.206229
vn 0.665787 -0.717075 0.206229
vn 0.935831 0.163273 0.312351
vn 0.870791 0.139952 0.471314
vn 0.935831 0.163273 0.312351
vn 0.665787 -0.717075 0.206229
vn 0.711156 -0.694020 0.112221
vn 0.711156 -0.694020 0.112221
vn 0.976889 0.133901 0.166610
vn 0.935831 0.163273 0.312351
vn 0.978919 0.058817 -0.195596
vn 0.998614 0.044719 -0.027744
vn 0.987030 0.159521 -0.018006
vn 0.976889 0.133901 0.166610
vn 0.987030 0.159521 -0.018006
vn 0.998614 0.044719 -0.027744
vn 0.998614 0.044719 -0.027744
vn 0.988063 0.004114 0.153995
vn 0.976889 0.133901 0.166610
vn 0.935831 0.163273 0.312351
vn 0.976889 0.133901 0.166610
vn 0.988063 0.004114 0.153995
vn 0.988063 0.004114 0.153995
vn 0.949129 -0.028153 0.313626
vn 0.935831 0.163273 0.312351
vn 0.870791 0.139952 0.471314
vn 0.935831 0.163273 0.312351
vn 0.949129 -0.028153 0.313626
vn 0.949129 -0.028153 0.313626
vn 0.883956 -0.044888 0.465410
vn 0.870791 0.139952 0.471314
vn 0.783874 0.088692 0.614552
vn 0.870791 0.139952 0.471314
vn 0.883956 -0.044888 0.465410
vn 0.883956 -0.044888 0.465410
vn 0.790986 -0.060772 0.608808
vn 0.783874 0.088692 0.614552
vn 0.673965 0.123646 0.728343
vn 0.783874 0.088692 0.614552
vn 0.790986 -0.060772 0.608808
vn 0.676000 -0.048335 0.735315
vn 0.675979 -0.118920 0.727262
vn 0.511383 -0.124485 0.850289
vn 0.675979 -0.118920 0.727262
vn 0.676000 -0.048335 0.735315
vn 0.790986 -0.060772 0.608808
vn 0.790986 -0.060772 0.608808
vn 0.797790 -0.098125 0.594898
vn 0.675979 -0.118920 0.727262
vn 0.797790 -0.098125 0.594898
vn 0.790986 -0.060772 0.608808
vn 0.883956 -0.044888 0.465410
vn 0.883956 -0.044888 0.465410
vn 0.885116 -0.080875 0.458289
vn 0.797790 -0.098125 0.594898
vn 0.885116 -0.080875 0.458289
vn 0.883956 -0.044888 0.465410
vn 0.949129 -0.028153 0.313626
vn 0.949129 -0.028153 0.313626
vn 0.951488 -0.081762 0.296624
vn 0.885116 -0.080875 0.458289
vn 0.951488 -0.081762 0.296624
vn 0.949129 -0.028153 0.313626
vn 0.988063 0.004114 0.153995
vn 0.988063 0.004114 0.153995
vn 0.988354 -0.077619 0.130887
vn 0.951488 -0.081762 0.296624
vn 0.988354 -0.077619 0.130887
vn 0.988063 0.004114 0.153995
vn 0.998614 0.044719 -0.027744
vn 0.979005 -0.140792 0.147398
vn 0.935082 -0.132449 0.328752
vn 0.951488 -0.081762 0.296624
vn 0.885116 -0.080875 0.458289
vn 0.951488 -0.081762 0.296624
vn 0.935082 -0.132449 0.328752
vn 0.935082 -0.132449 0.328752
vn 0.889162 -0.120293 0.441498
vn 0.885116 -0.080875 0.458289
vn 0.797790 -0.098125 0.594898
vn 0.885116 -0.080875 0.458289
vn 0.889162 -0.120293 0.441498
vn 0.889162 -0.120293 0.441498
vn 0.827819 -0.114045 0.549281
vn 0.797790 -0.098125 0.594898
vn 0.675979 -0.118920 0.727262
vn 0.797790 -0.098125 0.594898
vn 0.827819 -0.114045 0.549281
vn 0.827819 -0.114045 0.549281
vn 0.678373 -0.111786 0.726164
vn 0.675979 -0.118920 0.727262
vn 0.511383 -0.124485 0.850289
vn 0.675979 -0.118920 0.727262
vn 0.678373 -0.111786 0.726164
vn 0.678373 -0.111786 0.726164
vn 0.494228 -0.111366 0.862170
vn 0.511383 -0.124485 0.850289
vn 0.300762 -0.128370 0.945020
vn 0.511383 -0.124485 0.850289
vn 0.494228 -0.111366 0.862170
vn 0.979005 -0.140792 0.147398
vn 0.962750 -0.198174 0.183957
vn 0.920378 -0.184800 0.344605
vn 0.920378 -0.184800 0.344605
vn 0.935082 -0.132449 0.328752
vn 0.979005 -0.140792 0.147398
vn 0.935082 -0.132449 0.328752
vn 0.920378 -0.184800 0.344605
vn 0.845160 -0.176712 0.504458
vn 0.845160 -0.176712 0.504458
vn 0.889162 -0.120293 0.441498
vn 0.935082 -0.132449 0.328752
vn 0.889162 -0.120293 0.441498
vn 0.845160 -0.176712 0.504458
vn 0.762212 -0.153003 0.628986
vn 0.762212 -0.153003 0.628986
vn 0.827819 -0.114045 0.549281
vn 0.889162 -0.120293 0.441498
vn 0.827819 -0.114045 0.549281
vn 0.762212 -0.153003 0.628986
vn 0.635130 -0.121368 0.762811
vn 0.635130 -0.121368 0.762811
vn 0.678373 -0.111786 0.726164
vn 0.827819 -0.114045 0.549281
vn 0.678373 -0.111786 0.726164
vn 0.635130 -0.121368 0.762811
vn 0.476805 -0.110568 0.872027
vn 0.476805 -0.110568 0.872027
vn 0.494228 -0.111366 0.862170
vn 0.678373 -0.111786 0.726164
vn 0.264470 -0.202758 0.942839
vn 0.267181 -0.102863 0.958141
vn 0.476805 -0.110568 0.872027
vn 0.476805 -0.110568 0.872027
vn 0.434882 -0.307150 0.846485
vn 0.264470 -0.202758 0.942839
vn 0.434882 -0.307150 0.846485
vn 0.476805 -0.110568 0.872027
vn 0.635130 -0.121368 0.762811
vn 0.635130 -0.121368 0.762811
vn 0.608656 -0.303974 0.732897
vn 0.434882 -0.307150 0.846485
vn 0.608656 -0.303974 0.732897
vn 0.635130 -0.121368 0.762811
vn 0.762212 -0.153003 0.628986
vn 0.762212 -0.153003 0.628986
vn 0.699970 -0.378311 0.605742
vn 0.608656 -0.303974 0.732897
vn 0.699970 -0.378311 0.605742
vn 0.762212 -0.153003 0.628986
vn 0.845160 -0.176712 0.504458
vn 0.845160 -0.176712 0.504458
vn 0.792714 -0.384644 0.472920
vn 0.699970 -0.378311 0.605742
vn 0.792714 -0.384644 0.472920
vn 0.845160 -0.176712 0.504458
vn 0.920378 -0.184800 0.344605
vn 0.920378 -0.184800 0.344605
vn 0.872434 -0.366632 0.323172
vn 0.792714 -0.384644 0.472920
vn -0.022577 -0.202961 0.978927
vn -0.028345 -0.240118 0.970330
vn 0.084307 -0.245702 0.965672
vn 0.084307 -0.245702 0.965672
vn 0.091210 -0.242067 0.965963
vn -0.022577 -0.202961 0.978927
vn 0.091210 -0.242067 0.965963
vn 0.084307 -0.245702 0.965672
vn 0.264470 -0.202758 0.942839
vn 0.264470 -0.202758 0.942839
vn 0.263398 -0.189893 0.945813
vn 0.091210 -0.242067 0.965963
vn 0.263398 -0.189893 0.945813
vn 0.264470 -0.202758 0.942839
vn 0.434882 -0.307150 0.846485
vn 0.434882 -0.307150 0.846485
vn 0.434026 -0.273706 0.858316
vn 0.263398 -0.189893 0.945813
vn 0.434026 -0.273706 0.858316
vn 0.434882 -0.307150 0.846485
vn 0.608656 -0.303974 0.732897
vn 0.608656 -0.303974 0.732897
vn 0.600455 -0.280692 0.748776
vn 0.434026 -0.273706 0.858316
vn 0.600455 -0.280692 0.748776
vn 0.608656 -0.303974 0.732897
vn 0.699970 -0.378311 0.605742
vn 0.699970 -0.378311 0.605742
vn 0.706643 -0.330242 0.625776
vn 0.600455 -0.280692 0.748776
vn 0.453111 0.180995 0.872887
vn 0.434026 -0.273706 0.858316
vn 0.600455 -0.280692 0.748776
vn 0.434026 -0.273706 0.858316
vn 0.453111 0.180995 0.872887
vn 0.278486 0.221005 0.934667
vn 0.278486 0.221005 0.934667
vn 0.263398 -0.189893 0.945813
vn 0.434026 -0.273706 0.858316
vn 0.263398 -0.189893 0.945813
vn 0.278486 0.221005 0.934667
vn 0.106900 0.192139 0.975528
vn 0.106900 0.192139 0.975528
vn 0.091210 -0.242067 0.965963
vn 0.263398 -0.189893 0.945813
vn 0.091210 -0.242067 0.965963
vn 0.106900 0.192139 0.975528
vn -0.021062 0.197043 0.980169
vn -0.021062 0.197043 0.980169
vn -0.022577 -0.202961 0.978927
vn 0.091210 -0.242067 0.965963
vn -0.022577 -0.202961 0.978927
vn -0.021062 0.197043 0.980169
vn -0.123399 0.140117 0.982415
vn -0.123399 0.140117 0.982415
vn -0.118731 -0.265454 0.956785
vn -0.022577 -0.202961 0.978927
vn -0.118731 -0.265454 0.956785
vn -0.123399 0.140117 0.982415
vn -0.257392 0.100495 0.961067
vn 0.268301 0.061430 0.961374
vn 0.278486 0.221005 0.934667
vn 0.453111 0.180995 0.872887
vn 0.278486 0.221005 0.934667
vn 0.268301 0.061430 0.961374
vn 0.099447 0.097817 0.990223
vn 0.099447 0.097817 0.990223
vn 0.106900 0.192139 0.975528
vn 0.278486 0.221005 0.934667
vn 0.106900 0.192139 0.975528
vn 0.099447 0.097817 0.990223
vn 0.013680 0.024555 0.999605
vn 0.013680 0.024555 0.999605
vn -0.021062 0.197043 0.980169
vn 0.106900 0.192139 0.975528
vn -0.021062 0.197043 0.980169
vn 0.013680 0.024555 0.999605
vn -0.105451 0.034311 0.993832
vn -0.105451 0.034311 0.993832
vn -0.123399 0.140117 0.982415
vn -0.021062 0.197043 0.980169
vn -0.123399 0.140117 0.982415
vn -0.105451 0.034311 0.993832
vn -0.245435 0.017794 0.969250
vn -0.245435 0.017794 0.969250
vn -0.257392 0.100495 0.961067
vn -0.123399 0.140117 0.982415
vn -0.257392 0.100495 0.961067
vn -0.245435 0.017794 0.969250
vn -0.453302 0.003708 0.891349
vn -0.464307 -0.085443 0.881543
vn -0.668342 -0.053234 0.741947
vn -0.664084 0.038187 0.746682
vn -0.664084 0.038187 0.746682
vn -0.453302 0.003708 0.891349
vn -0.464307 -0.085443 0.881543
vn -0.231733 -0.108158 0.966748
vn -0.464307 -0.085443 0.881543
vn -0.453302 0.003708 0.891349
vn -0.453302 0.003708 0.891349
vn -0.245435 0.017794 0.969250
vn -0.231733 -0.108158 0.966748
vn -0.089166 -0.111311 0.989777
vn -0.231733 -0.108158 0.966748
vn -0.245435 0.017794 0.969250
vn -0.245435 0.017794 0.969250
vn -0.105451 0.034311 0.993832
vn -0.089166 -0.111311 0.989777
vn 0.035880 -0.094264 0.994900
vn -0.089166 -0.111311 0.989777
vn -0.105451 0.034311 0.993832
vn -0.105451 0.034311 0.993832
vn 0.013680 0.024555 0.999605
vn 0.035880 -0.094264 0.994900
vn 0.100256 -0.058077 0.993265
vn 0.111735 -0.180800 0.977152
vn 0.035880 -0.094264 0.994900
vn 0.013680 0.024555 0.999605
vn 0.013680 0.024555 0.999605
vn 0.099447 0.097817 0.990223
vn 0.100256 -0.058077 0.993265
vn -0.231733 -0.108158 0.966748
vn -0.089166 -0.111311 0.989777
vn -0.077297 -0.271202 0.959414
vn 0.032044 -0.260713 0.964884
vn -0.077297 -0.271202 0.959414
vn -0.089166 -0.111311 0.989777
vn -0.089166 -0.111311 0.989777
vn 0.035880 -0.094264 0.994900
vn 0.032044 -0.260713 0.964884
vn 0.111735 -0.180800 0.977152
vn 0.032044 -0.260713 0.964884
vn 0.035880 -0.094264 0.994900
vn 0.220255 -0.208890 0.952813
vn 0.111735 -0.180800 0.977152
vn 0.100256 -0.058077 0.993265
vn 0.100256 -0.058077 0.993265
vn 0.238887 -0.063189 0.968989
vn 0.220255 -0.208890 0.952813
vn 0.428151 -0.266232 0.863601
vn 0.220255 -0.208890 0.952813
vn 0.238887 -0.063189 0.968989
vn 0.238887 -0.063189 0.968989
vn 0.439484 -0.087258 0.894002
vn 0.428151 -0.266232 0.863601
vn 0.562258 -0.275403 0.779756
vn 0.428151 -0.266232 0.863601
vn 0.439484 -0.087258 0.894002
vn 0.220255 -0.208890 0.952813
vn 0.209800 -0.326394 0.921657
vn 0.126763 -0.327340 0.936365
vn 0.126763 -0.327340 0.936365
vn 0.111735 -0.180800 0.977152
vn 0.220255 -0.208890 0.952813
vn 0.111735 -0.180800 0.977152
vn 0.126763 -0.327340 0.936365
vn 0.052308 -0.379012 0.923912
vn 0.052308 -0.379012 0.923912
vn 0.032044 -0.260713 0.964884
vn 0.111735 -0.180800 0.977152
vn 0.032044 -0.260713 0.964884
vn 0.052308 -0.379012 0.923912
vn -0.081716 -0.451836 0.888351
vn -0.081716 -0.451836 0.888351
vn -0.077297 -0.271202 0.959414
vn 0.032044 -0.260713 0.964884
vn -0.077297 -0.271202 0.959414
vn -0.081716 -0.451836 0.888351
vn -0.252903 -0.383938 0.888049
vn -0.252903 -0.383938 0.888049
vn -0.241067 -0.235575 0.941483
vn -0.077297 -0.271202 0.959414
vn -0.241067 -0.235575 0.941483
vn -0.252903 -0.383938 0.888049
vn -0.471883 -0.316216 0.823003
vn -0.471883 -0.316216 0.823003
vn -0.479576 -0.198020 0.854866
vn -0.241067 -0.235575 0.941483
vn 0.126763 -0.327340 0.936365
vn 0.134204 0.150283 0.979492
vn 0.074996 0.142971 0.986881
vn 0.074996 0.142971 0.986881
vn 0.052308 -0.379012 0.923912
vn 0.126763 -0.327340 0.936365
vn 0.052308 -0.379012 0.923912
vn 0.074996 0.142971 0.986881
vn -0.095766 0.018888 0.995225
vn -0.095766 0.018888 0.995225
vn -0.081716 -0.451836 0.888351
vn 0.052308 -0.379012 0.923912
vn -0.081716 -0.451836 0.888351
vn -0.095766 0.018888 0.995225
vn -0.284192 0.089571 0.954574
vn -0.284192 0.089571 0.954574
vn -0.252903 -0.383938 0.888049
vn -0.081716 -0.451836 0.888351
vn -0.252903 -0.383938 0.888049
vn -0.284192 0.089571 0.954574
vn -0.484653 0.163769 0.859239
vn -0.484653 0.163769 0.859239
vn -0.471883 -0.316216 0.823003
vn -0.252903 -0.383938 0.888049
vn -0.471883 -0.316216 0.823003
vn -0.484653 0.163769 0.859239
vn -0.676898 0.087199 0.730894
vn -0.676898 0.087199 0.730894
vn -0.660621 -0.265487 0.702208
vn -0.471883 -0.316216 0.823003
vn -0.083903 -0.033834 0.995899
vn -0.095766 0.018888 0.995225
vn 0.074996 0.142971 0.986881
vn -0.095766 0.018888 0.995225
vn -0.083903 -0.033834 0.995899
vn -0.306476 0.017713 0.951713
vn -0.306476 0.017713 0.951713
vn -0.284192 0.089571 0.954574
vn -0.095766 0.018888 0.995225
vn -0.284192 0.089571 0.954574
vn -0.306476 0.017713 0.951713
vn -0.524079 -0.021047 0.851409
vn -0.524079 -0.021047 0.851409
vn -0.484653 0.163769 0.859239
vn -0.284192 0.089571 0.954574
vn -0.484653 0.163769 0.859239
vn -0.524079 -0.021047 0.851409
vn -0.642637 -0.027857 0.765664
vn -0.642637 -0.027857 0.765664
vn -0.676898 0.087199 0.730894
vn -0.484653 0.163769 0.859239
vn -0.676898 0.087199 0.730894
vn -0.642637 -0.027857 0.765664
vn -0.776149 -0.012550 0.630424
vn -0.776149 -0.012550 0.630424
vn -0.787046 0.043200 0.615380
vn -0.676898 0.087199 0.730894
vn -0.787046 0.043200 0.615380
vn -0.776149 -0.012550 0.630424
vn -0.878655 0.046162 0.475221
vn -0.776149 -0.012550 0.630424
vn -0.642637 -0.027857 0.765664
vn -0.625721 -0.170620 0.761158
vn -0.524079 -0.021047 0.851409
vn -0.498911 -0.181087 0.847523
vn -0.625721 -0.170620 0.761158
vn -0.642637 -0.027857 0.765664
vn -0.306934 -0.203093 0.929809
vn -0.498911 -0.181087 0.847523
vn -0.524079 -0.021047 0.851409
vn -0.524079 -0.021047 0.851409
vn -0.306476 0.017713 0.951713
vn -0.306934 -0.203093 0.929809
vn -0.105468 -0.240573 0.964884
vn -0.306934 -0.203093 0.929809
vn -0.306476 0.017713 0.951713
vn -0.306476 0.017713 0.951713
vn -0.083903 -0.033834 0.995899
vn -0.105468 -0.240573 0.964884
vn 0.103842 -0.270744 0.957034
vn -0.105468 -0.240573 0.964884
vn -0.083903 -0.033834 0.995899
vn -0.083903 -0.033834 0.995899
vn 0.100798 -0.012982 0.994822
vn 0.103842 -0.270744 0.957034
vn 0.186066 -0.229613 0.955331
vn 0.103842 -0.270744 0.957034
vn 0.100798 -0.012982 0.994822
vn -0.693852 -0.172415 0.699173
vn -0.681127 -0.395528 0.616136
vn -0.796064 -0.099867 0.596916
vn -0.610308 -0.299408 0.733402
vn -0.681127 -0.395528 0.616136
vn -0.693852 -0.172415 0.699173
vn -0.610308 -0.299408 0.733402
vn -0.693852 -0.172415 0.699173
vn -0.625721 -0.170620 0.761158
vn -0.493627 -0.293621 0.818608
vn -0.610308 -0.299408 0.733402
vn -0.625721 -0.170620 0.761158
vn -0.625721 -0.170620 0.761158
vn -0.498911 -0.181087 0.847523
vn -0.493627 -0.293621 0.818608
vn -0.337632 -0.311051 0.888399
vn -0.493627 -0.293621 0.818608
vn -0.498911 -0.181087 0.847523
vn -0.498911 -0.181087 0.847523
vn -0.306934 -0.203093 0.929809
vn -0.337632 -0.311051 0.888399
vn -0.173317 -0.338630 0.924819
vn -0.337632 -0.311051 0.888399
vn -0.306934 -0.203093 0.929809
vn -0.306934 -0.203093 0.929809
vn -0.105468 -0.240573 0.964884
vn -0.173317 -0.338630 0.924819
vn 0.037513 -0.370430 0.928102
vn -0.173317 -0.338630 0.924819
vn -0.105468 -0.240573 0.964884
vn -0.947356 0.004571 0.320148
vn -0.878655 0.046162 0.475221
vn -0.868567 -0.162695 0.468105
vn -0.868567 -0.162695 0.468105
vn -0.878655 0.046162 0.475221
vn -0.776149 -0.012550 0.630424
vn -0.776149 -0.012550 0.630424
vn -0.742516 -0.197198 0.640143
vn -0.868567 -0.162695 0.468105
vn -0.625721 -0.170620 0.761158
vn -0.742516 -0.197198 0.640143
vn -0.776149 -0.012550 0.630424
vn -0.693852 -0.172415 0.699173
vn -0.742516 -0.197198 0.640143
vn -0.625721 -0.170620 0.761158
vn -0.742516 -0.197198 0.640143
vn -0.693852 -0.172415 0.699173
vn -0.727762 -0.189379 0.659164
vn -0.796064 -0.099867 0.596916
vn -0.727762 -0.189379 0.659164
vn -0.693852 -0.172415 0.699173
vn -0.807159 -0.171750 0.564798
vn -0.727762 -0.189379 0.659164
vn -0.796064 -0.099867 0.596916
vn -0.796064 -0.099867 0.596916
vn -0.815988 -0.037386 0.576858
vn -0.807159 -0.171750 0.564798
vn -0.796490 -0.262227 0.544831
vn -0.849312 -0.243251 0.468506
vn -0.868567 -0.162695 0.468105
vn -0.868567 -0.162695 0.468105
vn -0.742516 -0.197198 0.640143
vn -0.796490 -0.262227 0.544831
vn -0.727762 -0.189379 0.659164
vn -0.796490 -0.262227 0.544831
vn -0.742516 -0.197198 0.640143
vn -0.727762 -0.189379 0.659164
vn -0.807159 -0.171750 0.564798
vn -0.753729 -0.286615 0.591392
vn -0.753729 -0.286615 0.591392
vn -0.796490 -0.262227 0.544831
vn -0.727762 -0.189379 0.659164
vn -0.796490 -0.262227 0.544831
vn -0.753729 -0.286615 0.591392
vn -0.788970 -0.390105 0.474704
vn -0.788970 -0.390105 0.474704
vn -0.849312 -0.243251 0.468506
vn -0.796490 -0.262227 0.544831
vn -0.849312 -0.243251 0.468506
vn -0.788970 -0.390105 0.474704
vn -0.882130 -0.345598 0.320015
vn -0.882130 -0.345598 0.320015
vn -0.898828 -0.253538 0.357528
vn -0.849312 -0.243251 0.468506
vn -0.868567 -0.162695 0.468105
vn -0.849312 -0.243251 0.468506
vn -0.898828 -0.253538 0.357528
vn -0.898828 -0.253538 0.357528
vn -0.941294 -0.155790 0.299491
vn -0.868567 -0.162695 0.468105
vn -0.868567 -0.162695 0.468105
vn -0.941294 -0.155790 0.299491
vn -0.947356 0.004571 0.320148
vn -0.988211 0.025784 0.150912
vn -0.947356 0.004571 0.320148
vn -0.941294 -0.155790 0.299491
vn -0.946811 -0.150919 0.284206
vn -0.956562 -0.149864 0.250059
vn -0.898828 -0.253538 0.357528
vn -0.898828 -0.253538 0.357528
vn -0.882130 -0.345598 0.320015
vn -0.946811 -0.150919 0.284206
vn -0.946811 -0.150919 0.284206
vn -0.882130 -0.345598 0.320015
vn 0.882383 0.470095 0.020287
vn 0.778359 0.560661 -0.282517
vn 0.882383 0.470095 0.020287
vn -0.882130 -0.345598 0.320015
vn -0.882130 -0.345598 0.320015
vn -0.788970 -0.390105 0.474704
vn 0.778359 0.560661 -0.282517
vn 0.498652 0.488756 -0.715866
vn 0.778359 0.560661 -0.282517
vn -0.788970 -0.390105 0.474704
vn -0.788970 -0.390105 0.474704
vn -0.753729 -0.286615 0.591392
vn 0.498652 0.488756 -0.715866
vn 0.516828 0.146774 -0.843414
vn 0.498652 0.488756 -0.715866
vn -0.753729 -0.286615 0.591392
vn -0.753729 -0.286615 0.591392
vn -0.807159 -0.171750 0.564798
vn 0.516828 0.146774 -0.843414
vn 0.666710 -0.218787 -0.712481
vn 0.516828 0.146774 -0.843414
vn -0.807159 -0.171750 0.564798
vn -0.807159 -0.171750 0.564798
vn -0.815988 -0.037386 0.576858
vn 0.666710 -0.218787 -0.712481
vn 0.799242 -0.257133 -0.543227
vn 0.666710 -0.218787 -0.712481
vn -0.815988 -0.037386 0.576858
vn -0.815988 -0.037386 0.576858
vn -0.897967 -0.018638 0.439669
vn 0.799242 -0.257133 -0.543227
vn 0.978396 -0.165980 -0.123258
vn 0.799242 -0.257133 -0.543227
vn -0.897967 -0.018638 0.439669
vn -0.897967 -0.018638 0.439669
vn -0.901540 -0.153523 0.404545
vn 0.978396 -0.165980 -0.123258
vn 0.989525 0.125668 0.071043
vn 0.978396 -0.165980 -0.123258
vn -0.901540 -0.153523 0.404545
vn -0.901540 -0.153523 0.404545
vn -0.946811 -0.150919 0.284206
vn 0.989525 0.125668 0.071043
vn 0.882383 0.470095 0.020287
vn 0.989525 0.125668 0.071043
vn -0.946811 -0.150919 0.284206
vn -0.956750 -0.263850 0.122525
vn -0.965186 -0.133599 0.224871
vn -0.871514 -0.420943 0.251536
vn -0.871514 -0.420943 0.251536
vn -0.965186 -0.133599 0.224871
vn -0.956562 -0.149864 0.250059
vn -0.956562 -0.149864 0.250059
vn -0.935691 -0.077237 0.344263
vn -0.871514 -0.420943 0.251536
vn -0.935691 -0.077237 0.344263
vn -0.956562 -0.149864 0.250059
vn -0.946811 -0.150919 0.284206
vn -0.946811 -0.150919 0.284206
vn -0.901540 -0.153523 0.404545
vn -0.935691 -0.077237 0.344263
vn -0.935691 -0.077237 0.344263
vn -0.901540 -0.153523 0.404545
vn -0.897967 -0.018638 0.439669
vn -0.897967 -0.018638 0.439669
vn -0.873982 -0.082481 0.478907
vn -0.935691 -0.077237 0.344263
vn -0.873982 -0.082481 0.478907
vn -0.897967 -0.018638 0.439669
vn -0.815988 -0.037386 0.576858
vn -0.815988 -0.037386 0.576858
vn -0.796064 -0.099867 0.596916
vn -0.873982 -0.082481 0.478907
vn -0.873982 -0.082481 0.478907
vn -0.796064 -0.099867 0.596916
vn -0.681127 -0.395528 0.616136
vn -0.871514 -0.420943 0.251536
vn -0.935691 -0.077237 0.344263
vn -0.873982 -0.082481 0.478907
vn -0.873982 -0.082481 0.478907
vn -0.756555 -0.496731 0.425303
vn -0.871514 -0.420943 0.251536
vn -0.681127 -0.395528 0.616136
vn -0.756555 -0.496731 0.425303
vn -0.873982 -0.082481 0.478907
vn -0.960584 0.148281 -0.235140
vn -0.964100 0.091935 -0.249118
vn -0.921793 0.091252 -0.376791
vn -0.921793 0.091252 -0.376791
vn -0.964100 0.091935 -0.249118
vn -0.969909 -0.076600 -0.231105
vn -0.994367 -0.092408 -0.051914
vn -0.969909 -0.076600 -0.231105
vn -0.964100 0.091935 -0.249118
vn -0.969909 -0.076600 -0.231105
vn -0.994367 -0.092408 -0.051914
vn -0.974015 -0.220939 -0.049798
vn -0.956750 -0.263850 0.122525
vn -0.974015 -0.220939 -0.049798
vn -0.994367 -0.092408 -0.051914
vn -0.994367 -0.092408 -0.051914
vn -0.984683 -0.116531 0.129690
vn -0.956750 -0.263850 0.122525
vn -0.956750 -0.263850 0.122525
vn -0.984683 -0.116531 0.129690
vn -0.965186 -0.133599 0.224871
vn -0.984683 -0.116531 0.129690
vn -0.941294 -0.155790 0.299491
vn -0.965186 -0.133599 0.224871
vn -0.956562 -0.149864 0.250059
vn -0.965186 -0.133599 0.224871
vn -0.941294 -0.155790 0.299491
vn -0.941294 -0.155790 0.299491
vn -0.898828 -0.253538 0.357528
vn -0.956562 -0.149864 0.250059
vn -0.974015 -0.220939 -0.049798
vn -0.952123 -0.201622 -0.229805
vn -0.969909 -0.076600 -0.231105
vn -0.941294 -0.155790 0.299491
vn -0.984683 -0.116531 0.129690
vn -0.988211 0.025784 0.150912
vn -0.995659 0.067222 -0.064373
vn -0.988211 0.025784 0.150912
vn -0.984683 -0.116531 0.129690
vn -0.984683 -0.116531 0.129690
vn -0.994367 -0.092408 -0.051914
vn -0.995659 0.067222 -0.064373
vn -0.964100 0.091935 -0.249118
vn -0.995659 0.067222 -0.064373
vn -0.994367 -0.092408 -0.051914
vn -0.952123 -0.201622 -0.229805
vn -0.907366 -0.174994 -0.382183
vn -0.917513 -0.064679 -0.392412
vn -0.917513 -0.064679 -0.392412
vn -0.969909 -0.076600 -0.231105
vn -0.952123 -0.201622 -0.229805
vn -0.969909 -0.076600 -0.231105
vn -0.917513 -0.064679 -0.392412
vn -0.921793 0.091252 -0.376791
vn -0.907366 -0.174994 -0.382183
vn -0.836345 -0.177127 -0.518800
vn -0.841653 -0.042256 -0.538362
vn -0.841653 -0.042256 -0.538362
vn -0.917513 -0.064679 -0.392412
vn -0.907366 -0.174994 -0.382183
vn -0.917513 -0.064679 -0.392412
vn -0.841653 -0.042256 -0.538362
vn -0.850692 0.122941 -0.511085
vn -0.850692 0.122941 -0.511085
vn -0.921793 0.091252 -0.376791
vn -0.917513 -0.064679 -0.392412
vn -0.908196 0.199478 -0.367951
vn -0.921793 0.091252 -0.376791
vn -0.850692 0.122941 -0.511085
vn -0.836345 -0.177127 -0.518800
vn -0.744313 -0.197195 -0.638054
vn -0.735715 -0.036451 -0.676310
vn -0.735715 -0.036451 -0.676310
vn -0.841653 -0.042256 -0.538362
vn -0.836345 -0.177127 -0.518800
vn -0.841653 -0.042256 -0.538362
vn -0.735715 -0.036451 -0.676310
vn -0.727977 0.228508 -0.646401
vn -0.727977 0.228508 -0.646401
vn -0.850692 0.122941 -0.511085
vn -0.841653 -0.042256 -0.538362
vn -0.850288 0.173102 -0.497037
vn -0.850692 0.122941 -0.511085
vn -0.727977 0.228508 -0.646401
vn -0.850692 0.122941 -0.511085
vn -0.850288 0.173102 -0.497037
vn -0.908196 0.199478 -0.367951
vn -0.891618 -0.238425 -0.384931
vn -0.908196 0.199478 -0.367951
vn -0.850288 0.173102 -0.497037
vn -0.744313 -0.197195 -0.638054
vn -0.630709 -0.241645 -0.737437
vn -0.613837 -0.048662 -0.787932
vn -0.613837 -0.048662 -0.787932
vn -0.735715 -0.036451 -0.676310
vn -0.744313 -0.197195 -0.638054
vn -0.735715 -0.036451 -0.676310
vn -0.613837 -0.048662 -0.787932
vn -0.605875 0.252637 -0.754380
vn -0.605875 0.252637 -0.754380
vn -0.727977 0.228508 -0.646401
vn -0.735715 -0.036451 -0.676310
vn -0.596979 0.301959 -0.743261
vn -0.711758 0.319569 -0.625521
vn -0.727977 0.228508 -0.646401
vn -0.605875 0.252637 -0.754380
vn -0.727977 0.228508 -0.646401
vn -0.711758 0.319569 -0.625521
vn -0.850288 0.173102 -0.497037
vn -0.805454 -0.271037 -0.527050
vn -0.850288 0.173102 -0.497037
vn -0.711758 0.319569 -0.625521
vn -0.850288 0.173102 -0.497037
vn -0.805454 -0.271037 -0.527050
vn -0.891618 -0.238425 -0.384931
vn -0.904251 -0.172366 -0.390667
vn -0.891618 -0.238425 -0.384931
vn -0.805454 -0.271037 -0.527050
vn -0.805454 -0.271037 -0.527050
vn -0.823929 -0.163901 -0.542473
vn -0.904251 -0.172366 -0.390667
vn -0.703562 -0.271398 -0.656768
vn -0.707411 -0.223296 -0.670604
vn -0.823929 -0.163901 -0.542473
vn -0.823929 -0.163901 -0.542473
vn -0.707411 -0.223296 -0.670604
vn -0.703550 -0.074227 -0.706759
vn -0.823929 -0.163901 -0.542473
vn -0.805454 -0.271037 -0.527050
vn -0.703562 -0.271398 -0.656768
vn -0.711758 0.319569 -0.625521
vn -0.703562 -0.271398 -0.656768
vn -0.805454 -0.271037 -0.527050
vn -0.703562 -0.271398 -0.656768
vn -0.711758 0.319569 -0.625521
vn -0.596979 0.301959 -0.743261
vn -0.596979 0.301959 -0.743261
vn -0.556890 -0.295362 -0.776295
vn -0.703562 -0.271398 -0.656768
vn -0.707411 -0.223296 -0.670604
vn -0.703562 -0.271398 -0.656768
vn -0.556890 -0.295362 -0.776295
vn -0.556890 -0.295362 -0.776295
vn -0.570650 -0.210485 -0.793760
vn -0.707411 -0.223296 -0.670604
vn -0.707411 -0.223296 -0.670604
vn -0.570650 -0.210485 -0.793760
vn -0.591205 -0.079114 -0.802632
vn -0.591205 -0.079114 -0.802632
vn -0.703550 -0.074227 -0.706759
vn -0.707411 -0.223296 -0.670604
vn -0.690840 0.033911 -0.722212
vn -0.703550 -0.074227 -0.706759
vn -0.591205 -0.079114 -0.802632
vn -0.603396 0.029178 -0.796907
vn -0.904251 -0.172366 -0.390667
vn -0.823929 -0.163901 -0.542473
vn -0.833822 -0.037801 -0.550737
vn -0.703550 -0.074227 -0.706759
vn -0.833822 -0.037801 -0.550737
vn -0.823929 -0.163901 -0.542473
vn -0.833822 -0.037801 -0.550737
vn -0.703550 -0.074227 -0.706759
vn -0.690840 0.033911 -0.722212
vn -0.589194 0.144814 -0.794908
vn -0.695992 0.169068 -0.697861
vn -0.690840 0.033911 -0.722212
vn -0.603396 0.029178 -0.796907
vn -0.680085 -0.263494 -0.684145
vn -0.695992 0.169068 -0.697861
vn -0.589194 0.144814 -0.794908
vn -0.589194 0.144814 -0.794908
vn -0.520790 -0.325478 -0.789203
vn -0.680085 -0.263494 -0.684145
vn -0.664558 -0.295670 -0.686252
vn -0.680085 -0.263494 -0.684145
vn -0.520790 -0.325478 -0.789203
vn -0.520790 -0.325478 -0.789203
vn -0.501081 -0.356689 -0.788474
vn -0.664558 -0.295670 -0.686252
vn -0.834005 -0.118914 -0.538790
vn -0.736664 -0.109010 -0.667415
vn -0.720727 -0.103933 -0.685384
vn -0.689199 -0.107682 -0.716526
vn -0.736664 -0.109010 -0.667415
vn -0.834005 -0.118914 -0.538790
vn -0.834005 -0.118914 -0.538790
vn -0.843204 -0.111506 -0.525903
vn -0.689199 -0.107682 -0.716526
vn -0.664558 -0.295670 -0.686252
vn -0.689199 -0.107682 -0.716526
vn -0.843204 -0.111506 -0.525903
vn -0.843204 -0.111506 -0.525903
vn -0.795636 -0.328418 -0.509023
vn -0.664558 -0.295670 -0.686252
vn -0.680085 -0.263494 -0.684145
vn -0.664558 -0.295670 -0.686252
vn -0.795636 -0.328418 -0.509023
vn -0.795636 -0.328418 -0.509023
vn -0.781786 -0.352436 -0.514392
vn -0.680085 -0.263494 -0.684145
vn -0.695992 0.169068 -0.697861
vn -0.680085 -0.263494 -0.684145
vn -0.781786 -0.352436 -0.514392
vn -0.781786 -0.352436 -0.514392
vn -0.855832 0.136551 -0.498905
vn -0.695992 0.169068 -0.697861
vn -0.690840 0.033911 -0.722212
vn -0.695992 0.169068 -0.697861
vn -0.855832 0.136551 -0.498905
vn -0.689199 -0.107682 -0.716526
vn -0.664558 -0.295670 -0.686252
vn -0.501081 -0.356689 -0.788474
vn -0.501081 -0.356689 -0.788474
vn -0.558520 -0.092365 -0.824332
vn -0.689199 -0.107682 -0.716526
vn -0.736664 -0.109010 -0.667415
vn -0.689199 -0.107682 -0.716526
vn -0.558520 -0.092365 -0.824332
vn -0.558520 -0.092365 -0.824332
vn -0.581352 -0.094280 -0.808172
vn -0.736664 -0.109010 -0.667415
vn -0.736664 -0.109010 -0.667415
vn -0.581352 -0.094280 -0.808172
vn -0.602098 -0.095958 -0.792635
vn -0.952126 0.240307 -0.188966
vn -0.978526 0.014772 -0.205595
vn -0.931736 0.054474 -0.359027
vn -0.915169 0.206276 -0.346290
vn -0.847550 0.153028 -0.508174
vn -0.915169 0.206276 -0.346290
vn -0.931736 0.054474 -0.359027
vn -0.931736 0.054474 -0.359027
vn -0.848088 0.065001 -0.525854
vn -0.847550 0.153028 -0.508174
vn -0.722916 0.165591 -0.670800
vn -0.847550 0.153028 -0.508174
vn -0.848088 0.065001 -0.525854
vn -0.848088 0.065001 -0.525854
vn -0.721703 0.087897 -0.686600
vn -0.722916 0.165591 -0.670800
vn -0.603107 0.147559 -0.783893
vn -0.722916 0.165591 -0.670800
vn -0.721703 0.087897 -0.686600
vn -0.721703 0.087897 -0.686600
vn -0.606611 0.116390 -0.786433
vn -0.603107 0.147559 -0.783893
vn -0.602098 -0.095958 -0.792635
vn -0.606611 0.116390 -0.786433
vn -0.721703 0.087897 -0.686600
vn -0.721703 0.087897 -0.686600
vn -0.720727 -0.103933 -0.685384
vn -0.602098 -0.095958 -0.792635
vn -0.602098 -0.095958 -0.792635
vn -0.720727 -0.103933 -0.685384
vn -0.736664 -0.109010 -0.667415
vn -0.855832 0.136551 -0.498905
vn -0.781786 -0.352436 -0.514392
vn -0.861040 -0.359574 -0.359606
vn -0.866308 -0.344946 -0.361279
vn -0.861040 -0.359574 -0.359606
vn -0.781786 -0.352436 -0.514392
vn -0.781786 -0.352436 -0.514392
vn -0.795636 -0.328418 -0.509023
vn -0.866308 -0.344946 -0.361279
vn -0.923843 -0.108176 -0.367167
vn -0.866308 -0.344946 -0.361279
vn -0.795636 -0.328418 -0.509023
vn -0.795636 -0.328418 -0.509023
vn -0.843204 -0.111506 -0.525903
vn -0.923843 -0.108176 -0.367167
vn -0.906447 -0.122288 -0.404228
vn -0.923843 -0.108176 -0.367167
vn -0.843204 -0.111506 -0.525903
vn -0.843204 -0.111506 -0.525903
vn -0.834005 -0.118914 -0.538790
vn -0.906447 -0.122288 -0.404228
vn -0.906447 -0.122288 -0.404228
vn -0.834005 -0.118914 -0.538790
vn -0.834520 -0.111603 -0.539556
vn -0.720727 -0.103933 -0.685384
vn -0.834520 -0.111603 -0.539556
vn -0.834005 -0.118914 -0.538790
vn -0.848088 0.065001 -0.525854
vn -0.834520 -0.111603 -0.539556
vn -0.720727 -0.103933 -0.685384
vn -0.720727 -0.103933 -0.685384
vn -0.721703 0.087897 -0.686600
vn -0.848088 0.065001 -0.525854
vn -0.834520 -0.111603 -0.539556
vn -0.848088 0.065001 -0.525854
vn -0.931736 0.054474 -0.359027
vn -0.931736 0.054474 -0.359027
vn -0.916557 -0.135133 -0.376382
vn -0.834520 -0.111603 -0.539556
vn -0.834520 -0.111603 -0.539556
vn -0.916557 -0.135133 -0.376382
vn -0.906447 -0.122288 -0.404228
vn -0.972266 -0.129085 -0.195029
vn -0.906447 -0.122288 -0.404228
vn -0.916557 -0.135133 -0.376382
vn -0.923843 -0.108176 -0.367167
vn -0.906447 -0.122288 -0.404228
vn -0.972266 -0.129085 -0.195029
vn -0.972266 -0.129085 -0.195029
vn -0.967504 -0.124784 -0.219920
vn -0.923843 -0.108176 -0.367167
vn -0.866308 -0.344946 -0.361279
vn -0.923843 -0.108176 -0.367167
vn -0.967504 -0.124784 -0.219920
vn -0.967504 -0.124784 -0.219920
vn -0.906375 -0.356303 -0.227006
vn -0.866308 -0.344946 -0.361279
vn -0.861040 -0.359574 -0.359606
vn -0.866308 -0.344946 -0.361279
vn -0.906375 -0.356303 -0.227006
vn -0.906375 -0.356303 -0.227006
vn -0.918381 -0.321924 -0.230089
vn -0.861040 -0.359574 -0.359606
vn -0.916557 -0.135133 -0.376382
vn -0.931736 0.054474 -0.359027
vn -0.978526 0.014772 -0.205595
vn -0.978526 0.014772 -0.205595
vn -0.967663 -0.141222 -0.209010
vn -0.916557 -0.135133 -0.376382
vn -0.916557 -0.135133 -0.376382
vn -0.967663 -0.141222 -0.209010
vn -0.972266 -0.129085 -0.195029
vn -0.990353 -0.137897 -0.013615
vn -0.972266 -0.129085 -0.195029
vn -0.967663 -0.141222 -0.209010
vn -0.967504 -0.124784 -0.219920
vn -0.972266 -0.129085 -0.195029
vn -0.990353 -0.137897 -0.013615
vn -0.990353 -0.137897 -0.013615
vn -0.989753 -0.142199 -0.013003
vn -0.967504 -0.124784 -0.219920
vn -0.906375 -0.356303 -0.227006
vn -0.967504 -0.124784 -0.219920
vn -0.989753 -0.142199 -0.013003
vn -0.989753 -0.142199 -0.013003
vn -0.922837 -0.384390 -0.024834
vn -0.906375 -0.356303 -0.227006
vn -0.922837 -0.384390 -0.024834
vn -0.989753 -0.142199 -0.013003
vn -0.972120 -0.138573 0.189157
vn -0.972120 -0.138573 0.189157
vn -0.909561 -0.374054 0.181058
vn -0.922837 -0.384390 -0.024834
vn -0.933583 -0.140570 0.329641
vn -0.930312 -0.139843 0.339063
vn -0.972120 -0.138573 0.189157
vn -0.972120 -0.138573 0.189157
vn -0.977449 -0.140974 0.157224
vn -0.933583 -0.140570 0.329641
vn -0.977449 -0.140974 0.157224
vn -0.972120 -0.138573 0.189157
vn -0.989753 -0.142199 -0.013003
vn -0.989753 -0.142199 -0.013003
vn -0.990353 -0.137897 -0.013615
vn -0.977449 -0.140974 0.157224
vn -0.977449 -0.140974 0.157224
vn -0.990353 -0.137897 -0.013615
vn -0.989660 -0.139183 -0.034653
vn -0.967663 -0.141222 -0.209010
vn -0.989660 -0.139183 -0.034653
vn -0.990353 -0.137897 -0.013615
vn -0.998859 -0.041839 -0.023012
vn -0.989660 -0.139183 -0.034653
vn -0.967663 -0.141222 -0.209010
vn -0.967663 -0.141222 -0.209010
vn -0.978526 0.014772 -0.205595
vn -0.998859 -0.041839 -0.023012
vn -0.937499 -0.143375 0.317079
vn -0.864941 -0.139093 0.482214
vn -0.858390 -0.141937 0.492971
vn -0.858390 -0.141937 0.492971
vn -0.933583 -0.140570 0.329641
vn -0.937499 -0.143375 0.317079
vn -0.978519 -0.144347 0.147191
vn -0.937499 -0.143375 0.317079
vn -0.933583 -0.140570 0.329641
vn -0.933583 -0.140570 0.329641
vn -0.977449 -0.140974 0.157224
vn -0.978519 -0.144347 0.147191
vn -0.989660 -0.139183 -0.034653
vn -0.978519 -0.144347 0.147191
vn -0.977449 -0.140974 0.157224
vn -0.989660 -0.139183 -0.034653
vn -0.998859 -0.041839 -0.023012
vn -0.986918 -0.054573 0.151708
vn -0.986918 -0.054573 0.151708
vn -0.978519 -0.144347 0.147191
vn -0.989660 -0.139183 -0.034653
vn -0.978519 -0.144347 0.147191
vn -0.986918 -0.054573 0.151708
vn -0.947839 -0.042711 0.315875
vn -0.947839 -0.042711 0.315875
vn -0.937499 -0.143375 0.317079
vn -0.978519 -0.144347 0.147191
vn -0.937499 -0.143375 0.317079
vn -0.947839 -0.042711 0.315875
vn -0.870200 -0.015772 0.492446
vn -0.870200 -0.015772 0.492446
vn -0.864941 -0.139093 0.482214
vn -0.937499 -0.143375 0.317079
vn -0.864941 -0.139093 0.482214
vn -0.870200 -0.015772 0.492446
vn -0.754119 0.002769 0.656732
vn -0.754119 0.002769 0.656732
vn -0.750271 -0.140714 0.645982
vn -0.864941 -0.139093 0.482214
vn -0.750271 -0.140714 0.645982
vn -0.754119 0.002769 0.656732
vn -0.589218 0.001136 0.807973
vn -0.589218 0.001136 0.807973
vn -0.604799 -0.137406 0.784434
vn -0.750271 -0.140714 0.645982
vn -0.754119 0.002769 0.656732
vn -0.870200 -0.015772 0.492446
vn -0.874558 0.110299 0.472211
vn -0.940243 0.134599 0.312771
vn -0.874558 0.110299 0.472211
vn -0.870200 -0.015772 0.492446
vn -0.870200 -0.015772 0.492446
vn -0.947839 -0.042711 0.315875
vn -0.940243 0.134599 0.312771
vn -0.983192 0.104704 0.149567
vn -0.940243 0.134599 0.312771
vn -0.947839 -0.042711 0.315875
vn -0.947839 -0.042711 0.315875
vn -0.986918 -0.054573 0.151708
vn -0.983192 0.104704 0.149567
vn -0.992319 0.122038 -0.020224
vn -0.983192 0.104704 0.149567
vn -0.986918 -0.054573 0.151708
vn -0.986918 -0.054573 0.151708
vn -0.998859 -0.041839 -0.023012
vn -0.992319 0.122038 -0.020224
vn -0.952126 0.240307 -0.188966
vn -0.992319 0.122038 -0.020224
vn -0.998859 -0.041839 -0.023012
vn -0.998859 -0.041839 -0.023012
vn -0.978526 0.014772 -0.205595
vn -0.952126 0.240307 -0.188966
vn -0.847550 0.153028 -0.508174
vn -0.443558 -0.866461 -0.229134
vn -0.643437 -0.733098 -0.220353
vn -0.643437 -0.733098 -0.220353
vn -0.915169 0.206276 -0.346290
vn -0.847550 0.153028 -0.508174
vn -0.915169 0.206276 -0.346290
vn -0.643437 -0.733098 -0.220353
vn -0.711945 -0.691254 -0.123704
vn -0.711945 -0.691254 -0.123704
vn -0.952126 0.240307 -0.188966
vn -0.915169 0.206276 -0.346290
vn -0.952126 0.240307 -0.188966
vn -0.711945 -0.691254 -0.123704
vn -0.709403 -0.704707 0.011623
vn -0.709403 -0.704707 0.011623
vn -0.992319 0.122038 -0.020224
vn -0.952126 0.240307 -0.188966
vn -0.992319 0.122038 -0.020224
vn -0.709403 -0.704707 0.011623
vn -0.665917 -0.734800 0.128930
vn -0.665917 -0.734800 0.128930
vn -0.983192 0.104704 0.149567
vn -0.992319 0.122038 -0.020224
vn -0.983192 0.104704 0.149567
vn -0.665917 -0.734800 0.128930
vn -0.655561 -0.722136 0.220817
vn -0.655561 -0.722136 0.220817
vn -0.940243 0.134599 0.312771
vn -0.983192 0.104704 0.149567
vn 0.250198 -0.966474 -0.057691
vn 0.189625 -0.972250 -0.137010
vn -0.603017 -0.733009 0.314751
vn -0.603017 -0.733009 0.314751
vn -0.655561 -0.722136 0.220817
vn 0.250198 -0.966474 -0.057691
vn 0.238627 -0.970972 -0.016437
vn 0.250198 -0.966474 -0.057691
vn -0.655561 -0.722136 0.220817
vn -0.655561 -0.722136 0.220817
vn -0.665917 -0.734800 0.128930
vn 0.238627 -0.970972 -0.016437
vn 0.306431 -0.950398 0.053335
vn 0.238627 -0.970972 -0.016437
vn -0.665917 -0.734800 0.128930
vn -0.665917 -0.734800 0.128930
vn -0.709403 -0.704707 0.011623
vn 0.306431 -0.950398 0.053335
vn 0.230005 -0.971774 0.052464
vn 0.306431 -0.950398 0.053335
vn -0.709403 -0.704707 0.011623
vn -0.709403 -0.704707 0.011623
vn -0.711945 -0.691254 -0.123704
vn 0.230005 -0.971774 0.052464
vn 0.261482 -0.952687 0.154966
vn 0.230005 -0.971774 0.052464
vn -0.711945 -0.691254 -0.123704
vn -0.711945 -0.691254 -0.123704
vn -0.643437 -0.733098 -0.220353
vn 0.261482 -0.952687 0.154966
vn 0.238627 -0.970972 -0.016437
vn 0.306431 -0.950398 0.053335
vn 0.129991 -0.991377 0.016573
vn 0.024322 -0.999687 0.005796
vn 0.129991 -0.991377 0.016573
vn 0.306431 -0.950398 0.053335
vn 0.306431 -0.950398 0.053335
vn 0.230005 -0.971774 0.052464
vn 0.024322 -0.999687 0.005796
vn 0.230005 -0.971774 0.052464
vn 0.261482 -0.952687 0.154966
vn 0.024322 -0.999687 0.005796
vn 0.106954 -0.986466 0.124284
vn 0.024322 -0.999687 0.005796
vn 0.261482 -0.952687 0.154966
vn 0.261482 -0.952687 0.154966
vn 0.119778 -0.987671 0.100793
vn 0.106954 -0.986466 0.124284
vn 0.119778 -0.987671 0.100793
vn 0.194204 -0.950288 0.243387
vn 0.106954 -0.986466 0.124284
vn 0.104813 -0.986211 0.128073
vn 0.106954 -0.986466 0.124284
vn 0.194204 -0.950288 0.243387
vn 0.194204 -0.950288 0.243387
vn 0.168572 -0.960361 0.222016
vn 0.104813 -0.986211 0.128073
vn 0.119778 -0.987671 0.100793
vn 0.261482 -0.952687 0.154966
vn -0.643437 -0.733098 -0.220353
vn -0.643437 -0.733098 -0.220353
vn -0.443558 -0.866461 -0.229134
vn 0.194204 -0.950288 0.243387
vn 0.119778 -0.987671 0.100793
vn -0.443558 -0.866461 -0.229134
vn -0.542834 -0.695754 -0.470380
vn 0.194204 -0.950288 0.243387
vn 0.168572 -0.960361 0.222016
vn 0.194204 -0.950288 0.243387
vn -0.542834 -0.695754 -0.470380
vn -0.542834 -0.695754 -0.470380
vn -0.441099 -0.706762 -0.553100
vn 0.168572 -0.960361 0.222016
vn -0.603107 0.147559 -0.783893
vn -0.441099 -0.706762 -0.553100
vn -0.542834 -0.695754 -0.470380
vn -0.542834 -0.695754 -0.470380
vn -0.722916 0.165591 -0.670800
vn -0.603107 0.147559 -0.783893
vn -0.722916 0.165591 -0.670800
vn -0.542834 -0.695754 -0.470380
vn -0.443558 -0.866461 -0.229134
vn -0.443558 -0.866461 -0.229134
vn -0.847550 0.153028 -0.508174
vn -0.722916 0.165591 -0.670800
vn 0.954583 -0.091076 0.283685
vn 0.125740 0.183607 0.974925
vn -0.827638 -0.405447 0.388109
vn 0.954583 -0.091076 0.283685
vn -0.827638 -0.405447 0.388109
vn 0.541204 -0.656832 -0.525043
vn -0.827638 -0.405447 0.388109
vn -0.644175 -0.680790 -0.348659
vn 0.541204 -0.656832 -0.525043
vn 0.601782 -0.109048 -0.791181
vn 0.774086 -0.124537 -0.620710
vn 0.787817 -0.008523 -0.615850
vn 0.420997 -0.304650 -0.854371
vn 0.453589 0.123130 -0.882664
vn 0.635318 0.131543 -0.760965
vn 0.635318 0.131543 -0.760965
vn 0.597005 -0.303982 -0.742415
vn 0.420997 -0.304650 -0.854371
vn 0.445514 -0.183683 -0.876229
vn 0.420997 -0.304650 -0.854371
vn 0.597005 -0.303982 -0.742415
vn 0.597005 -0.303982 -0.742415
vn 0.622537 -0.217445 -0.751775
vn 0.445514 -0.183683 -0.876229
vn 0.445514 -0.183683 -0.876229
vn 0.622537 -0.217445 -0.751775
vn 0.601782 -0.109048 -0.791181
vn 0.774086 -0.124537 -0.620710
vn 0.601782 -0.109048 -0.791181
vn 0.622537 -0.217445 -0.751775
vn 0.622537 -0.217445 -0.751775
vn 0.751447 -0.244333 -0.612886
vn 0.774086 -0.124537 -0.620710
vn 0.774086 -0.124537 -0.620710
vn 0.751447 -0.244333 -0.612886
vn 0.839491 -0.258684 -0.477847
vn 0.839491 -0.258684 -0.477847
vn 0.751447 -0.244333 -0.612886
vn 0.721935 -0.342467 -0.601270
vn 0.721935 -0.342467 -0.601270
vn 0.812290 -0.352878 -0.464395
vn 0.839491 -0.258684 -0.477847
vn 0.812290 -0.352878 -0.464395
vn 0.721935 -0.342467 -0.601270
vn 0.775000 0.108958 -0.622498
vn 0.597005 -0.303982 -0.742415
vn 0.635318 0.131543 -0.760965
vn 0.775000 0.108958 -0.622498
vn 0.775000 0.108958 -0.622498
vn 0.721935 -0.342467 -0.601270
vn 0.597005 -0.303982 -0.742415
vn 0.622537 -0.217445 -0.751775
vn 0.597005 -0.303982 -0.742415
vn 0.721935 -0.342467 -0.601270
vn 0.721935 -0.342467 -0.601270
vn 0.751447 -0.244333 -0.612886
vn 0.622537 -0.217445 -0.751775
vn 0.275934 -0.122948 -0.953281
vn 0.451689 -0.122853 -0.883677
vn 0.455134 0.021442 -0.890165
vn 0.647357 0.036828 -0.761296
vn 0.455134 0.021442 -0.890165
vn 0.451689 -0.122853 -0.883677
vn 0.453589 0.123130 -0.882664
vn 0.455134 0.021442 -0.890165
vn 0.647357 0.036828 -0.761296
vn 0.647357 0.036828 -0.761296
vn 0.635318 0.131543 -0.760965
vn 0.453589 0.123130 -0.882664
vn 0.635318 0.131543 -0.760965
vn 0.647357 0.036828 -0.761296
vn 0.776401 0.040055 -0.628965
vn 0.776401 0.040055 -0.628965
vn 0.775000 0.108958 -0.622498
vn 0.635318 0.131543 -0.760965
vn 0.874003 0.076688 -0.479831
vn 0.775000 0.108958 -0.622498
vn 0.776401 0.040055 -0.628965
vn 0.775000 0.108958 -0.622498
vn 0.874003 0.076688 -0.479831
vn 0.812290 -0.352878 -0.464395
vn 0.812290 -0.352878 -0.464395
vn 0.874003 0.076688 -0.479831
vn 0.949561 0.045811 -0.310218
vn 0.949561 0.045811 -0.310218
vn 0.888553 -0.345234 -0.302138
vn 0.812290 -0.352878 -0.464395
vn 0.776401 0.040055 -0.628965
vn 0.647357 0.036828 -0.761296
vn 0.606647 -0.124505 -0.785161
vn 0.451689 -0.122853 -0.883677
vn 0.606647 -0.124505 -0.785161
vn 0.647357 0.036828 -0.761296
vn 0.677689 -0.126746 -0.724343
vn 0.668307 -0.143357 -0.729941
vn 0.606647 -0.124505 -0.785161
vn 0.668307 -0.143357 -0.729941
vn 0.725228 -0.183722 -0.663544
vn 0.606647 -0.124505 -0.785161
vn 0.606647 -0.124505 -0.785161
vn 0.725228 -0.183722 -0.663544
vn 0.776401 0.040055 -0.628965
vn 0.874090 0.080537 -0.479041
vn 0.776401 0.040055 -0.628965
vn 0.725228 -0.183722 -0.663544
vn 0.776401 0.040055 -0.628965
vn 0.874090 0.080537 -0.479041
vn 0.874003 0.076688 -0.479831
vn 0.874003 0.076688 -0.479831
vn 0.874090 0.080537 -0.479041
vn 0.952090 0.010411 -0.305641
vn 0.952090 0.010411 -0.305641
vn 0.949561 0.045811 -0.310218
vn 0.874003 0.076688 -0.479831
vn 0.949561 0.045811 -0.310218
vn 0.952090 0.010411 -0.305641
vn 0.987919 -0.020386 -0.153624
vn 0.987919 -0.020386 -0.153624
vn 0.987183 0.033467 -0.156041
vn 0.949561 0.045811 -0.310218
vn 0.987183 0.033467 -0.156041
vn 0.987919 -0.020386 -0.153624
vn 0.999975 -0.005073 0.004994
vn 0.725228 -0.183722 -0.663544
vn 0.668307 -0.143357 -0.729941
vn 0.590361 -0.131349 -0.796380
vn 0.730455 -0.023245 -0.682565
vn 0.590361 -0.131349 -0.796380
vn 0.668307 -0.143357 -0.729941
vn 0.590361 -0.131349 -0.796380
vn 0.730455 -0.023245 -0.682565
vn 0.714181 0.110892 -0.691121
vn -0.984689 0.153627 -0.082383
vn -0.958177 -0.262814 0.113252
vn 0.594301 -0.327196 -0.734676
vn 0.846152 -0.174192 -0.503671
vn 0.594301 -0.327196 -0.734676
vn -0.958177 -0.262814 0.113252
vn -0.958177 -0.262814 0.113252
vn -0.766022 -0.432589 0.475475
vn 0.846152 -0.174192 -0.503671
vn 0.945384 -0.185303 -0.268162
vn 0.846152 -0.174192 -0.503671
vn -0.766022 -0.432589 0.475475
vn 0.879224 0.157135 -0.449749
vn 0.846152 -0.174192 -0.503671
vn 0.945384 -0.185303 -0.268162
vn 0.945384 -0.185303 -0.268162
vn 0.714181 0.110892 -0.691121
vn 0.879224 0.157135 -0.449749
vn 0.874326 -0.050829 -0.482670
vn 0.879224 0.157135 -0.449749
vn 0.714181 0.110892 -0.691121
vn 0.714181 0.110892 -0.691121
vn 0.730455 -0.023245 -0.682565
vn 0.874326 -0.050829 -0.482670
vn 0.874326 -0.050829 -0.482670
vn 0.730455 -0.023245 -0.682565
vn 0.677689 -0.126746 -0.724343
vn 0.668307 -0.143357 -0.729941
vn 0.677689 -0.126746 -0.724343
vn 0.730455 -0.023245 -0.682565
vn 0.942853 -0.113717 -0.313204
vn 0.937501 0.030353 -0.346657
vn 0.874326 -0.050829 -0.482670
vn 0.879224 0.157135 -0.449749
vn 0.874326 -0.050829 -0.482670
vn 0.937501 0.030353 -0.346657
vn 0.937501 0.030353 -0.346657
vn 0.930914 0.203919 -0.303013
vn 0.879224 0.157135 -0.449749
vn 0.846152 -0.174192 -0.503671
vn 0.879224 0.157135 -0.449749
vn 0.930914 0.203919 -0.303013
vn 0.930914 0.203919 -0.303013
vn 0.594301 -0.327196 -0.734676
vn 0.846152 -0.174192 -0.503671
vn 0.834523 -0.119725 -0.537807
vn 0.594301 -0.327196 -0.734676
vn 0.930914 0.203919 -0.303013
vn 0.930914 0.203919 -0.303013
vn 0.987907 -0.083798 -0.130452
vn 0.834523 -0.119725 -0.537807
vn 0.834523 -0.119725 -0.537807
vn 0.987907 -0.083798 -0.130452
vn 0.912284 -0.357504 -0.199823
vn 0.912284 -0.357504 -0.199823
vn 0.987907 -0.083798 -0.130452
vn 0.984005 -0.099964 -0.147451
vn 0.984005 -0.099964 -0.147451
vn 0.915925 -0.287750 -0.279789
vn 0.912284 -0.357504 -0.199823
vn 0.987919 -0.020386 -0.153624
vn 0.952090 0.010411 -0.305641
vn 0.943443 -0.169580 -0.284884
vn 0.943443 -0.169580 -0.284884
vn 0.982470 -0.125207 -0.138115
vn 0.987919 -0.020386 -0.153624
vn 0.982470 -0.125207 -0.138115
vn 0.943443 -0.169580 -0.284884
vn 0.979216 -0.102169 -0.175208
vn 0.982470 -0.125207 -0.138115
vn 0.979216 -0.102169 -0.175208
vn 0.942853 -0.113717 -0.313204
vn 0.942853 -0.113717 -0.313204
vn 0.979216 -0.102169 -0.175208
vn 0.984005 -0.099964 -0.147451
vn 0.984005 -0.099964 -0.147451
vn 0.937501 0.030353 -0.346657
vn 0.942853 -0.113717 -0.313204
vn 0.937501 0.030353 -0.346657
vn 0.984005 -0.099964 -0.147451
vn 0.987907 -0.083798 -0.130452
vn 0.987907 -0.083798 -0.130452
vn 0.930914 0.203919 -0.303013
vn 0.937501 0.030353 -0.346657
vn 0.984005 -0.099964 -0.147451
vn 0.979216 -0.102169 -0.175208
vn 0.943443 -0.169580 -0.284884
vn 0.992763 -0.120087 -0.000558
vn 0.982470 -0.125207 -0.138115
vn 0.957680 -0.237540 -0.162555
vn 0.833451 -0.506575 -0.220775
vn 0.957680 -0.237540 -0.162555
vn 0.982470 -0.125207 -0.138115
vn 0.833451 -0.506575 -0.220775
vn 0.982470 -0.125207 -0.138115
vn 0.942853 -0.113717 -0.313204
vn 0.579535 -0.724541 -0.373067
vn 0.833451 -0.506575 -0.220775
vn 0.942853 -0.113717 -0.313204
vn 0.579535 -0.724541 -0.373067
vn 0.942853 -0.113717 -0.313204
vn 0.874326 -0.050829 -0.482670
vn 0.510556 -0.735451 -0.445471
vn 0.579535 -0.724541 -0.373067
vn 0.874326 -0.050829 -0.482670
vn 0.510556 -0.735451 -0.445471
vn 0.874326 -0.050829 -0.482670
vn 0.677689 -0.126746 -0.724343
vn 0.578181 -0.256766 -0.774454
vn 0.510556 -0.735451 -0.445471
vn 0.677689 -0.126746 -0.724343
vn 0.578181 -0.256766 -0.774454
vn 0.677689 -0.126746 -0.724343
vn 0.606647 -0.124505 -0.785161
vn 0.436152 -0.240218 -0.867218
vn 0.578181 -0.256766 -0.774454
vn 0.606647 -0.124505 -0.785161
vn 0.606647 -0.124505 -0.785161
vn 0.451689 -0.122853 -0.883677
vn 0.436152 -0.240218 -0.867218
vn 0.269491 -0.244443 -0.931462
vn 0.436152 -0.240218 -0.867218
vn 0.451689 -0.122853 -0.883677
vn 0.451689 -0.122853 -0.883677
vn 0.275934 -0.122948 -0.953281
vn 0.269491 -0.244443 -0.931462
vn 0.148066 -0.237196 -0.960112
vn 0.269491 -0.244443 -0.931462
vn 0.275934 -0.122948 -0.953281
vn 0.455134 0.021442 -0.890165
vn 0.276940 0.025449 -0.960550
vn 0.275934 -0.122948 -0.953281
vn 0.155434 -0.123213 -0.980132
vn 0.275934 -0.122948 -0.953281
vn 0.276940 0.025449 -0.960550
vn 0.275934 -0.122948 -0.953281
vn 0.155434 -0.123213 -0.980132
vn 0.148066 -0.237196 -0.960112
vn 0.033834 -0.255930 -0.966103
vn 0.148066 -0.237196 -0.960112
vn 0.155434 -0.123213 -0.980132
vn 0.155434 -0.123213 -0.980132
vn 0.039019 -0.122646 -0.991683
vn 0.033834 -0.255930 -0.966103
vn -0.118100 -0.268547 -0.955999
vn 0.033834 -0.255930 -0.966103
vn 0.039019 -0.122646 -0.991683
vn 0.039019 -0.122646 -0.991683
vn -0.136904 -0.117459 -0.983596
vn -0.118100 -0.268547 -0.955999
vn -0.302752 -0.270468 -0.913886
vn -0.118100 -0.268547 -0.955999
vn -0.136904 -0.117459 -0.983596
vn -0.136904 -0.117459 -0.983596
vn -0.325484 -0.103576 -0.939858
vn -0.302752 -0.270468 -0.913886
vn -0.483553 -0.264917 -0.834263
vn -0.302752 -0.270468 -0.913886
vn -0.325484 -0.103576 -0.939858
vn 0.259765 -0.311229 -0.914144
vn 0.275421 -0.173950 -0.945455
vn 0.141018 -0.220902 -0.965047
vn 0.141018 -0.220902 -0.965047
vn 0.144032 -0.318216 -0.937013
vn 0.259765 -0.311229 -0.914144
vn 0.277059 0.127027 -0.952419
vn 0.259765 -0.311229 -0.914144
vn 0.144032 -0.318216 -0.937013
vn 0.144032 -0.318216 -0.937013
vn 0.135239 0.131043 -0.982109
vn 0.277059 0.127027 -0.952419
vn 0.276940 0.025449 -0.960550
vn 0.277059 0.127027 -0.952419
vn 0.135239 0.131043 -0.982109
vn 0.135239 0.131043 -0.982109
vn 0.143555 0.013605 -0.989549
vn 0.276940 0.025449 -0.960550
vn 0.276940 0.025449 -0.960550
vn 0.143555 0.013605 -0.989549
vn 0.155434 -0.123213 -0.980132
vn 0.039019 -0.122646 -0.991683
vn 0.155434 -0.123213 -0.980132
vn 0.143555 0.013605 -0.989549
vn 0.143555 0.013605 -0.989549
vn 0.033784 -0.009226 -0.999387
vn 0.039019 -0.122646 -0.991683
vn -0.136904 -0.117459 -0.983596
vn 0.039019 -0.122646 -0.991683
vn 0.033784 -0.009226 -0.999387
vn 0.144032 -0.318216 -0.937013
vn 0.141018 -0.220902 -0.965047
vn 0.040192 -0.200244 -0.978921
vn 0.040192 -0.200244 -0.978921
vn 0.039621 -0.288795 -0.956571
vn 0.144032 -0.318216 -0.937013
vn 0.135239 0.131043 -0.982109
vn 0.144032 -0.318216 -0.937013
vn 0.039621 -0.288795 -0.956571
vn 0.039621 -0.288795 -0.956571
vn 0.025543 0.083586 -0.996173
vn 0.135239 0.131043 -0.982109
vn 0.143555 0.013605 -0.989549
vn 0.135239 0.131043 -0.982109
vn 0.025543 0.083586 -0.996173
vn 0.025543 0.083586 -0.996173
vn 0.033784 -0.009226 -0.999387
vn 0.143555 0.013605 -0.989549
vn 0.033784 -0.009226 -0.999387
vn 0.025543 0.083586 -0.996173
vn -0.109433 0.062589 -0.992022
vn -0.109433 0.062589 -0.992022
vn -0.129938 0.017119 -0.991374
vn 0.033784 -0.009226 -0.999387
vn -0.129938 0.017119 -0.991374
vn -0.109433 0.062589 -0.992022
vn -0.281610 0.159927 -0.946107
vn -0.281610 0.159927 -0.946107
vn -0.306050 0.098658 -0.946890
vn -0.129938 0.017119 -0.991374
vn 0.033784 -0.009226 -0.999387
vn -0.129938 0.017119 -0.991374
vn -0.136904 -0.117459 -0.983596
vn -0.325484 -0.103576 -0.939858
vn -0.136904 -0.117459 -0.983596
vn -0.129938 0.017119 -0.991374
vn -0.129938 0.017119 -0.991374
vn -0.306050 0.098658 -0.946890
vn -0.325484 -0.103576 -0.939858
vn -0.478641 -0.078138 -0.874527
vn -0.325484 -0.103576 -0.939858
vn -0.306050 0.098658 -0.946890
vn -0.306050 0.098658 -0.946890
vn -0.468645 0.172522 -0.866377
vn -0.478641 -0.078138 -0.874527
vn -0.447659 0.236030 -0.862491
vn -0.468645 0.172522 -0.866377
vn -0.306050 0.098658 -0.946890
vn -0.306050 0.098658 -0.946890
vn -0.281610 0.159927 -0.946107
vn -0.447659 0.236030 -0.862491
vn -0.415351 -0.264532 -0.870348
vn -0.447659 0.236030 -0.862491
vn -0.281610 0.159927 -0.946107
vn -0.281610 0.159927 -0.946107
vn -0.270136 -0.262626 -0.926312
vn -0.415351 -0.264532 -0.870348
vn -0.423927 -0.227327 -0.876703
vn -0.415351 -0.264532 -0.870348
vn -0.270136 -0.262626 -0.926312
vn -0.325484 -0.103576 -0.939858
vn -0.478641 -0.078138 -0.874527
vn -0.483553 -0.264917 -0.834263
vn -0.630709 -0.241645 -0.737437
vn -0.483553 -0.264917 -0.834263
vn -0.478641 -0.078138 -0.874527
vn -0.478641 -0.078138 -0.874527
vn -0.613837 -0.048662 -0.787932
vn -0.630709 -0.241645 -0.737437
vn -0.613837 -0.048662 -0.787932
vn -0.478641 -0.078138 -0.874527
vn -0.468645 0.172522 -0.866377
vn -0.468645 0.172522 -0.866377
vn -0.605875 0.252637 -0.754380
vn -0.613837 -0.048662 -0.787932
vn -0.596979 0.301959 -0.743261
vn -0.605875 0.252637 -0.754380
vn -0.468645 0.172522 -0.866377
vn -0.468645 0.172522 -0.866377
vn -0.447659 0.236030 -0.862491
vn -0.596979 0.301959 -0.743261
vn -0.556890 -0.295362 -0.776295
vn -0.596979 0.301959 -0.743261
vn -0.447659 0.236030 -0.862491
vn -0.447659 0.236030 -0.862491
vn -0.415351 -0.264532 -0.870348
vn -0.556890 -0.295362 -0.776295
vn -0.570650 -0.210485 -0.793760
vn -0.556890 -0.295362 -0.776295
vn -0.415351 -0.264532 -0.870348
vn -0.415351 -0.264532 -0.870348
vn -0.423927 -0.227327 -0.876703
vn -0.570650 -0.210485 -0.793760
vn -0.570650 -0.210485 -0.793760
vn -0.423927 -0.227327 -0.876703
vn -0.435953 -0.102220 -0.894145
vn -0.257835 -0.099058 -0.961098
vn -0.435953 -0.102220 -0.894145
vn -0.423927 -0.227327 -0.876703
vn -0.435953 -0.102220 -0.894145
vn -0.257835 -0.099058 -0.961098
vn -0.269560 0.009396 -0.962938
vn -0.114306 0.034750 -0.992838
vn -0.269560 0.009396 -0.962938
vn -0.257835 -0.099058 -0.961098
vn -0.275166 0.140268 -0.951109
vn -0.269560 0.009396 -0.962938
vn -0.114306 0.034750 -0.992838
vn -0.114306 0.034750 -0.992838
vn -0.121784 0.143058 -0.982193
vn -0.275166 0.140268 -0.951109
vn -0.268771 -0.279542 -0.921748
vn -0.275166 0.140268 -0.951109
vn -0.121784 0.143058 -0.982193
vn -0.121784 0.143058 -0.982193
vn -0.131478 -0.250457 -0.959159
vn -0.268771 -0.279542 -0.921748
vn -0.268874 -0.311328 -0.911472
vn -0.268771 -0.279542 -0.921748
vn -0.131478 -0.250457 -0.959159
vn -0.269560 0.009396 -0.962938
vn -0.275166 0.140268 -0.951109
vn -0.440737 0.099176 -0.892140
vn -0.440737 0.099176 -0.892140
vn -0.437492 0.005199 -0.899207
vn -0.269560 0.009396 -0.962938
vn -0.269560 0.009396 -0.962938
vn -0.437492 0.005199 -0.899207
vn -0.435953 -0.102220 -0.894145
vn -0.591205 -0.079114 -0.802632
vn -0.435953 -0.102220 -0.894145
vn -0.437492 0.005199 -0.899207
vn -0.435953 -0.102220 -0.894145
vn -0.591205 -0.079114 -0.802632
vn -0.570650 -0.210485 -0.793760
vn -0.178505 -0.045598 -0.982882
vn -0.342721 -0.061136 -0.937446
vn -0.296325 -0.075234 -0.952119
vn -0.438106 -0.084798 -0.894915
vn -0.296325 -0.075234 -0.952119
vn -0.342721 -0.061136 -0.937446
vn -0.289123 -0.087646 -0.953271
vn -0.296325 -0.075234 -0.952119
vn -0.438106 -0.084798 -0.894915
vn -0.438106 -0.084798 -0.894915
vn -0.444446 -0.082919 -0.891960
vn -0.289123 -0.087646 -0.953271
vn -0.268874 -0.311328 -0.911472
vn -0.289123 -0.087646 -0.953271
vn -0.444446 -0.082919 -0.891960
vn -0.444446 -0.082919 -0.891960
vn -0.410248 -0.314635 -0.855980
vn -0.268874 -0.311328 -0.911472
vn -0.268771 -0.279542 -0.921748
vn -0.268874 -0.311328 -0.911472
vn -0.410248 -0.314635 -0.855980
vn -0.410248 -0.314635 -0.855980
vn -0.406412 -0.302671 -0.862102
vn -0.268771 -0.279542 -0.921748
vn -0.275166 0.140268 -0.951109
vn -0.268771 -0.279542 -0.921748
vn -0.406412 -0.302671 -0.862102
vn -0.406412 -0.302671 -0.862102
vn -0.440737 0.099176 -0.892140
vn -0.275166 0.140268 -0.951109
vn -0.437492 0.005199 -0.899207
vn -0.603396 0.029178 -0.796907
vn -0.591205 -0.079114 -0.802632
vn -0.589194 0.144814 -0.794908
vn -0.603396 0.029178 -0.796907
vn -0.437492 0.005199 -0.899207
vn -0.437492 0.005199 -0.899207
vn -0.440737 0.099176 -0.892140
vn -0.589194 0.144814 -0.794908
vn -0.520790 -0.325478 -0.789203
vn -0.589194 0.144814 -0.794908
vn -0.440737 0.099176 -0.892140
vn -0.440737 0.099176 -0.892140
vn -0.406412 -0.302671 -0.862102
vn -0.520790 -0.325478 -0.789203
vn -0.501081 -0.356689 -0.788474
vn -0.520790 -0.325478 -0.789203
vn -0.406412 -0.302671 -0.862102
vn -0.406412 -0.302671 -0.862102
vn -0.410248 -0.314635 -0.855980
vn -0.501081 -0.356689 -0.788474
vn -0.558520 -0.092365 -0.824332
vn -0.501081 -0.356689 -0.788474
vn -0.410248 -0.314635 -0.855980
vn -0.410248 -0.314635 -0.855980
vn -0.444446 -0.082919 -0.891960
vn -0.558520 -0.092365 -0.824332
vn -0.581352 -0.094280 -0.808172
vn -0.558520 -0.092365 -0.824332
vn -0.444446 -0.082919 -0.891960
vn -0.444446 -0.082919 -0.891960
vn -0.438106 -0.084798 -0.894915
vn -0.581352 -0.094280 -0.808172
vn -0.581352 -0.094280 -0.808172
vn -0.438106 -0.084798 -0.894915
vn -0.489981 -0.082630 -0.867808
vn -0.342721 -0.061136 -0.937446
vn -0.489981 -0.082630 -0.867808
vn -0.438106 -0.084798 -0.894915
vn -0.493186 0.118119 -0.861868
vn -0.489981 -0.082630 -0.867808
vn -0.342721 -0.061136 -0.937446
vn -0.342721 -0.061136 -0.937446
vn -0.364737 0.126240 -0.922513
vn -0.493186 0.118119 -0.861868
vn -0.493186 0.118119 -0.861868
vn -0.364737 0.126240 -0.922513
vn -0.350871 0.211477 -0.912232
vn -0.183693 0.241884 -0.952759
vn -0.350871 0.211477 -0.912232
vn -0.364737 0.126240 -0.922513
vn -0.220738 -0.678068 -0.701069
vn -0.350871 0.211477 -0.912232
vn -0.183693 0.241884 -0.952759
vn -0.183693 0.241884 -0.952759
vn -0.082577 -0.649415 -0.755937
vn -0.220738 -0.678068 -0.701069
vn -0.220738 -0.678068 -0.701069
vn -0.082577 -0.649415 -0.755937
vn 0.107081 -0.968731 0.223815
vn 0.107081 -0.968731 0.223815
vn 0.137217 -0.972690 0.187206
vn -0.220738 -0.678068 -0.701069
vn -0.378349 -0.643734 -0.665175
vn -0.220738 -0.678068 -0.701069
vn 0.137217 -0.972690 0.187206
vn -0.350871 0.211477 -0.912232
vn -0.220738 -0.678068 -0.701069
vn -0.378349 -0.643734 -0.665175
vn -0.378349 -0.643734 -0.665175
vn -0.495496 0.274610 -0.824059
vn -0.350871 0.211477 -0.912232
vn -0.350871 0.211477 -0.912232
vn -0.495496 0.274610 -0.824059
vn -0.493186 0.118119 -0.861868
vn 0.093902 -0.978046 0.186033
vn 0.107081 -0.968731 0.223815
vn -0.082577 -0.649415 -0.755937
vn 0.107081 -0.968731 0.223815
vn 0.093902 -0.978046 0.186033
vn 0.017142 -0.999847 0.003629
vn 0.017142 -0.999847 0.003629
vn 0.125708 -0.965672 0.227320
vn 0.107081 -0.968731 0.223815
vn 0.137217 -0.972690 0.187206
vn 0.107081 -0.968731 0.223815
vn 0.125708 -0.965672 0.227320
vn 0.156755 -0.952676 0.260454
vn 0.137217 -0.972690 0.187206
vn 0.125708 -0.965672 0.227320
vn 0.137217 -0.972690 0.187206
vn 0.156755 -0.952676 0.260454
vn -0.378349 -0.643734 -0.665175
vn -0.441099 -0.706762 -0.553100
vn -0.378349 -0.643734 -0.665175
vn 0.156755 -0.952676 0.260454
vn -0.495496 0.274610 -0.824059
vn -0.378349 -0.643734 -0.665175
vn -0.441099 -0.706762 -0.553100
vn -0.441099 -0.706762 -0.553100
vn -0.603107 0.147559 -0.783893
vn -0.495496 0.274610 -0.824059
vn -0.495496 0.274610 -0.824059
vn -0.603107 0.147559 -0.783893
vn -0.606611 0.116390 -0.786433
vn 0.125708 -0.965672 0.227320
vn 0.104813 -0.986211 0.128073
vn 0.156755 -0.952676 0.260454
vn 0.168572 -0.960361 0.222016
vn 0.156755 -0.952676 0.260454
vn 0.104813 -0.986211 0.128073
vn 0.156755 -0.952676 0.260454
vn 0.168572 -0.960361 0.222016
vn -0.441099 -0.706762 -0.553100
vn -0.606611 0.116390 -0.786433
vn -0.493186 0.118119 -0.861868
vn -0.495496 0.274610 -0.824059
vn -0.489981 -0.082630 -0.867808
vn -0.493186 0.118119 -0.861868
vn -0.606611 0.116390 -0.786433
vn -0.606611 0.116390 -0.786433
vn -0.602098 -0.095958 -0.792635
vn -0.489981 -0.082630 -0.867808
vn -0.489981 -0.082630 -0.867808
vn -0.602098 -0.095958 -0.792635
vn -0.581352 -0.094280 -0.808172
vn -0.012952 0.999904 0.004917
vn -0.220457 0.975260 0.016358
vn -0.064951 0.997768 0.015523
vn -0.012952 0.999904 0.004917
vn -0.064951 0.997768 0.015523
vn -0.060846 0.997827 0.025273
vn -0.049067 0.998612 0.019141
vn -0.120812 0.985680 0.117645
vn -0.458269 0.795066 0.397315
vn -0.393078 0.811855 0.431719
vn -0.458269 0.795066 0.397315
vn -0.120812 0.985680 0.117645
vn -0.049067 0.998612 0.019141
vn -0.049067 0.998612 0.019141
vn -0.486550 0.829469 0.274318
vn -0.458269 0.795066 0.397315
vn -0.521179 0.829306 0.201555
vn -0.486550 0.829469 0.274318
vn -0.049067 0.998612 0.019141
vn -0.060846 0.997827 0.025273
vn -0.521179 0.829306 0.201555
vn -0.060846 0.997827 0.025273
vn -0.064951 0.997768 0.015523
vn -0.064951 0.997768 0.015523
vn -0.554271 0.825281 0.108142
vn -0.521179 0.829306 0.201555
vn -0.564776 0.825026 0.018965
vn -0.554271 0.825281 0.108142
vn -0.064951 0.997768 0.015523
vn -0.220457 0.975260 0.016358
vn -0.564776 0.825026 0.018965
vn -0.220457 0.975260 0.016358
vn -0.012952 0.999904 0.004917
vn -0.486550 0.829469 0.274318
vn -0.675340 0.629386 0.384433
vn -0.571279 0.663804 0.482705
vn -0.675340 0.629386 0.384433
vn -0.486550 0.829469 0.274318
vn -0.521179 0.829306 0.201555
vn -0.521179 0.829306 0.201555
vn -0.726390 0.630118 0.274425
vn -0.675340 0.629386 0.384433
vn -0.726390 0.630118 0.274425
vn -0.521179 0.829306 0.201555
vn -0.554271 0.825281 0.108142
vn -0.554271 0.825281 0.108142
vn -0.768859 0.620553 0.154176
vn -0.726390 0.630118 0.274425
vn -0.768859 0.620553 0.154176
vn -0.554271 0.825281 0.108142
vn -0.564776 0.825026 0.018965
vn -0.564776 0.825026 0.018965
vn -0.783086 0.621683 0.016909
vn -0.768859 0.620553 0.154176
vn -0.783086 0.621683 0.016909
vn -0.564776 0.825026 0.018965
vn -0.582254 0.808981 -0.080809
vn -0.582254 0.808981 -0.080809
vn -0.768434 0.630075 -0.111871
vn -0.783086 0.621683 0.016909
vn -0.768434 0.630075 -0.111871
vn -0.582254 0.808981 -0.080809
vn -0.564748 0.808394 -0.166006
vn -0.666084 0.109919 0.737733
vn -0.506694 0.662569 0.551600
vn -0.571279 0.663804 0.482705
vn -0.571279 0.663804 0.482705
vn -0.779783 0.110496 0.616222
vn -0.666084 0.109919 0.737733
vn -0.779783 0.110496 0.616222
vn -0.571279 0.663804 0.482705
vn -0.675340 0.629386 0.384433
vn -0.675340 0.629386 0.384433
vn -0.871275 0.096686 0.481178
vn -0.779783 0.110496 0.616222
vn -0.871275 0.096686 0.481178
vn -0.675340 0.629386 0.384433
vn -0.726390 0.630118 0.274425
vn -0.726390 0.630118 0.274425
vn -0.931751 0.091245 0.351447
vn -0.871275 0.096686 0.481178
vn -0.931751 0.091245 0.351447
vn -0.726390 0.630118 0.274425
vn -0.768859 0.620553 0.154176
vn -0.768859 0.620553 0.154176
vn -0.978979 0.080451 0.187425
vn -0.931751 0.091245 0.351447
vn -0.978979 0.080451 0.187425
vn -0.768859 0.620553 0.154176
vn -0.783086 0.621683 0.016909
vn -0.783086 0.621683 0.016909
vn -0.996966 0.075501 0.018918
vn -0.978979 0.080451 0.187425
vn -0.166297 0.805602 0.568639
vn -0.194169 0.621581 0.758904
vn -0.059836 0.618357 0.783616
vn -0.194169 0.621581 0.758904
vn -0.166297 0.805602 0.568639
vn -0.252590 0.809742 0.529637
vn -0.252590 0.809742 0.529637
vn -0.317977 0.631392 0.707273
vn -0.194169 0.621581 0.758904
vn -0.317977 0.631392 0.707273
vn -0.252590 0.809742 0.529637
vn -0.308210 0.833251 0.459020
vn -0.308210 0.833251 0.459020
vn -0.419169 0.638849 0.645112
vn -0.317977 0.631392 0.707273
vn -0.419169 0.638849 0.645112
vn -0.308210 0.833251 0.459020
vn -0.393078 0.811855 0.431719
vn -0.393078 0.811855 0.431719
vn -0.506694 0.662569 0.551600
vn -0.419169 0.638849 0.645112
vn -0.571279 0.663804 0.482705
vn -0.506694 0.662569 0.551600
vn -0.393078 0.811855 0.431719
vn -0.458269 0.795066 0.397315
vn -0.571279 0.663804 0.482705
vn -0.458269 0.795066 0.397315
vn -0.486550 0.829469 0.274318
vn 0.174066 0.045964 0.983661
vn 0.096675 0.605580 0.789890
vn -0.059836 0.618357 0.783616
vn -0.059836 0.618357 0.783616
vn -0.005724 0.056449 0.998389
vn 0.174066 0.045964 0.983661
vn -0.005724 0.056449 0.998389
vn -0.059836 0.618357 0.783616
vn -0.194169 0.621581 0.758904
vn -0.194169 0.621581 0.758904
vn -0.197892 0.072611 0.977531
vn -0.005724 0.056449 0.998389
vn -0.197892 0.072611 0.977531
vn -0.194169 0.621581 0.758904
vn -0.317977 0.631392 0.707273
vn -0.317977 0.631392 0.707273
vn -0.373444 0.088254 0.923445
vn -0.197892 0.072611 0.977531
vn -0.373444 0.088254 0.923445
vn -0.317977 0.631392 0.707273
vn -0.419169 0.638849 0.645112
vn -0.419169 0.638849 0.645112
vn -0.528288 0.106225 0.842394
vn -0.373444 0.088254 0.923445
vn -0.528288 0.106225 0.842394
vn -0.419169 0.638849 0.645112
vn -0.506694 0.662569 0.551600
vn -0.506694 0.662569 0.551600
vn -0.666084 0.109919 0.737733
vn -0.528288 0.106225 0.842394
vn 0.370182 0.817265 0.441636
vn 0.484146 0.638682 0.598070
vn 0.579801 0.645789 0.496776
vn 0.484146 0.638682 0.598070
vn 0.370182 0.817265 0.441636
vn 0.285320 0.813891 0.506137
vn 0.285320 0.813891 0.506137
vn 0.380510 0.630745 0.676293
vn 0.484146 0.638682 0.598070
vn 0.380510 0.630745 0.676293
vn 0.285320 0.813891 0.506137
vn 0.179290 0.806926 0.562784
vn 0.179290 0.806926 0.562784
vn 0.255702 0.617282 0.744029
vn 0.380510 0.630745 0.676293
vn 0.255702 0.617282 0.744029
vn 0.179290 0.806926 0.562784
vn 0.048391 0.799359 0.598902
vn 0.048391 0.799359 0.598902
vn 0.096675 0.605580 0.789890
vn 0.255702 0.617282 0.744029
vn 0.096675 0.605580 0.789890
vn 0.048391 0.799359 0.598902
vn -0.071475 0.804372 0.589811
vn -0.071475 0.804372 0.589811
vn -0.059836 0.618357 0.783616
vn 0.096675 0.605580 0.789890
vn -0.059836 0.618357 0.783616
vn -0.071475 0.804372 0.589811
vn -0.166297 0.805602 0.568639
vn 0.345990 0.066656 0.935867
vn 0.255702 0.617282 0.744029
vn 0.096675 0.605580 0.789890
vn 0.096675 0.605580 0.789890
vn 0.174066 0.045964 0.983661
vn 0.345990 0.066656 0.935867
vn -0.072728 0.994893 0.069991
vn -0.071475 0.804372 0.589811
vn 0.048391 0.799359 0.598902
vn -0.071475 0.804372 0.589811
vn -0.072728 0.994893 0.069991
vn -0.105056 0.972376 0.208442
vn -0.105056 0.972376 0.208442
vn -0.166297 0.805602 0.568639
vn -0.071475 0.804372 0.589811
vn -0.166297 0.805602 0.568639
vn -0.105056 0.972376 0.208442
vn -0.073823 0.993609 0.085393
vn -0.073823 0.993609 0.085393
vn -0.252590 0.809742 0.529637
vn -0.166297 0.805602 0.568639
vn -0.252590 0.809742 0.529637
vn -0.073823 0.993609 0.085393
vn -0.164838 0.960121 0.225822
vn -0.164838 0.960121 0.225822
vn -0.308210 0.833251 0.459020
vn -0.252590 0.809742 0.529637
vn -0.393078 0.811855 0.431719
vn -0.308210 0.833251 0.459020
vn -0.164838 0.960121 0.225822
vn -0.091144 0.990178 0.106025
vn -0.393078 0.811855 0.431719
vn -0.091144 0.990178 0.106025
vn -0.120812 0.985680 0.117645
vn -0.120812 0.985680 0.117645
vn -0.091144 0.990178 0.106025
vn -0.049067 0.998612 0.019141
vn -0.073823 0.993609 0.085393
vn -0.105056 0.972376 0.208442
vn -0.072728 0.994893 0.069991
vn -0.073823 0.993609 0.085393
vn -0.072728 0.994893 0.069991
vn -0.010724 0.999722 -0.021017
vn -0.072728 0.994893 0.069991
vn -0.054628 0.991050 0.121803
vn -0.010724 0.999722 -0.021017
vn -0.091144 0.990178 0.106025
vn -0.164838 0.960121 0.225822
vn -0.073823 0.993609 0.085393
vn -0.091144 0.990178 0.106025
vn -0.073823 0.993609 0.085393
vn -0.049067 0.998612 0.019141
vn -0.073823 0.993609 0.085393
vn -0.010724 0.999722 -0.021017
vn -0.049067 0.998612 0.019141
vn -0.010724 0.999722 -0.021017
vn -0.012952 0.999904 0.004917
vn -0.049067 0.998612 0.019141
vn -0.010724 0.999722 -0.021017
vn -0.003352 0.999949 -0.009561
vn -0.012952 0.999904 0.004917
vn -0.003352 0.999949 -0.009561
vn -0.006015 0.999681 0.024547
vn -0.008859 0.999576 0.027750
vn -0.012952 0.999904 0.004917
vn -0.003352 0.999949 -0.009561
vn 0.036328 0.999019 -0.025330
vn 0.034027 0.999123 -0.024389
vn -0.006015 0.999681 0.024547
vn -0.003352 0.999949 -0.009561
vn 0.035054 0.999156 -0.021424
vn 0.036328 0.999019 -0.025330
vn -0.003352 0.999949 -0.009561
vn 0.202211 0.977162 -0.065306
vn 0.035054 0.999156 -0.021424
vn -0.010724 0.999722 -0.021017
vn 0.015692 0.999492 0.027749
vn -0.030437 0.996862 -0.073068
vn -0.010724 0.999722 -0.021017
vn -0.030437 0.996862 -0.073068
vn 0.018444 0.999718 -0.014925
vn -0.010724 0.999722 -0.021017
vn 0.018444 0.999718 -0.014925
vn -0.003352 0.999949 -0.009561
vn 0.018444 0.999718 -0.014925
vn 0.094870 0.995487 -0.002265
vn -0.003352 0.999949 -0.009561
vn 0.094870 0.995487 -0.002265
vn 0.203822 0.979006 -0.001735
vn -0.003352 0.999949 -0.009561
vn 0.018444 0.999718 -0.014925
vn 0.204449 0.977707 0.047847
vn 0.094870 0.995487 -0.002265
vn -0.030437 0.996862 -0.073068
vn 0.131731 0.989060 0.066382
vn 0.018444 0.999718 -0.014925
vn 0.202211 0.977162 -0.065306
vn -0.003352 0.999949 -0.009561
vn 0.522587 0.847686 -0.091278
vn 0.506651 0.845588 -0.168185
vn 0.522587 0.847686 -0.091278
vn -0.003352 0.999949 -0.009561
vn 0.203822 0.979006 -0.001735
vn 0.203822 0.979006 -0.001735
vn 0.531838 0.846837 0.004077
vn 0.522587 0.847686 -0.091278
vn 0.521147 0.849267 0.084564
vn 0.531838 0.846837 0.004077
vn 0.203822 0.979006 -0.001735
vn 0.094870 0.995487 -0.002265
vn 0.521147 0.849267 0.084564
vn 0.094870 0.995487 -0.002265
vn 0.204449 0.977707 0.047847
vn 0.204449 0.977707 0.047847
vn 0.535251 0.825768 0.177805
vn 0.521147 0.849267 0.084564
vn 0.535251 0.825768 0.177805
vn 0.204449 0.977707 0.047847
vn 0.018444 0.999718 -0.014925
vn 0.018444 0.999718 -0.014925
vn 0.510607 0.815128 0.273582
vn 0.535251 0.825768 0.177805
vn 0.510607 0.815128 0.273582
vn 0.018444 0.999718 -0.014925
vn 0.131731 0.989060 0.066382
vn 0.531838 0.846837 0.004077
vn 0.749740 0.661707 0.005752
vn 0.738780 0.663306 -0.119286
vn 0.749740 0.661707 0.005752
vn 0.531838 0.846837 0.004077
vn 0.521147 0.849267 0.084564
vn 0.521147 0.849267 0.084564
vn 0.731175 0.668931 0.133846
vn 0.749740 0.661707 0.005752
vn 0.731175 0.668931 0.133846
vn 0.521147 0.849267 0.084564
vn 0.535251 0.825768 0.177805
vn 0.535251 0.825768 0.177805
vn 0.711987 0.655443 0.251929
vn 0.731175 0.668931 0.133846
vn 0.711987 0.655443 0.251929
vn 0.535251 0.825768 0.177805
vn 0.510607 0.815128 0.273582
vn 0.510607 0.815128 0.273582
vn 0.673302 0.634242 0.380002
vn 0.711987 0.655443 0.251929
vn 0.673302 0.634242 0.380002
vn 0.510607 0.815128 0.273582
vn 0.442541 0.819928 0.363147
vn 0.442541 0.819928 0.363147
vn 0.579801 0.645789 0.496776
vn 0.673302 0.634242 0.380002
vn 0.579801 0.645789 0.496776
vn 0.442541 0.819928 0.363147
vn 0.370182 0.817265 0.441636
vn 0.938506 0.132950 -0.318639
vn 0.714116 0.657115 -0.241326
vn 0.738780 0.663306 -0.119286
vn 0.738780 0.663306 -0.119286
vn 0.977193 0.144925 -0.155209
vn 0.938506 0.132950 -0.318639
vn 0.977193 0.144925 -0.155209
vn 0.738780 0.663306 -0.119286
vn 0.749740 0.661707 0.005752
vn 0.749740 0.661707 0.005752
vn 0.988989 0.147083 0.016379
vn 0.977193 0.144925 -0.155209
vn 0.988989 0.147083 0.016379
vn 0.749740 0.661707 0.005752
vn 0.731175 0.668931 0.133846
vn 0.731175 0.668931 0.133846
vn 0.974188 0.154840 0.164266
vn 0.988989 0.147083 0.016379
vn 0.974188 0.154840 0.164266
vn 0.731175 0.668931 0.133846
vn 0.711987 0.655443 0.251929
vn 0.711987 0.655443 0.251929
vn 0.921053 0.144784 0.361523
vn 0.974188 0.154840 0.164266
vn 0.921053 0.144784 0.361523
vn 0.711987 0.655443 0.251929
vn 0.673302 0.634242 0.380002
vn 0.673302 0.634242 0.380002
vn 0.844744 0.104088 0.524951
vn 0.921053 0.144784 0.361523
vn 0.844744 0.104088 0.524951
vn 0.673302 0.634242 0.380002
vn 0.579801 0.645789 0.496776
vn 0.579801 0.645789 0.496776
vn 0.738887 0.104072 0.665744
vn 0.844744 0.104088 0.524951
vn 0.738887 0.104072 0.665744
vn 0.579801 0.645789 0.496776
vn 0.484146 0.638682 0.598070
vn 0.484146 0.638682 0.598070
vn 0.603520 0.101938 0.790805
vn 0.738887 0.104072 0.665744
vn 0.603520 0.101938 0.790805
vn 0.484146 0.638682 0.598070
vn 0.380510 0.630745 0.676293
vn 0.380510 0.630745 0.676293
vn 0.482130 0.086412 0.871828
vn 0.603520 0.101938 0.790805
vn 0.482130 0.086412 0.871828
vn 0.380510 0.630745 0.676293
vn 0.255702 0.617282 0.744029
vn 0.255702 0.617282 0.744029
vn 0.345990 0.066656 0.935867
vn 0.482130 0.086412 0.871828
vn 0.036328 0.999019 -0.025330
vn 0.136424 0.982503 -0.126790
vn 0.418866 0.820981 -0.387997
vn 0.368374 0.820774 -0.436613
vn 0.290386 0.819291 -0.494406
vn 0.399624 0.614385 -0.680318
vn 0.279982 0.600090 -0.749334
vn 0.399624 0.614385 -0.680318
vn 0.290386 0.819291 -0.494406
vn 0.368374 0.820774 -0.436613
vn 0.036328 0.999019 -0.025330
vn 0.368374 0.820774 -0.436613
vn 0.290386 0.819291 -0.494406
vn 0.035054 0.999156 -0.021424
vn 0.136424 0.982503 -0.126790
vn 0.036328 0.999019 -0.025330
vn 0.418866 0.820981 -0.387997
vn 0.136424 0.982503 -0.126790
vn 0.035054 0.999156 -0.021424
vn 0.035054 0.999156 -0.021424
vn 0.494330 0.823296 -0.278966
vn 0.418866 0.820981 -0.387997
vn 0.494330 0.823296 -0.278966
vn 0.035054 0.999156 -0.021424
vn 0.202211 0.977162 -0.065306
vn 0.202211 0.977162 -0.065306
vn 0.506651 0.845588 -0.168185
vn 0.494330 0.823296 -0.278966
vn 0.368374 0.820774 -0.436613
vn 0.476639 0.645204 -0.597098
vn 0.399624 0.614385 -0.680318
vn 0.574898 0.647444 -0.500309
vn 0.476639 0.645204 -0.597098
vn 0.368374 0.820774 -0.436613
vn 0.418866 0.820981 -0.387997
vn 0.574898 0.647444 -0.500309
vn 0.418866 0.820981 -0.387997
vn 0.494330 0.823296 -0.278966
vn 0.494330 0.823296 -0.278966
vn 0.674478 0.622326 -0.397228
vn 0.574898 0.647444 -0.500309
vn 0.674478 0.622326 -0.397228
vn 0.494330 0.823296 -0.278966
vn 0.506651 0.845588 -0.168185
vn 0.506651 0.845588 -0.168185
vn 0.714116 0.657115 -0.241326
vn 0.674478 0.622326 -0.397228
vn 0.714116 0.657115 -0.241326
vn 0.506651 0.845588 -0.168185
vn 0.522587 0.847686 -0.091278
vn 0.522587 0.847686 -0.091278
vn 0.738780 0.663306 -0.119286
vn 0.714116 0.657115 -0.241326
vn 0.738780 0.663306 -0.119286
vn 0.522587 0.847686 -0.091278
vn 0.531838 0.846837 0.004077
vn 0.340779 0.091511 -0.935679
vn 0.279982 0.600090 -0.749334
vn 0.399624 0.614385 -0.680318
vn 0.399624 0.614385 -0.680318
vn 0.478129 0.107798 -0.871649
vn 0.340779 0.091511 -0.935679
vn 0.612126 0.120193 -0.781572
vn 0.478129 0.107798 -0.871649
vn 0.399624 0.614385 -0.680318
vn 0.476639 0.645204 -0.597098
vn 0.612126 0.120193 -0.781572
vn 0.476639 0.645204 -0.597098
vn 0.574898 0.647444 -0.500309
vn 0.574898 0.647444 -0.500309
vn 0.751777 0.125624 -0.647341
vn 0.612126 0.120193 -0.781572
vn 0.861105 0.130472 -0.491401
vn 0.751777 0.125624 -0.647341
vn 0.574898 0.647444 -0.500309
vn 0.674478 0.622326 -0.397228
vn 0.861105 0.130472 -0.491401
vn 0.674478 0.622326 -0.397228
vn 0.714116 0.657115 -0.241326
vn 0.714116 0.657115 -0.241326
vn 0.938506 0.132950 -0.318639
vn 0.861105 0.130472 -0.491401
vn -0.634634 0.634569 -0.441092
vn -0.848460 -0.055689 -0.526321
vn -0.908126 -0.047709 -0.415970
vn -0.848460 -0.055689 -0.526321
vn -0.634634 0.634569 -0.441092
vn -0.616583 0.585183 -0.526675
vn -0.033559 0.998412 -0.045237
vn -0.616583 0.585183 -0.526675
vn -0.634634 0.634569 -0.441092
vn -0.616583 0.585183 -0.526675
vn -0.033559 0.998412 -0.045237
vn -0.021114 0.997657 -0.065071
vn -0.021114 0.997657 -0.065071
vn -0.503137 0.630232 -0.591321
vn -0.616583 0.585183 -0.526675
vn -0.768472 -0.038475 -0.638726
vn -0.616583 0.585183 -0.526675
vn -0.503137 0.630232 -0.591321
vn -0.503137 0.630232 -0.591321
vn -0.660067 0.018180 -0.750987
vn -0.768472 -0.038475 -0.638726
vn -0.616583 0.585183 -0.526675
vn -0.768472 -0.038475 -0.638726
vn -0.848460 -0.055689 -0.526321
vn 0.637352 0.192134 0.746235
vn -0.021114 0.997657 -0.065071
vn -0.033559 0.998412 -0.045237
vn 0.627268 0.062764 0.776270
vn 0.637352 0.192134 0.746235
vn 0.742964 0.169498 0.647515
vn -0.033559 0.998412 -0.045237
vn 0.742964 0.169498 0.647515
vn 0.637352 0.192134 0.746235
vn 0.742964 0.169498 0.647515
vn -0.033559 0.998412 -0.045237
vn -0.114722 0.982550 -0.146404
vn -0.634634 0.634569 -0.441092
vn -0.114722 0.982550 -0.146404
vn -0.033559 0.998412 -0.045237
vn -0.122659 0.978618 -0.165111
vn -0.114722 0.982550 -0.146404
vn -0.634634 0.634569 -0.441092
vn -0.667130 0.646470 -0.370153
vn -0.908126 -0.047709 -0.415970
vn -0.667130 0.646470 -0.370153
vn -0.634634 0.634569 -0.441092
vn -0.667130 0.646470 -0.370153
vn -0.908126 -0.047709 -0.415970
vn -0.962580 -0.053610 -0.265642
vn -0.962580 -0.053610 -0.265642
vn -0.817615 0.520636 -0.245854
vn -0.667130 0.646470 -0.370153
vn -0.817615 0.520636 -0.245854
vn -0.962580 -0.053610 -0.265642
vn -0.996727 -0.047172 -0.065652
vn -0.122659 0.978618 -0.165111
vn -0.667130 0.646470 -0.370153
vn -0.817615 0.520636 -0.245854
vn 0.833755 0.151393 0.530974
vn -0.114722 0.982550 -0.146404
vn -0.122659 0.978618 -0.165111
vn -0.114722 0.982550 -0.146404
vn 0.833755 0.151393 0.530974
vn 0.742964 0.169498 0.647515
vn 0.730305 0.051620 0.681168
vn 0.742964 0.169498 0.647515
vn 0.833755 0.151393 0.530974
vn 0.742964 0.169498 0.647515
vn 0.730305 0.051620 0.681168
vn 0.627268 0.062764 0.776270
vn 0.615894 -0.212487 0.758633
vn 0.627268 0.062764 0.776270
vn 0.730305 0.051620 0.681168
vn 0.910013 0.154546 0.384696
vn -0.122659 0.978618 -0.165111
vn -0.089999 0.992366 -0.084318
vn -0.817615 0.520636 -0.245854
vn -0.089999 0.992366 -0.084318
vn -0.122659 0.978618 -0.165111
vn -0.089999 0.992366 -0.084318
vn -0.817615 0.520636 -0.245854
vn -0.829469 0.552724 -0.080476
vn -0.996727 -0.047172 -0.065652
vn -0.829469 0.552724 -0.080476
vn -0.817615 0.520636 -0.245854
vn -0.829469 0.552724 -0.080476
vn -0.996727 -0.047172 -0.065652
vn -0.992309 -0.040354 0.117020
vn 0.844138 -0.122064 0.522046
vn 0.830737 0.054544 0.553987
vn 0.911250 0.072439 0.405434
vn 0.910013 0.154546 0.384696
vn 0.911250 0.072439 0.405434
vn 0.830737 0.054544 0.553987
vn 0.911250 0.072439 0.405434
vn 0.910013 0.154546 0.384696
vn 0.957586 0.164614 0.236499
vn -0.089999 0.992366 -0.084318
vn 0.957586 0.164614 0.236499
vn 0.910013 0.154546 0.384696
vn 0.957586 0.164614 0.236499
vn -0.089999 0.992366 -0.084318
vn -0.056870 0.996683 -0.058217
vn -0.829469 0.552724 -0.080476
vn -0.056870 0.996683 -0.058217
vn -0.089999 0.992366 -0.084318
vn -0.056870 0.996683 -0.058217
vn -0.829469 0.552724 -0.080476
vn -0.826718 0.557627 0.074769
vn -0.992309 -0.040354 0.117020
vn -0.826718 0.557627 0.074769
vn -0.829469 0.552724 -0.080476
vn -0.826718 0.557627 0.074769
vn -0.992309 -0.040354 0.117020
vn -0.950533 -0.089906 0.297327
vn -0.950533 -0.089906 0.297327
vn -0.804436 0.538727 0.250311
vn -0.826718 0.557627 0.074769
vn 0.915763 -0.095646 0.390165
vn 0.911250 0.072439 0.405434
vn 0.967161 0.081359 0.240792
vn 0.957586 0.164614 0.236499
vn 0.967161 0.081359 0.240792
vn 0.911250 0.072439 0.405434
vn 0.967161 0.081359 0.240792
vn 0.957586 0.164614 0.236499
vn 0.983517 0.170192 0.061064
vn -0.056870 0.996683 -0.058217
vn 0.983517 0.170192 0.061064
vn 0.957586 0.164614 0.236499
vn 0.983517 0.170192 0.061064
vn -0.056870 0.996683 -0.058217
vn -0.044321 0.997701 -0.051264
vn -0.826718 0.557627 0.074769
vn -0.044321 0.997701 -0.051264
vn -0.056870 0.996683 -0.058217
vn -0.044321 0.997701 -0.051264
vn -0.826718 0.557627 0.074769
vn -0.804436 0.538727 0.250311
vn -0.804436 0.538727 0.250311
vn -0.066138 0.997809 0.001564
vn -0.044321 0.997701 -0.051264
vn -0.066138 0.997809 0.001564
vn -0.804436 0.538727 0.250311
vn -0.753045 0.501646 0.425765
vn -0.753045 0.501646 0.425765
vn -0.078329 0.996250 0.036750
vn -0.066138 0.997809 0.001564
vn 0.915763 -0.095646 0.390165
vn 0.963547 -0.090804 0.251659
vn 0.970781 0.006019 0.239892
vn 0.967161 0.081359 0.240792
vn 0.963547 -0.090804 0.251659
vn 0.915763 -0.095646 0.390165
vn 0.963547 -0.090804 0.251659
vn 0.967161 0.081359 0.240792
vn 0.993733 0.099952 0.050037
vn 0.983517 0.170192 0.061064
vn 0.993733 0.099952 0.050037
vn 0.967161 0.081359 0.240792
vn 0.993733 0.099952 0.050037
vn 0.983517 0.170192 0.061064
vn 0.970869 0.204038 -0.125626
vn -0.044321 0.997701 -0.051264
vn 0.970869 0.204038 -0.125626
vn 0.983517 0.170192 0.061064
vn 0.970869 0.204038 -0.125626
vn -0.044321 0.997701 -0.051264
vn -0.066138 0.997809 0.001564
vn -0.066138 0.997809 0.001564
vn 0.917913 0.284959 -0.276106
vn 0.970869 0.204038 -0.125626
vn 0.917913 0.284959 -0.276106
vn -0.066138 0.997809 0.001564
vn -0.078329 0.996250 0.036750
vn -0.078329 0.996250 0.036750
vn 0.831668 0.313898 -0.458036
vn 0.917913 0.284959 -0.276106
vn 0.996022 -0.067820 0.057800
vn 0.993733 0.099952 0.050037
vn 0.982657 0.124439 -0.137475
vn 0.970869 0.204038 -0.125626
vn 0.982657 0.124439 -0.137475
vn 0.993733 0.099952 0.050037
vn 0.982657 0.124439 -0.137475
vn 0.970869 0.204038 -0.125626
vn 0.961483 0.139756 -0.236681
vn 0.970869 0.204038 -0.125626
vn 0.917913 0.284959 -0.276106
vn 0.961483 0.139756 -0.236681
vn 0.961483 0.139756 -0.236681
vn 0.917913 0.284959 -0.276106
vn 0.949574 0.089103 -0.300615
vn 0.876576 0.095094 -0.471775
vn 0.949574 0.089103 -0.300615
vn 0.917913 0.284959 -0.276106
vn 0.978396 -0.165980 -0.123258
vn 0.949574 0.089103 -0.300615
vn 0.876576 0.095094 -0.471775
vn 0.876576 0.095094 -0.471775
vn 0.799242 -0.257133 -0.543227
vn 0.978396 -0.165980 -0.123258
vn 0.799242 -0.257133 -0.543227
vn 0.876576 0.095094 -0.471775
vn 0.779728 0.128953 -0.612695
vn 0.779728 0.128953 -0.612695
vn 0.666710 -0.218787 -0.712481
vn 0.799242 -0.257133 -0.543227
vn 0.949574 0.089103 -0.300615
vn 0.971633 0.140478 -0.190250
vn 0.961483 0.139756 -0.236681
vn 0.971633 0.140478 -0.190250
vn 0.949574 0.089103 -0.300615
vn 0.978396 -0.165980 -0.123258
vn 0.978396 -0.165980 -0.123258
vn 0.989525 0.125668 0.071043
vn 0.971633 0.140478 -0.190250
vn 0.913797 0.241890 -0.326290
vn 0.971633 0.140478 -0.190250
vn 0.989525 0.125668 0.071043
vn 0.989525 0.125668 0.071043
vn 0.882383 0.470095 0.020287
vn 0.913797 0.241890 -0.326290
vn 0.913797 0.241890 -0.326290
vn 0.882383 0.470095 0.020287
vn 0.778359 0.560661 -0.282517
vn 0.778359 0.560661 -0.282517
vn 0.835382 0.332482 -0.437712
vn 0.913797 0.241890 -0.326290
vn 0.835382 0.332482 -0.437712
vn 0.778359 0.560661 -0.282517
vn 0.498652 0.488756 -0.715866
vn 0.516828 0.146774 -0.843414
vn 0.666710 -0.218787 -0.712481
vn 0.779728 0.128953 -0.612695
vn 0.779728 0.128953 -0.612695
vn 0.699486 0.186524 -0.689875
vn 0.516828 0.146774 -0.843414
vn 0.498652 0.488756 -0.715866
vn 0.516828 0.146774 -0.843414
vn 0.699486 0.186524 -0.689875
vn 0.699486 0.186524 -0.689875
vn 0.747247 0.289934 -0.597964
vn 0.498652 0.488756 -0.715866
vn 0.498652 0.488756 -0.715866
vn 0.747247 0.289934 -0.597964
vn 0.835382 0.332482 -0.437712
vn 0.859329 0.192206 -0.473930
vn 0.835382 0.332482 -0.437712
vn 0.747247 0.289934 -0.597964
vn 0.913797 0.241890 -0.326290
vn 0.835382 0.332482 -0.437712
vn 0.859329 0.192206 -0.473930
vn 0.859329 0.192206 -0.473930
vn 0.938904 0.156589 -0.306494
vn 0.913797 0.241890 -0.326290
vn 0.971633 0.140478 -0.190250
vn 0.913797 0.241890 -0.326290
vn 0.938904 0.156589 -0.306494
vn 0.938904 0.156589 -0.306494
vn 0.961483 0.139756 -0.236681
vn 0.971633 0.140478 -0.190250
vn 0.938904 0.156589 -0.306494
vn 0.943665 -0.008575 -0.330790
vn 0.986743 -0.032612 -0.158978
vn 0.873988 -0.020179 -0.485529
vn 0.943665 -0.008575 -0.330790
vn 0.938904 0.156589 -0.306494
vn 0.938904 0.156589 -0.306494
vn 0.859329 0.192206 -0.473930
vn 0.873988 -0.020179 -0.485529
vn 0.873988 -0.020179 -0.485529
vn 0.859329 0.192206 -0.473930
vn 0.740876 0.204746 -0.639673
vn 0.747247 0.289934 -0.597964
vn 0.740876 0.204746 -0.639673
vn 0.859329 0.192206 -0.473930
vn 0.740876 0.204746 -0.639673
vn 0.747247 0.289934 -0.597964
vn 0.699486 0.186524 -0.689875
vn 0.699486 0.186524 -0.689875
vn 0.697270 0.185587 -0.692367
vn 0.740876 0.204746 -0.639673
vn 0.697270 0.185587 -0.692367
vn 0.699486 0.186524 -0.689875
vn 0.779728 0.128953 -0.612695
vn 0.779728 0.128953 -0.612695
vn 0.711563 0.294415 -0.637964
vn 0.697270 0.185587 -0.692367
vn 0.711563 0.294415 -0.637964
vn 0.779728 0.128953 -0.612695
vn 0.876576 0.095094 -0.471775
vn 0.876576 0.095094 -0.471775
vn 0.831668 0.313898 -0.458036
vn 0.711563 0.294415 -0.637964
vn 0.917913 0.284959 -0.276106
vn 0.831668 0.313898 -0.458036
vn 0.876576 0.095094 -0.471775
vn 0.740876 0.204746 -0.639673
vn 0.779594 0.016813 -0.626060
vn 0.873988 -0.020179 -0.485529
vn 0.780768 0.070576 -0.620822
vn 0.868228 0.083411 -0.489104
vn 0.873988 -0.020179 -0.485529
vn 0.873988 -0.020179 -0.485529
vn 0.779594 0.016813 -0.626060
vn 0.780768 0.070576 -0.620822
vn 0.667569 0.044522 -0.743216
vn 0.780768 0.070576 -0.620822
vn 0.779594 0.016813 -0.626060
vn 0.779594 0.016813 -0.626060
vn 0.657702 -0.010634 -0.753203
vn 0.667569 0.044522 -0.743216
vn 0.657702 -0.010634 -0.753203
vn 0.779594 0.016813 -0.626060
vn 0.740876 0.204746 -0.639673
vn 0.740876 0.204746 -0.639673
vn 0.625735 0.187398 -0.757190
vn 0.657702 -0.010634 -0.753203
vn 0.740876 0.204746 -0.639673
vn 0.697270 0.185587 -0.692367
vn 0.625735 0.187398 -0.757190
vn 0.697270 0.185587 -0.692367
vn 0.618857 0.260105 -0.741189
vn 0.625735 0.187398 -0.757190
vn 0.697270 0.185587 -0.692367
vn 0.711563 0.294415 -0.637964
vn 0.618857 0.260105 -0.741189
vn 0.657702 -0.010634 -0.753203
vn 0.625735 0.187398 -0.757190
vn 0.479135 0.201246 -0.854359
vn 0.625735 0.187398 -0.757190
vn 0.618857 0.260105 -0.741189
vn 0.490837 0.295790 -0.819504
vn 0.490837 0.295790 -0.819504
vn 0.479135 0.201246 -0.854359
vn 0.625735 0.187398 -0.757190
vn 0.479135 0.201246 -0.854359
vn 0.490837 0.295790 -0.819504
vn 0.337783 0.314580 -0.887098
vn 0.831668 0.313898 -0.458036
vn -0.078329 0.996250 0.036750
vn -0.073824 0.996285 0.044342
vn -0.073824 0.996285 0.044342
vn 0.711563 0.294415 -0.637964
vn 0.831668 0.313898 -0.458036
vn 0.711563 0.294415 -0.637964
vn -0.073824 0.996285 0.044342
vn -0.065022 0.996609 0.050425
vn -0.065022 0.996609 0.050425
vn 0.618857 0.260105 -0.741189
vn 0.711563 0.294415 -0.637964
vn 0.618857 0.260105 -0.741189
vn -0.065022 0.996609 0.050425
vn 0.000872 0.999441 -0.033410
vn 0.000872 0.999441 -0.033410
vn 0.490837 0.295790 -0.819504
vn 0.618857 0.260105 -0.741189
vn 0.337783 0.314580 -0.887098
vn 0.490837 0.295790 -0.819504
vn 0.000872 0.999441 -0.033410
vn 0.019165 0.999498 -0.025240
vn 0.337783 0.314580 -0.887098
vn 0.019165 0.999498 -0.025240
vn 0.008961 0.995636 0.092893
vn 0.008961 0.995636 0.092893
vn 0.180840 0.312036 -0.932701
vn 0.337783 0.314580 -0.887098
vn -0.078329 0.996250 0.036750
vn -0.753045 0.501646 0.425765
vn -0.678327 0.480180 0.556148
vn -0.678327 0.480180 0.556148
vn -0.073824 0.996285 0.044342
vn -0.078329 0.996250 0.036750
vn -0.073824 0.996285 0.044342
vn -0.678327 0.480180 0.556148
vn -0.578688 0.482052 0.657834
vn -0.578688 0.482052 0.657834
vn -0.065022 0.996609 0.050425
vn -0.073824 0.996285 0.044342
vn -0.065022 0.996609 0.050425
vn -0.578688 0.482052 0.657834
vn -0.464676 0.460778 0.756148
vn -0.464676 0.460778 0.756148
vn 0.000872 0.999441 -0.033410
vn -0.065022 0.996609 0.050425
vn 0.000872 0.999441 -0.033410
vn -0.464676 0.460778 0.756148
vn -0.317752 0.480283 0.817534
vn -0.317752 0.480283 0.817534
vn 0.019165 0.999498 -0.025240
vn 0.000872 0.999441 -0.033410
vn 0.019165 0.999498 -0.025240
vn -0.317752 0.480283 0.817534
vn -0.145155 0.470501 0.870378
vn -0.145155 0.470501 0.870378
vn 0.008961 0.995636 0.092893
vn 0.019165 0.999498 -0.025240
vn -0.804436 0.538727 0.250311
vn -0.950533 -0.089906 0.297327
vn -0.867731 -0.087862 0.489206
vn -0.867731 -0.087862 0.489206
vn -0.753045 0.501646 0.425765
vn -0.804436 0.538727 0.250311
vn -0.753045 0.501646 0.425765
vn -0.867731 -0.087862 0.489206
vn -0.764491 -0.125658 0.632268
vn -0.764491 -0.125658 0.632268
vn -0.678327 0.480180 0.556148
vn -0.753045 0.501646 0.425765
vn -0.678327 0.480180 0.556148
vn -0.764491 -0.125658 0.632268
vn -0.655942 -0.125059 0.744379
vn -0.655942 -0.125059 0.744379
vn -0.578688 0.482052 0.657834
vn -0.678327 0.480180 0.556148
vn -0.578688 0.482052 0.657834
vn -0.655942 -0.125059 0.744379
vn -0.519023 -0.154179 0.840740
vn -0.519023 -0.154179 0.840740
vn -0.464676 0.460778 0.756148
vn -0.578688 0.482052 0.657834
vn -0.464676 0.460778 0.756148
vn -0.519023 -0.154179 0.840740
vn -0.361500 -0.160364 0.918477
vn -0.361500 -0.160364 0.918477
vn -0.317752 0.480283 0.817534
vn -0.464676 0.460778 0.756148
vn -0.317752 0.480283 0.817534
vn -0.361500 -0.160364 0.918477
vn -0.178184 -0.166878 0.969743
vn -0.178184 -0.166878 0.969743
vn -0.145155 0.470501 0.870378
vn -0.317752 0.480283 0.817534
vn -0.145155 0.470501 0.870378
vn -0.178184 -0.166878 0.969743
vn 0.048709 -0.201328 0.978312
vn 0.048709 -0.201328 0.978312
vn 0.074964 0.412478 0.907878
vn -0.145155 0.470501 0.870378
vn 0.074964 0.412478 0.907878
vn 0.048709 -0.201328 0.978312
vn 0.256876 -0.278865 0.925337
vn 0.256876 -0.278865 0.925337
vn 0.280567 0.404697 0.870346
vn 0.074964 0.412478 0.907878
vn 0.280567 0.404697 0.870346
vn 0.256876 -0.278865 0.925337
vn 0.352600 -0.322598 0.878410
vn 0.352600 -0.322598 0.878410
vn 0.368729 0.447748 0.814592
vn 0.280567 0.404697 0.870346
vn 0.368729 0.447748 0.814592
vn 0.352600 -0.322598 0.878410
vn 0.444858 -0.145600 0.883687
vn 0.444858 -0.145600 0.883687
vn 0.377114 0.583660 0.719115
vn 0.368729 0.447748 0.814592
vn 0.008961 0.995636 0.092893
vn -0.145155 0.470501 0.870378
vn 0.074964 0.412478 0.907878
vn 0.074964 0.412478 0.907878
vn 0.077924 0.995345 0.056715
vn 0.008961 0.995636 0.092893
vn 0.077924 0.995345 0.056715
vn 0.074964 0.412478 0.907878
vn 0.280567 0.404697 0.870346
vn 0.280567 0.404697 0.870346
vn 0.090020 0.994683 0.050025
vn 0.077924 0.995345 0.056715
vn 0.090020 0.994683 0.050025
vn 0.280567 0.404697 0.870346
vn 0.368729 0.447748 0.814592
vn 0.368729 0.447748 0.814592
vn 0.062457 0.997331 0.037821
vn 0.090020 0.994683 0.050025
vn 0.062457 0.997331 0.037821
vn 0.368729 0.447748 0.814592
vn 0.377114 0.583660 0.719115
vn 0.180840 0.312036 -0.932701
vn 0.008961 0.995636 0.092893
vn 0.077924 0.995345 0.056715
vn 0.077924 0.995345 0.056715
vn -0.033503 0.340819 -0.939532
vn 0.180840 0.312036 -0.932701
vn -0.033503 0.340819 -0.939532
vn 0.077924 0.995345 0.056715
vn 0.090020 0.994683 0.050025
vn 0.090020 0.994683 0.050025
vn -0.250531 0.354741 -0.900773
vn -0.033503 0.340819 -0.939532
vn -0.250531 0.354741 -0.900773
vn 0.090020 0.994683 0.050025
vn 0.062457 0.997331 0.037821
vn 0.026794 0.999234 0.028537
vn 0.377114 0.583660 0.719115
vn 0.463338 0.575945 0.673502
vn 0.377114 0.583660 0.719115
vn 0.026794 0.999234 0.028537
vn 0.062457 0.997331 0.037821
vn -0.362240 0.304104 -0.881081
vn 0.062457 0.997331 0.037821
vn 0.026794 0.999234 0.028537
vn 0.062457 0.997331 0.037821
vn -0.362240 0.304104 -0.881081
vn -0.250531 0.354741 -0.900773
vn -0.182494 0.238517 -0.953837
vn -0.250531 0.354741 -0.900773
vn -0.362240 0.304104 -0.881081
vn -0.250531 0.354741 -0.900773
vn -0.182494 0.238517 -0.953837
vn -0.088127 0.278406 -0.956412
vn -0.086851 0.000228 -0.996221
vn -0.088127 0.278406 -0.956412
vn -0.182494 0.238517 -0.953837
vn -0.088127 0.278406 -0.956412
vn -0.086851 0.000228 -0.996221
vn 0.101845 0.016561 -0.994662
vn 0.101845 0.016561 -0.994662
vn -0.086851 0.000228 -0.996221
vn -0.059735 0.073471 -0.995507
vn -0.059735 0.073471 -0.995507
vn 0.105509 0.149059 -0.983183
vn 0.101845 0.016561 -0.994662
vn -0.222658 0.165803 -0.960694
vn -0.362240 0.304104 -0.881081
vn -0.436984 0.232268 -0.868963
vn -0.362240 0.304104 -0.881081
vn -0.222658 0.165803 -0.960694
vn -0.182494 0.238517 -0.953837
vn -0.136607 -0.049395 -0.989393
vn -0.182494 0.238517 -0.953837
vn -0.222658 0.165803 -0.960694
vn -0.182494 0.238517 -0.953837
vn -0.136607 -0.049395 -0.989393
vn -0.086851 0.000228 -0.996221
vn -0.086851 0.000228 -0.996221
vn -0.136607 -0.049395 -0.989393
vn -0.135114 0.051810 -0.989474
vn -0.135114 0.051810 -0.989474
vn -0.059735 0.073471 -0.995507
vn -0.086851 0.000228 -0.996221
vn -0.059735 0.073471 -0.995507
vn -0.135114 0.051810 -0.989474
vn -0.114666 0.140203 -0.983461
vn -0.114666 0.140203 -0.983461
vn -0.033283 0.192458 -0.980741
vn -0.059735 0.073471 -0.995507
vn 0.009213 0.015507 -0.999837
vn -0.033283 0.192458 -0.980741
vn -0.114666 0.140203 -0.983461
vn -0.033283 0.192458 -0.980741
vn 0.009213 0.015507 -0.999837
vn 0.097120 0.046707 -0.994176
vn -0.114666 0.140203 -0.983461
vn -0.101508 -0.011480 -0.994769
vn 0.009213 0.015507 -0.999837
vn -0.101508 -0.011480 -0.994769
vn -0.114666 0.140203 -0.983461
vn -0.232928 0.141640 -0.962124
vn -0.232928 0.141640 -0.962124
vn -0.114666 0.140203 -0.983461
vn -0.135114 0.051810 -0.989474
vn -0.135114 0.051810 -0.989474
vn -0.225432 0.063252 -0.972204
vn -0.232928 0.141640 -0.962124
vn -0.225432 0.063252 -0.972204
vn -0.135114 0.051810 -0.989474
vn -0.136607 -0.049395 -0.989393
vn -0.136607 -0.049395 -0.989393
vn -0.207809 -0.040483 -0.977331
vn -0.225432 0.063252 -0.972204
vn -0.222658 0.165803 -0.960694
vn -0.207809 -0.040483 -0.977331
vn -0.136607 -0.049395 -0.989393
vn -0.207809 -0.040483 -0.977331
vn -0.222658 0.165803 -0.960694
vn -0.388005 0.130456 -0.912378
vn -0.436984 0.232268 -0.868963
vn -0.388005 0.130456 -0.912378
vn -0.222658 0.165803 -0.960694
vn -0.388005 0.130456 -0.912378
vn -0.436984 0.232268 -0.868963
vn -0.560995 0.211613 -0.800315
vn -0.232928 0.141640 -0.962124
vn -0.262436 0.006764 -0.964926
vn -0.101508 -0.011480 -0.994769
vn -0.262436 0.006764 -0.964926
vn -0.232928 0.141640 -0.962124
vn -0.453277 0.140204 -0.880274
vn -0.453277 0.140204 -0.880274
vn -0.232928 0.141640 -0.962124
vn -0.225432 0.063252 -0.972204
vn -0.225432 0.063252 -0.972204
vn -0.415695 0.118838 -0.901707
vn -0.453277 0.140204 -0.880274
vn -0.415695 0.118838 -0.901707
vn -0.225432 0.063252 -0.972204
vn -0.207809 -0.040483 -0.977331
vn -0.207809 -0.040483 -0.977331
vn -0.402790 0.020800 -0.915056
vn -0.415695 0.118838 -0.901707
vn -0.388005 0.130456 -0.912378
vn -0.402790 0.020800 -0.915056
vn -0.207809 -0.040483 -0.977331
vn -0.402790 0.020800 -0.915056
vn -0.388005 0.130456 -0.912378
vn -0.584847 0.141682 -0.798674
vn -0.560995 0.211613 -0.800315
vn -0.584847 0.141682 -0.798674
vn -0.388005 0.130456 -0.912378
vn -0.584847 0.141682 -0.798674
vn -0.560995 0.211613 -0.800315
vn -0.710328 0.210676 -0.671603
vn -0.453277 0.140204 -0.880274
vn -0.463699 0.040826 -0.885052
vn -0.262436 0.006764 -0.964926
vn -0.569717 0.059425 -0.819690
vn -0.463699 0.040826 -0.885052
vn -0.453277 0.140204 -0.880274
vn -0.556137 0.142837 -0.818724
vn -0.556137 0.142837 -0.818724
vn -0.453277 0.140204 -0.880274
vn -0.415695 0.118838 -0.901707
vn -0.415695 0.118838 -0.901707
vn -0.581151 0.120579 -0.804813
vn -0.556137 0.142837 -0.818724
vn -0.581151 0.120579 -0.804813
vn -0.415695 0.118838 -0.901707
vn -0.402790 0.020800 -0.915056
vn -0.402790 0.020800 -0.915056
vn -0.594117 0.033007 -0.803701
vn -0.581151 0.120579 -0.804813
vn -0.584847 0.141682 -0.798674
vn -0.594117 0.033007 -0.803701
vn -0.402790 0.020800 -0.915056
vn -0.594117 0.033007 -0.803701
vn -0.584847 0.141682 -0.798674
vn -0.738962 0.149335 -0.656989
vn -0.738962 0.149335 -0.656989
vn -0.744467 0.003662 -0.667649
vn -0.594117 0.033007 -0.803701
vn -0.744467 0.003662 -0.667649
vn -0.738962 0.149335 -0.656989
vn -0.844330 0.142110 -0.516634
vn -0.710328 0.210676 -0.671603
vn -0.738962 0.149335 -0.656989
vn -0.584847 0.141682 -0.798674
vn -0.738962 0.149335 -0.656989
vn -0.710328 0.210676 -0.671603
vn -0.837228 0.224697 -0.498558
vn -0.837228 0.224697 -0.498558
vn -0.844330 0.142110 -0.516634
vn -0.738962 0.149335 -0.656989
vn -0.844330 0.142110 -0.516634
vn -0.837228 0.224697 -0.498558
vn -0.907065 0.217499 -0.360455
vn -0.907065 0.217499 -0.360455
vn -0.904244 0.122512 -0.409063
vn -0.844330 0.142110 -0.516634
vn -0.845142 -0.010328 -0.534442
vn -0.844330 0.142110 -0.516634
vn -0.904244 0.122512 -0.409063
vn -0.904244 0.122512 -0.409063
vn -0.911764 -0.018075 -0.410317
vn -0.845142 -0.010328 -0.534442
vn -0.845142 -0.010328 -0.534442
vn -0.911764 -0.018075 -0.410317
vn -0.910680 0.072614 -0.406682
vn -0.975945 0.079396 -0.203048
vn -0.910680 0.072614 -0.406682
vn -0.911764 -0.018075 -0.410317
vn -0.910680 0.072614 -0.406682
vn -0.975945 0.079396 -0.203048
vn -0.956736 0.210815 -0.200534
vn -0.844330 0.142110 -0.516634
vn -0.845142 -0.010328 -0.534442
vn -0.744467 0.003662 -0.667649
vn -0.744467 0.003662 -0.667649
vn -0.845142 -0.010328 -0.534442
vn -0.842786 0.081375 -0.532061
vn -0.910680 0.072614 -0.406682
vn -0.842786 0.081375 -0.532061
vn -0.845142 -0.010328 -0.534442
vn -0.842786 0.081375 -0.532061
vn -0.910680 0.072614 -0.406682
vn -0.897189 0.190250 -0.398567
vn -0.956736 0.210815 -0.200534
vn -0.897189 0.190250 -0.398567
vn -0.910680 0.072614 -0.406682
vn -0.920300 0.105926 -0.376599
vn -0.897189 0.190250 -0.398567
vn -0.956736 0.210815 -0.200534
vn -0.956736 0.210815 -0.200534
vn -0.974125 0.111678 -0.196491
vn -0.920300 0.105926 -0.376599
vn -0.920300 0.105926 -0.376599
vn -0.974125 0.111678 -0.196491
vn -0.965830 0.168641 -0.196807
vn -0.986882 0.159828 -0.022791
vn -0.965830 0.168641 -0.196807
vn -0.974125 0.111678 -0.196491
vn -0.965830 0.168641 -0.196807
vn -0.986882 0.159828 -0.022791
vn -0.925517 0.378092 -0.021563
vn -0.897189 0.190250 -0.398567
vn -0.920300 0.105926 -0.376599
vn -0.842477 0.070168 -0.534144
vn -0.842477 0.070168 -0.534144
vn -0.920300 0.105926 -0.376599
vn -0.923063 0.147424 -0.355276
vn -0.965830 0.168641 -0.196807
vn -0.923063 0.147424 -0.355276
vn -0.920300 0.105926 -0.376599
vn -0.923063 0.147424 -0.355276
vn -0.965830 0.168641 -0.196807
vn -0.912000 0.367459 -0.182289
vn -0.925517 0.378092 -0.021563
vn -0.912000 0.367459 -0.182289
vn -0.965830 0.168641 -0.196807
vn -0.958856 0.211771 -0.189073
vn -0.912000 0.367459 -0.182289
vn -0.925517 0.378092 -0.021563
vn -0.925517 0.378092 -0.021563
vn -0.974886 0.221827 -0.019762
vn -0.958856 0.211771 -0.189073
vn -0.967010 0.177477 -0.182738
vn -0.958856 0.211771 -0.189073
vn -0.974886 0.221827 -0.019762
vn -0.974886 0.221827 -0.019762
vn -0.981748 0.190027 -0.007826
vn -0.967010 0.177477 -0.182738
vn -0.979196 0.152074 -0.134347
vn -0.967010 0.177477 -0.182738
vn -0.981748 0.190027 -0.007826
vn -0.981748 0.190027 -0.007826
vn -0.986551 0.156697 0.046501
vn -0.979196 0.152074 -0.134347
vn -0.967010 0.177477 -0.182738
vn -0.979196 0.152074 -0.134347
vn -0.936903 0.142904 -0.319048
vn -0.958856 0.211771 -0.189073
vn -0.967010 0.177477 -0.182738
vn -0.905644 0.166181 -0.390119
vn -0.936903 0.142904 -0.319048
vn -0.905644 0.166181 -0.390119
vn -0.967010 0.177477 -0.182738
vn -0.905644 0.166181 -0.390119
vn -0.936903 0.142904 -0.319048
vn -0.880380 0.137353 -0.453945
vn -0.912000 0.367459 -0.182289
vn -0.958856 0.211771 -0.189073
vn -0.890190 0.174153 -0.420990
vn -0.905644 0.166181 -0.390119
vn -0.890190 0.174153 -0.420990
vn -0.958856 0.211771 -0.189073
vn -0.890190 0.174153 -0.420990
vn -0.905644 0.166181 -0.390119
vn -0.880380 0.137353 -0.453945
vn -0.850673 0.155638 -0.502128
vn -0.850673 0.155638 -0.502128
vn -0.880380 0.137353 -0.453945
vn -0.802723 0.131998 -0.581560
vn -0.985052 0.087849 -0.148172
vn -0.979196 0.152074 -0.134347
vn -0.986551 0.156697 0.046501
vn -0.979196 0.152074 -0.134347
vn -0.985052 0.087849 -0.148172
vn -0.946077 0.092745 -0.310381
vn -0.946077 0.092745 -0.310381
vn -0.936903 0.142904 -0.319048
vn -0.979196 0.152074 -0.134347
vn -0.936903 0.142904 -0.319048
vn -0.946077 0.092745 -0.310381
vn -0.877539 0.086474 -0.471644
vn -0.877539 0.086474 -0.471644
vn -0.880380 0.137353 -0.453945
vn -0.936903 0.142904 -0.319048
vn -0.880380 0.137353 -0.453945
vn -0.877539 0.086474 -0.471644
vn -0.797847 0.098603 -0.594742
vn -0.797847 0.098603 -0.594742
vn -0.802723 0.131998 -0.581560
vn -0.880380 0.137353 -0.453945
vn -0.802723 0.131998 -0.581560
vn -0.797847 0.098603 -0.594742
vn -0.673380 0.105427 -0.731741
vn -0.673380 0.105427 -0.731741
vn -0.659388 0.126155 -0.741143
vn -0.802723 0.131998 -0.581560
vn -0.659388 0.126155 -0.741143
vn -0.673380 0.105427 -0.731741
vn -0.497193 0.098823 -0.861994
vn -0.912000 0.367459 -0.182289
vn -0.871902 0.354907 -0.337385
vn -0.923063 0.147424 -0.355276
vn -0.890190 0.174153 -0.420990
vn -0.871902 0.354907 -0.337385
vn -0.912000 0.367459 -0.182289
vn -0.871902 0.354907 -0.337385
vn -0.890190 0.174153 -0.420990
vn -0.835480 0.213165 -0.506491
vn -0.850673 0.155638 -0.502128
vn -0.835480 0.213165 -0.506491
vn -0.890190 0.174153 -0.420990
vn -0.835480 0.213165 -0.506491
vn -0.850673 0.155638 -0.502128
vn -0.768475 0.141934 -0.623939
vn -0.802723 0.131998 -0.581560
vn -0.768475 0.141934 -0.623939
vn -0.850673 0.155638 -0.502128
vn -0.768475 0.141934 -0.623939
vn -0.802723 0.131998 -0.581560
vn -0.659388 0.126155 -0.741143
vn -0.646159 0.140304 -0.750196
vn -0.659388 0.126155 -0.741143
vn -0.457997 0.134066 -0.878786
vn -0.659388 0.126155 -0.741143
vn -0.646159 0.140304 -0.750196
vn -0.768475 0.141934 -0.623939
vn -0.755040 0.184072 -0.629311
vn -0.768475 0.141934 -0.623939
vn -0.646159 0.140304 -0.750196
vn -0.768475 0.141934 -0.623939
vn -0.755040 0.184072 -0.629311
vn -0.835480 0.213165 -0.506491
vn -0.791740 0.377896 -0.479939
vn -0.835480 0.213165 -0.506491
vn -0.755040 0.184072 -0.629311
vn -0.835480 0.213165 -0.506491
vn -0.791740 0.377896 -0.479939
vn -0.871902 0.354907 -0.337385
vn -0.871902 0.354907 -0.337385
vn -0.791740 0.377896 -0.479939
vn -0.850753 0.114291 -0.512988
vn -0.850753 0.114291 -0.512988
vn -0.923063 0.147424 -0.355276
vn -0.871902 0.354907 -0.337385
vn -0.923063 0.147424 -0.355276
vn -0.850753 0.114291 -0.512988
vn -0.842477 0.070168 -0.534144
vn -0.305830 0.144437 -0.941066
vn -0.452871 0.143809 -0.879901
vn -0.457997 0.134066 -0.878786
vn -0.328811 0.136831 -0.934431
vn -0.457997 0.134066 -0.878786
vn -0.452871 0.143809 -0.879901
vn -0.646159 0.140304 -0.750196
vn -0.634741 0.124715 -0.762594
vn -0.646159 0.140304 -0.750196
vn -0.452871 0.143809 -0.879901
vn -0.646159 0.140304 -0.750196
vn -0.634741 0.124715 -0.762594
vn -0.755040 0.184072 -0.629311
vn -0.704197 0.369439 -0.606318
vn -0.755040 0.184072 -0.629311
vn -0.634741 0.124715 -0.762594
vn -0.755040 0.184072 -0.629311
vn -0.704197 0.369439 -0.606318
vn -0.791740 0.377896 -0.479939
vn -0.791740 0.377896 -0.479939
vn -0.704197 0.369439 -0.606318
vn -0.740922 0.101893 -0.663817
vn -0.740922 0.101893 -0.663817
vn -0.850753 0.114291 -0.512988
vn -0.791740 0.377896 -0.479939
vn -0.850753 0.114291 -0.512988
vn -0.740922 0.101893 -0.663817
vn -0.741220 0.069698 -0.667634
vn -0.741220 0.069698 -0.667634
vn -0.842477 0.070168 -0.534144
vn -0.850753 0.114291 -0.512988
vn -0.826353 0.176439 -0.534799
vn -0.842477 0.070168 -0.534144
vn -0.741220 0.069698 -0.667634
vn -0.305830 0.144437 -0.941066
vn -0.328811 0.136831 -0.934431
vn -0.114565 0.130608 -0.984792
vn -0.474650 0.084470 -0.876112
vn -0.452871 0.143809 -0.879901
vn -0.305830 0.144437 -0.941066
vn -0.452871 0.143809 -0.879901
vn -0.474650 0.084470 -0.876112
vn -0.634741 0.124715 -0.762594
vn -0.602308 0.298082 -0.740521
vn -0.634741 0.124715 -0.762594
vn -0.474650 0.084470 -0.876112
vn -0.634741 0.124715 -0.762594
vn -0.602308 0.298082 -0.740521
vn -0.704197 0.369439 -0.606318
vn -0.704197 0.369439 -0.606318
vn -0.602308 0.298082 -0.740521
vn -0.608159 0.061322 -0.791443
vn -0.608159 0.061322 -0.791443
vn -0.740922 0.101893 -0.663817
vn -0.704197 0.369439 -0.606318
vn -0.740922 0.101893 -0.663817
vn -0.608159 0.061322 -0.791443
vn -0.569717 0.059425 -0.819690
vn -0.569717 0.059425 -0.819690
vn -0.741220 0.069698 -0.667634
vn -0.740922 0.101893 -0.663817
vn -0.721183 0.183517 -0.667995
vn -0.741220 0.069698 -0.667634
vn -0.569717 0.059425 -0.819690
vn -0.741220 0.069698 -0.667634
vn -0.721183 0.183517 -0.667995
vn -0.826353 0.176439 -0.534799
vn -0.826353 0.176439 -0.534799
vn -0.721183 0.183517 -0.667995
vn -0.740111 0.073007 -0.668510
vn -0.569717 0.059425 -0.819690
vn -0.556137 0.142837 -0.818724
vn -0.721183 0.183517 -0.667995
vn -0.721183 0.183517 -0.667995
vn -0.556137 0.142837 -0.818724
vn -0.581151 0.120579 -0.804813
vn -0.581151 0.120579 -0.804813
vn -0.740111 0.073007 -0.668510
vn -0.721183 0.183517 -0.667995
vn -0.740111 0.073007 -0.668510
vn -0.581151 0.120579 -0.804813
vn -0.594117 0.033007 -0.803701
vn -0.594117 0.033007 -0.803701
vn -0.744467 0.003662 -0.667649
vn -0.740111 0.073007 -0.668510
vn -0.842786 0.081375 -0.532061
vn -0.740111 0.073007 -0.668510
vn -0.744467 0.003662 -0.667649
vn -0.740111 0.073007 -0.668510
vn -0.842786 0.081375 -0.532061
vn -0.826353 0.176439 -0.534799
vn -0.897189 0.190250 -0.398567
vn -0.826353 0.176439 -0.534799
vn -0.842786 0.081375 -0.532061
vn -0.842477 0.070168 -0.534144
vn -0.826353 0.176439 -0.534799
vn -0.897189 0.190250 -0.398567
vn -0.087205 0.136866 -0.986744
vn -0.114565 0.130608 -0.984792
vn 0.059303 0.128591 -0.989923
vn -0.114565 0.130608 -0.984792
vn -0.087205 0.136866 -0.986744
vn -0.305830 0.144437 -0.941066
vn -0.264994 0.038544 -0.963479
vn -0.305830 0.144437 -0.941066
vn -0.087205 0.136866 -0.986744
vn -0.305830 0.144437 -0.941066
vn -0.264994 0.038544 -0.963479
vn -0.474650 0.084470 -0.876112
vn -0.442447 0.270359 -0.855071
vn -0.474650 0.084470 -0.876112
vn -0.264994 0.038544 -0.963479
vn -0.474650 0.084470 -0.876112
vn -0.442447 0.270359 -0.855071
vn -0.602308 0.298082 -0.740521
vn -0.602308 0.298082 -0.740521
vn -0.442447 0.270359 -0.855071
vn -0.449305 0.012022 -0.893298
vn -0.449305 0.012022 -0.893298
vn -0.608159 0.061322 -0.791443
vn -0.602308 0.298082 -0.740521
vn -0.608159 0.061322 -0.791443
vn -0.449305 0.012022 -0.893298
vn -0.463699 0.040826 -0.885052
vn -0.463699 0.040826 -0.885052
vn -0.569717 0.059425 -0.819690
vn -0.608159 0.061322 -0.791443
vn 0.044182 0.144791 -0.988475
vn 0.059303 0.128591 -0.989923
vn 0.203999 0.131214 -0.970138
vn 0.059303 0.128591 -0.989923
vn 0.044182 0.144791 -0.988475
vn -0.087205 0.136866 -0.986744
vn -0.084718 0.039066 -0.995639
vn -0.087205 0.136866 -0.986744
vn 0.044182 0.144791 -0.988475
vn -0.087205 0.136866 -0.986744
vn -0.084718 0.039066 -0.995639
vn -0.264994 0.038544 -0.963479
vn -0.250868 0.181493 -0.950855
vn -0.264994 0.038544 -0.963479
vn -0.084718 0.039066 -0.995639
vn -0.264994 0.038544 -0.963479
vn -0.250868 0.181493 -0.950855
vn -0.442447 0.270359 -0.855071
vn -0.442447 0.270359 -0.855071
vn -0.250868 0.181493 -0.950855
vn -0.276263 -0.049681 -0.959797
vn -0.276263 -0.049681 -0.959797
vn -0.449305 0.012022 -0.893298
vn -0.442447 0.270359 -0.855071
vn -0.449305 0.012022 -0.893298
vn -0.276263 -0.049681 -0.959797
vn -0.262436 0.006764 -0.964926
vn -0.262436 0.006764 -0.964926
vn -0.463699 0.040826 -0.885052
vn -0.449305 0.012022 -0.893298
vn 0.154553 0.160517 -0.974858
vn 0.203999 0.131214 -0.970138
vn 0.320833 0.145471 -0.935898
vn 0.203999 0.131214 -0.970138
vn 0.154553 0.160517 -0.974858
vn 0.044182 0.144791 -0.988475
vn 0.036446 0.053813 -0.997886
vn 0.044182 0.144791 -0.988475
vn 0.154553 0.160517 -0.974858
vn 0.044182 0.144791 -0.988475
vn 0.036446 0.053813 -0.997886
vn -0.084718 0.039066 -0.995639
vn -0.087451 0.236614 -0.967660
vn -0.084718 0.039066 -0.995639
vn 0.036446 0.053813 -0.997886
vn -0.084718 0.039066 -0.995639
vn -0.087451 0.236614 -0.967660
vn -0.250868 0.181493 -0.950855
vn -0.250868 0.181493 -0.950855
vn -0.087451 0.236614 -0.967660
vn -0.103580 -0.009296 -0.994578
vn -0.103580 -0.009296 -0.994578
vn -0.276263 -0.049681 -0.959797
vn -0.250868 0.181493 -0.950855
vn -0.276263 -0.049681 -0.959797
vn -0.103580 -0.009296 -0.994578
vn -0.101508 -0.011480 -0.994769
vn -0.101508 -0.011480 -0.994769
vn -0.262436 0.006764 -0.964926
vn -0.276263 -0.049681 -0.959797
vn 0.252411 0.179613 -0.950804
vn 0.320833 0.145471 -0.935898
vn 0.479959 0.172289 -0.860207
vn 0.320833 0.145471 -0.935898
vn 0.252411 0.179613 -0.950804
vn 0.154553 0.160517 -0.974858
vn 0.141256 0.076545 -0.987009
vn 0.154553 0.160517 -0.974858
vn 0.252411 0.179613 -0.950804
vn 0.154553 0.160517 -0.974858
vn 0.141256 0.076545 -0.987009
vn 0.036446 0.053813 -0.997886
vn 0.027902 0.222784 -0.974468
vn 0.036446 0.053813 -0.997886
vn 0.141256 0.076545 -0.987009
vn 0.036446 0.053813 -0.997886
vn 0.027902 0.222784 -0.974468
vn -0.087451 0.236614 -0.967660
vn -0.087451 0.236614 -0.967660
vn 0.027902 0.222784 -0.974468
vn 0.027523 -0.017475 -0.999468
vn 0.027523 -0.017475 -0.999468
vn -0.103580 -0.009296 -0.994578
vn -0.087451 0.236614 -0.967660
vn -0.103580 -0.009296 -0.994578
vn 0.027523 -0.017475 -0.999468
vn 0.009213 0.015507 -0.999837
vn 0.009213 0.015507 -0.999837
vn -0.101508 -0.011480 -0.994769
vn -0.103580 -0.009296 -0.994578
vn 0.097120 0.046707 -0.994176
vn 0.009213 0.015507 -0.999837
vn 0.027523 -0.017475 -0.999468
vn 0.027523 -0.017475 -0.999468
vn 0.117642 0.018437 -0.992885
vn 0.097120 0.046707 -0.994176
vn 0.117642 0.018437 -0.992885
vn 0.027523 -0.017475 -0.999468
vn 0.027902 0.222784 -0.974468
vn 0.027902 0.222784 -0.974468
vn 0.120437 0.238086 -0.963748
vn 0.117642 0.018437 -0.992885
vn 0.141256 0.076545 -0.987009
vn 0.120437 0.238086 -0.963748
vn 0.027902 0.222784 -0.974468
vn 0.120437 0.238086 -0.963748
vn 0.141256 0.076545 -0.987009
vn 0.245258 0.114078 -0.962722
vn 0.252411 0.179613 -0.950804
vn 0.245258 0.114078 -0.962722
vn 0.141256 0.076545 -0.987009
vn 0.245258 0.114078 -0.962722
vn 0.252411 0.179613 -0.950804
vn 0.464603 0.193406 -0.864140
vn 0.479959 0.172289 -0.860207
vn 0.464603 0.193406 -0.864140
vn 0.252411 0.179613 -0.950804
vn 0.605974 0.188850 -0.772743
vn 0.464603 0.193406 -0.864140
vn 0.479959 0.172289 -0.860207
vn 0.593970 0.174758 -0.785277
vn 0.105509 0.149059 -0.983183
vn -0.059735 0.073471 -0.995507
vn -0.033283 0.192458 -0.980741
vn -0.033283 0.192458 -0.980741
vn 0.088712 0.201247 -0.975515
vn 0.105509 0.149059 -0.983183
vn 0.097120 0.046707 -0.994176
vn 0.088712 0.201247 -0.975515
vn -0.033283 0.192458 -0.980741
vn 0.088712 0.201247 -0.975515
vn 0.097120 0.046707 -0.994176
vn 0.233730 0.042068 -0.971391
vn 0.233730 0.042068 -0.971391
vn 0.097120 0.046707 -0.994176
vn 0.117642 0.018437 -0.992885
vn 0.117642 0.018437 -0.992885
vn 0.241702 0.068228 -0.967949
vn 0.233730 0.042068 -0.971391
vn 0.241702 0.068228 -0.967949
vn 0.117642 0.018437 -0.992885
vn 0.120437 0.238086 -0.963748
vn 0.120437 0.238086 -0.963748
vn 0.227219 0.304589 -0.924985
vn 0.241702 0.068228 -0.967949
vn 0.245258 0.114078 -0.962722
vn 0.227219 0.304589 -0.924985
vn 0.120437 0.238086 -0.963748
vn 0.227219 0.304589 -0.924985
vn 0.245258 0.114078 -0.962722
vn 0.442646 0.127404 -0.887599
vn 0.451408 0.025198 -0.891962
vn 0.233730 0.042068 -0.971391
vn 0.241702 0.068228 -0.967949
vn 0.241702 0.068228 -0.967949
vn 0.452197 0.064114 -0.889611
vn 0.451408 0.025198 -0.891962
vn 0.452197 0.064114 -0.889611
vn 0.241702 0.068228 -0.967949
vn 0.227219 0.304589 -0.924985
vn 0.227219 0.304589 -0.924985
vn 0.425783 0.307811 -0.850859
vn 0.452197 0.064114 -0.889611
vn 0.442646 0.127404 -0.887599
vn 0.425783 0.307811 -0.850859
vn 0.227219 0.304589 -0.924985
vn 0.425783 0.307811 -0.850859
vn 0.442646 0.127404 -0.887599
vn 0.645017 0.141465 -0.750960
vn 0.605974 0.188850 -0.772743
vn 0.645017 0.141465 -0.750960
vn 0.442646 0.127404 -0.887599
vn 0.645017 0.141465 -0.750960
vn 0.605974 0.188850 -0.772743
vn 0.774226 0.172018 -0.609084
vn 0.751430 0.158947 -0.640382
vn 0.774226 0.172018 -0.609084
vn 0.605974 0.188850 -0.772743
vn 0.774226 0.172018 -0.609084
vn 0.751430 0.158947 -0.640382
vn 0.856869 0.151026 -0.492916
vn 0.464603 0.193406 -0.864140
vn 0.442646 0.127404 -0.887599
vn 0.245258 0.114078 -0.962722
vn 0.442646 0.127404 -0.887599
vn 0.464603 0.193406 -0.864140
vn 0.605974 0.188850 -0.772743
vn 0.605974 0.188850 -0.772743
vn 0.593970 0.174758 -0.785277
vn 0.751430 0.158947 -0.640382
vn 0.751777 0.125624 -0.647341
vn 0.751430 0.158947 -0.640382
vn 0.593970 0.174758 -0.785277
vn 0.751430 0.158947 -0.640382
vn 0.751777 0.125624 -0.647341
vn 0.861105 0.130472 -0.491401
vn 0.861105 0.130472 -0.491401
vn 0.856869 0.151026 -0.492916
vn 0.751430 0.158947 -0.640382
vn 0.856869 0.151026 -0.492916
vn 0.861105 0.130472 -0.491401
vn 0.938506 0.132950 -0.318639
vn 0.938506 0.132950 -0.318639
vn 0.932476 0.146237 -0.330308
vn 0.856869 0.151026 -0.492916
vn 0.932476 0.146237 -0.330308
vn 0.938506 0.132950 -0.318639
vn 0.977193 0.144925 -0.155209
vn 0.856869 0.151026 -0.492916
vn 0.868019 0.160660 -0.469821
vn 0.774226 0.172018 -0.609084
vn 0.868019 0.160660 -0.469821
vn 0.856869 0.151026 -0.492916
vn 0.932476 0.146237 -0.330308
vn 0.932476 0.146237 -0.330308
vn 0.927151 0.158384 -0.339568
vn 0.868019 0.160660 -0.469821
vn 0.927151 0.158384 -0.339568
vn 0.932476 0.146237 -0.330308
vn 0.977827 0.143225 -0.152779
vn 0.977827 0.143225 -0.152779
vn 0.970091 0.158225 -0.184089
vn 0.927151 0.158384 -0.339568
vn 0.970091 0.158225 -0.184089
vn 0.977827 0.143225 -0.152779
vn 0.989362 0.143354 0.024754
vn 0.989362 0.143354 0.024754
vn 0.988586 0.150500 0.006837
vn 0.970091 0.158225 -0.184089
vn 0.988586 0.150500 0.006837
vn 0.989362 0.143354 0.024754
vn 0.974188 0.154840 0.164266
vn 0.976605 0.136471 0.166190
vn 0.976605 0.136471 0.166190
vn 0.969365 0.134530 0.205506
vn 0.988586 0.150500 0.006837
vn 0.969365 0.134530 0.205506
vn 0.976605 0.136471 0.166190
vn 0.893016 0.112642 0.435699
vn 0.977193 0.144925 -0.155209
vn 0.977827 0.143225 -0.152779
vn 0.932476 0.146237 -0.330308
vn 0.977827 0.143225 -0.152779
vn 0.977193 0.144925 -0.155209
vn 0.988989 0.147083 0.016379
vn 0.988989 0.147083 0.016379
vn 0.989362 0.143354 0.024754
vn 0.977827 0.143225 -0.152779
vn 0.989362 0.143354 0.024754
vn 0.988989 0.147083 0.016379
vn 0.974188 0.154840 0.164266
vn 0.976605 0.136471 0.166190
vn 0.974188 0.154840 0.164266
vn 0.921053 0.144784 0.361523
vn 0.921053 0.144784 0.361523
vn 0.893016 0.112642 0.435699
vn 0.976605 0.136471 0.166190
vn 0.893016 0.112642 0.435699
vn 0.921053 0.144784 0.361523
vn 0.844744 0.104088 0.524951
vn 0.844744 0.104088 0.524951
vn 0.845900 0.117105 0.520326
vn 0.893016 0.112642 0.435699
vn 0.845900 0.117105 0.520326
vn 0.844744 0.104088 0.524951
vn 0.738887 0.104072 0.665744
vn 0.893016 0.112642 0.435699
vn 0.921771 0.136354 0.362969
vn 0.969365 0.134530 0.205506
vn 0.921771 0.136354 0.362969
vn 0.893016 0.112642 0.435699
vn 0.845900 0.117105 0.520326
vn 0.845900 0.117105 0.520326
vn 0.847642 0.132209 0.513833
vn 0.921771 0.136354 0.362969
vn 0.847642 0.132209 0.513833
vn 0.845900 0.117105 0.520326
vn 0.751429 0.117601 0.649249
vn 0.751429 0.117601 0.649249
vn 0.698009 0.109472 0.707671
vn 0.847642 0.132209 0.513833
vn 0.843347 0.133083 0.520629
vn 0.847642 0.132209 0.513833
vn 0.698009 0.109472 0.707671
vn 0.698009 0.109472 0.707671
vn 0.690717 0.123407 0.712517
vn 0.843347 0.133083 0.520629
vn 0.794633 0.316962 0.517777
vn 0.843347 0.133083 0.520629
vn 0.690717 0.123407 0.712517
vn 0.690717 0.123407 0.712517
vn 0.668986 0.284830 0.686535
vn 0.794633 0.316962 0.517777
vn 0.794633 0.316962 0.517777
vn 0.668986 0.284830 0.686535
vn 0.717295 0.040657 0.695582
vn 0.738887 0.104072 0.665744
vn 0.751429 0.117601 0.649249
vn 0.845900 0.117105 0.520326
vn 0.751429 0.117601 0.649249
vn 0.738887 0.104072 0.665744
vn 0.603520 0.101938 0.790805
vn 0.603520 0.101938 0.790805
vn 0.584051 0.094472 0.806201
vn 0.751429 0.117601 0.649249
vn 0.698009 0.109472 0.707671
vn 0.751429 0.117601 0.649249
vn 0.584051 0.094472 0.806201
vn 0.584051 0.094472 0.806201
vn 0.549589 0.091997 0.830354
vn 0.698009 0.109472 0.707671
vn 0.690717 0.123407 0.712517
vn 0.698009 0.109472 0.707671
vn 0.549589 0.091997 0.830354
vn 0.549589 0.091997 0.830354
vn 0.547651 0.145038 0.824040
vn 0.690717 0.123407 0.712517
vn 0.668986 0.284830 0.686535
vn 0.690717 0.123407 0.712517
vn 0.547651 0.145038 0.824040
vn 0.547651 0.145038 0.824040
vn 0.513039 0.345074 0.785949
vn 0.668986 0.284830 0.686535
vn 0.668986 0.284830 0.686535
vn 0.513039 0.345074 0.785949
vn 0.563544 0.085881 0.821610
vn 0.563544 0.085881 0.821610
vn 0.717295 0.040657 0.695582
vn 0.668986 0.284830 0.686535
vn 0.717295 0.040657 0.695582
vn 0.563544 0.085881 0.821610
vn 0.575437 0.007021 0.817816
vn 0.575437 0.007021 0.817816
vn 0.718638 -0.000631 0.695384
vn 0.717295 0.040657 0.695582
vn 0.722887 0.143977 0.675800
vn 0.718638 -0.000631 0.695384
vn 0.575437 0.007021 0.817816
vn 0.718638 -0.000631 0.695384
vn 0.722887 0.143977 0.675800
vn 0.831050 0.117557 0.543633
vn 0.831050 0.117557 0.543633
vn 0.722887 0.143977 0.675800
vn 0.750019 -0.079493 0.656622
vn 0.750019 -0.079493 0.656622
vn 0.850248 -0.017557 0.526089
vn 0.831050 0.117557 0.543633
vn 0.850248 -0.017557 0.526089
vn 0.750019 -0.079493 0.656622
vn 0.737494 -0.195010 0.646586
vn 0.737494 -0.195010 0.646586
vn 0.844138 -0.122064 0.522046
vn 0.850248 -0.017557 0.526089
vn 0.830737 0.054544 0.553987
vn 0.844138 -0.122064 0.522046
vn 0.737494 -0.195010 0.646586
vn 0.717295 0.040657 0.695582
vn 0.839103 0.094323 0.535732
vn 0.794633 0.316962 0.517777
vn 0.839103 0.094323 0.535732
vn 0.717295 0.040657 0.695582
vn 0.718638 -0.000631 0.695384
vn 0.718638 -0.000631 0.695384
vn 0.836515 -0.007650 0.547891
vn 0.839103 0.094323 0.535732
vn 0.831050 0.117557 0.543633
vn 0.836515 -0.007650 0.547891
vn 0.718638 -0.000631 0.695384
vn 0.836515 -0.007650 0.547891
vn 0.831050 0.117557 0.543633
vn 0.907488 0.124785 0.401115
vn 0.907488 0.124785 0.401115
vn 0.831050 0.117557 0.543633
vn 0.850248 -0.017557 0.526089
vn 0.850248 -0.017557 0.526089
vn 0.916705 -0.013839 0.399326
vn 0.907488 0.124785 0.401115
vn 0.916705 -0.013839 0.399326
vn 0.850248 -0.017557 0.526089
vn 0.844138 -0.122064 0.522046
vn 0.844138 -0.122064 0.522046
vn 0.915763 -0.095646 0.390165
vn 0.916705 -0.013839 0.399326
vn 0.911250 0.072439 0.405434
vn 0.915763 -0.095646 0.390165
vn 0.844138 -0.122064 0.522046
vn 0.843347 0.133083 0.520629
vn 0.794633 0.316962 0.517777
vn 0.864730 0.346611 0.363459
vn 0.864730 0.346611 0.363459
vn 0.794633 0.316962 0.517777
vn 0.839103 0.094323 0.535732
vn 0.839103 0.094323 0.535732
vn 0.918589 0.115707 0.377896
vn 0.864730 0.346611 0.363459
vn 0.918589 0.115707 0.377896
vn 0.839103 0.094323 0.535732
vn 0.836515 -0.007650 0.547891
vn 0.836515 -0.007650 0.547891
vn 0.922808 0.019655 0.384759
vn 0.918589 0.115707 0.377896
vn 0.907488 0.124785 0.401115
vn 0.922808 0.019655 0.384759
vn 0.836515 -0.007650 0.547891
vn 0.922808 0.019655 0.384759
vn 0.907488 0.124785 0.401115
vn 0.963131 0.147297 0.225126
vn 0.963131 0.147297 0.225126
vn 0.907488 0.124785 0.401115
vn 0.916705 -0.013839 0.399326
vn 0.916705 -0.013839 0.399326
vn 0.970781 0.006019 0.239892
vn 0.963131 0.147297 0.225126
vn 0.970781 0.006019 0.239892
vn 0.916705 -0.013839 0.399326
vn 0.915763 -0.095646 0.390165
vn 0.918589 0.115707 0.377896
vn 0.964546 0.117663 0.236233
vn 0.908852 0.350727 0.225783
vn 0.964546 0.117663 0.236233
vn 0.918589 0.115707 0.377896
vn 0.922808 0.019655 0.384759
vn 0.922808 0.019655 0.384759
vn 0.972074 0.039505 0.231324
vn 0.964546 0.117663 0.236233
vn 0.963131 0.147297 0.225126
vn 0.972074 0.039505 0.231324
vn 0.922808 0.019655 0.384759
vn 0.972074 0.039505 0.231324
vn 0.963131 0.147297 0.225126
vn 0.988310 0.151964 0.012242
vn 0.988310 0.151964 0.012242
vn 0.963131 0.147297 0.225126
vn 0.970781 0.006019 0.239892
vn 0.970781 0.006019 0.239892
vn 0.998669 0.037111 0.035829
vn 0.988310 0.151964 0.012242
vn 0.998669 0.037111 0.035829
vn 0.970781 0.006019 0.239892
vn 0.963547 -0.090804 0.251659
vn 0.963547 -0.090804 0.251659
vn 0.996022 -0.067820 0.057800
vn 0.998669 0.037111 0.035829
vn 0.993733 0.099952 0.050037
vn 0.996022 -0.067820 0.057800
vn 0.963547 -0.090804 0.251659
vn 0.927261 0.373801 0.021462
vn 0.908852 0.350727 0.225783
vn 0.964546 0.117663 0.236233
vn 0.964546 0.117663 0.236233
vn 0.995287 0.094200 0.023047
vn 0.927261 0.373801 0.021462
vn 0.995287 0.094200 0.023047
vn 0.964546 0.117663 0.236233
vn 0.972074 0.039505 0.231324
vn 0.972074 0.039505 0.231324
vn 0.999129 0.034993 0.022730
vn 0.995287 0.094200 0.023047
vn 0.988310 0.151964 0.012242
vn 0.999129 0.034993 0.022730
vn 0.972074 0.039505 0.231324
vn 0.999129 0.034993 0.022730
vn 0.988310 0.151964 0.012242
vn 0.968376 0.158012 -0.193083
vn 0.968376 0.158012 -0.193083
vn 0.988310 0.151964 0.012242
vn 0.998669 0.037111 0.035829
vn 0.998669 0.037111 0.035829
vn 0.983303 0.056332 -0.173036
vn 0.968376 0.158012 -0.193083
vn 0.983303 0.056332 -0.173036
vn 0.998669 0.037111 0.035829
vn 0.996022 -0.067820 0.057800
vn 0.996022 -0.067820 0.057800
vn 0.986743 -0.032612 -0.158978
vn 0.983303 0.056332 -0.173036
vn 0.982657 0.124439 -0.137475
vn 0.986743 -0.032612 -0.158978
vn 0.996022 -0.067820 0.057800
vn 0.986743 -0.032612 -0.158978
vn 0.982657 0.124439 -0.137475
vn 0.938904 0.156589 -0.306494
vn 0.982657 0.124439 -0.137475
vn 0.961483 0.139756 -0.236681
vn 0.938904 0.156589 -0.306494
vn 0.916445 0.357315 -0.180153
vn 0.927261 0.373801 0.021462
vn 0.995287 0.094200 0.023047
vn 0.995287 0.094200 0.023047
vn 0.979456 0.087969 -0.181460
vn 0.916445 0.357315 -0.180153
vn 0.979456 0.087969 -0.181460
vn 0.995287 0.094200 0.023047
vn 0.999129 0.034993 0.022730
vn 0.999129 0.034993 0.022730
vn 0.983060 0.037461 -0.179413
vn 0.979456 0.087969 -0.181460
vn 0.968376 0.158012 -0.193083
vn 0.983060 0.037461 -0.179413
vn 0.999129 0.034993 0.022730
vn 0.983060 0.037461 -0.179413
vn 0.968376 0.158012 -0.193083
vn 0.924541 0.146160 -0.351940
vn 0.924541 0.146160 -0.351940
vn 0.968376 0.158012 -0.193083
vn 0.983303 0.056332 -0.173036
vn 0.983303 0.056332 -0.173036
vn 0.937820 0.058724 -0.342119
vn 0.924541 0.146160 -0.351940
vn 0.937820 0.058724 -0.342119
vn 0.983303 0.056332 -0.173036
vn 0.986743 -0.032612 -0.158978
vn 0.986743 -0.032612 -0.158978
vn 0.943665 -0.008575 -0.330790
vn 0.937820 0.058724 -0.342119
vn 0.870720 0.368470 -0.325695
vn 0.916445 0.357315 -0.180153
vn 0.979456 0.087969 -0.181460
vn 0.979456 0.087969 -0.181460
vn 0.934462 0.114196 -0.337254
vn 0.870720 0.368470 -0.325695
vn 0.934462 0.114196 -0.337254
vn 0.979456 0.087969 -0.181460
vn 0.983060 0.037461 -0.179413
vn 0.983060 0.037461 -0.179413
vn 0.940793 0.029683 -0.337680
vn 0.934462 0.114196 -0.337254
vn 0.924541 0.146160 -0.351940
vn 0.940793 0.029683 -0.337680
vn 0.983060 0.037461 -0.179413
vn 0.940793 0.029683 -0.337680
vn 0.924541 0.146160 -0.351940
vn 0.855691 0.142286 -0.497542
vn 0.855691 0.142286 -0.497542
vn 0.924541 0.146160 -0.351940
vn 0.937820 0.058724 -0.342119
vn 0.937820 0.058724 -0.342119
vn 0.868228 0.083411 -0.489104
vn 0.855691 0.142286 -0.497542
vn 0.868228 0.083411 -0.489104
vn 0.937820 0.058724 -0.342119
vn 0.943665 -0.008575 -0.330790
vn 0.943665 -0.008575 -0.330790
vn 0.873988 -0.020179 -0.485529
vn 0.868228 0.083411 -0.489104
vn 0.816699 0.349098 -0.459493
vn 0.870720 0.368470 -0.325695
vn 0.934462 0.114196 -0.337254
vn 0.934462 0.114196 -0.337254
vn 0.859226 -0.010920 -0.511480
vn 0.816699 0.349098 -0.459493
vn 0.859226 -0.010920 -0.511480
vn 0.934462 0.114196 -0.337254
vn 0.940793 0.029683 -0.337680
vn 0.940793 0.029683 -0.337680
vn 0.863712 -0.008237 -0.503918
vn 0.859226 -0.010920 -0.511480
vn 0.855691 0.142286 -0.497542
vn 0.863712 -0.008237 -0.503918
vn 0.940793 0.029683 -0.337680
vn 0.863712 -0.008237 -0.503918
vn 0.855691 0.142286 -0.497542
vn 0.775460 0.145101 -0.614497
vn 0.775460 0.145101 -0.614497
vn 0.855691 0.142286 -0.497542
vn 0.868228 0.083411 -0.489104
vn 0.868228 0.083411 -0.489104
vn 0.780768 0.070576 -0.620822
vn 0.775460 0.145101 -0.614497
vn 0.670213 0.129799 -0.730731
vn 0.775460 0.145101 -0.614497
vn 0.780768 0.070576 -0.620822
vn 0.780768 0.070576 -0.620822
vn 0.667569 0.044522 -0.743216
vn 0.670213 0.129799 -0.730731
vn 0.752038 0.299537 -0.587125
vn 0.816699 0.349098 -0.459493
vn 0.859226 -0.010920 -0.511480
vn 0.859226 -0.010920 -0.511480
vn 0.794837 -0.027197 -0.606214
vn 0.752038 0.299537 -0.587125
vn 0.793091 -0.019599 -0.608788
vn 0.794837 -0.027197 -0.606214
vn 0.859226 -0.010920 -0.511480
vn 0.863712 -0.008237 -0.503918
vn 0.775460 0.145101 -0.614497
vn 0.793091 -0.019599 -0.608788
vn 0.863712 -0.008237 -0.503918
vn 0.793091 -0.019599 -0.608788
vn 0.775460 0.145101 -0.614497
vn 0.670213 0.129799 -0.730731
vn 0.670562 0.004781 -0.741838
vn 0.670213 0.129799 -0.730731
vn 0.477087 0.142821 -0.867174
vn 0.670213 0.129799 -0.730731
vn 0.670562 0.004781 -0.741838
vn 0.793091 -0.019599 -0.608788
vn 0.793091 -0.019599 -0.608788
vn 0.670562 0.004781 -0.741838
vn 0.664367 0.063191 -0.744730
vn 0.664367 0.063191 -0.744730
vn 0.794837 -0.027197 -0.606214
vn 0.793091 -0.019599 -0.608788
vn 0.794837 -0.027197 -0.606214
vn 0.664367 0.063191 -0.744730
vn 0.620851 0.315180 -0.717778
vn 0.620851 0.315180 -0.717778
vn 0.752038 0.299537 -0.587125
vn 0.794837 -0.027197 -0.606214
vn 0.780577 0.147108 -0.607502
vn 0.752038 0.299537 -0.587125
vn 0.620851 0.315180 -0.717778
vn 0.752038 0.299537 -0.587125
vn 0.780577 0.147108 -0.607502
vn 0.865798 0.170918 -0.470298
vn 0.865798 0.170918 -0.470298
vn 0.816699 0.349098 -0.459493
vn 0.752038 0.299537 -0.587125
vn 0.816699 0.349098 -0.459493
vn 0.865798 0.170918 -0.470298
vn 0.917727 0.199901 -0.343243
vn 0.664367 0.063191 -0.744730
vn 0.452197 0.064114 -0.889611
vn 0.425783 0.307811 -0.850859
vn 0.425783 0.307811 -0.850859
vn 0.620851 0.315180 -0.717778
vn 0.664367 0.063191 -0.744730
vn 0.645017 0.141465 -0.750960
vn 0.620851 0.315180 -0.717778
vn 0.425783 0.307811 -0.850859
vn 0.620851 0.315180 -0.717778
vn 0.645017 0.141465 -0.750960
vn 0.780577 0.147108 -0.607502
vn 0.774226 0.172018 -0.609084
vn 0.780577 0.147108 -0.607502
vn 0.645017 0.141465 -0.750960
vn 0.780577 0.147108 -0.607502
vn 0.774226 0.172018 -0.609084
vn 0.868019 0.160660 -0.469821
vn 0.868019 0.160660 -0.469821
vn 0.865798 0.170918 -0.470298
vn 0.780577 0.147108 -0.607502
vn 0.865798 0.170918 -0.470298
vn 0.868019 0.160660 -0.469821
vn 0.927151 0.158384 -0.339568
vn 0.927151 0.158384 -0.339568
vn 0.917727 0.199901 -0.343243
vn 0.865798 0.170918 -0.470298
vn 0.917727 0.199901 -0.343243
vn 0.927151 0.158384 -0.339568
vn 0.970091 0.158225 -0.184089
vn 0.970091 0.158225 -0.184089
vn 0.961462 0.204731 -0.183512
vn 0.917727 0.199901 -0.343243
vn 0.961462 0.204731 -0.183512
vn 0.970091 0.158225 -0.184089
vn 0.988586 0.150500 0.006837
vn 0.988586 0.150500 0.006837
vn 0.973351 0.229031 0.011508
vn 0.961462 0.204731 -0.183512
vn 0.973351 0.229031 0.011508
vn 0.988586 0.150500 0.006837
vn 0.969365 0.134530 0.205506
vn 0.969365 0.134530 0.205506
vn 0.956783 0.186986 0.222716
vn 0.973351 0.229031 0.011508
vn 0.956783 0.186986 0.222716
vn 0.969365 0.134530 0.205506
vn 0.921771 0.136354 0.362969
vn 0.921771 0.136354 0.362969
vn 0.916760 0.157666 0.367004
vn 0.956783 0.186986 0.222716
vn 0.916760 0.157666 0.367004
vn 0.921771 0.136354 0.362969
vn 0.847642 0.132209 0.513833
vn 0.847642 0.132209 0.513833
vn 0.843347 0.133083 0.520629
vn 0.916760 0.157666 0.367004
vn 0.864730 0.346611 0.363459
vn 0.916760 0.157666 0.367004
vn 0.843347 0.133083 0.520629
vn 0.917727 0.199901 -0.343243
vn 0.870720 0.368470 -0.325695
vn 0.816699 0.349098 -0.459493
vn 0.870720 0.368470 -0.325695
vn 0.917727 0.199901 -0.343243
vn 0.961462 0.204731 -0.183512
vn 0.961462 0.204731 -0.183512
vn 0.916445 0.357315 -0.180153
vn 0.870720 0.368470 -0.325695
vn 0.916445 0.357315 -0.180153
vn 0.961462 0.204731 -0.183512
vn 0.973351 0.229031 0.011508
vn 0.973351 0.229031 0.011508
vn 0.927261 0.373801 0.021462
vn 0.916445 0.357315 -0.180153
vn 0.927261 0.373801 0.021462
vn 0.973351 0.229031 0.011508
vn 0.956783 0.186986 0.222716
vn 0.956783 0.186986 0.222716
vn 0.908852 0.350727 0.225783
vn 0.927261 0.373801 0.021462
vn 0.908852 0.350727 0.225783
vn 0.956783 0.186986 0.222716
vn 0.916760 0.157666 0.367004
vn 0.916760 0.157666 0.367004
vn 0.864730 0.346611 0.363459
vn 0.908852 0.350727 0.225783
vn 0.908852 0.350727 0.225783
vn 0.864730 0.346611 0.363459
vn 0.918589 0.115707 0.377896
vn 0.571978 -0.132873 -0.809435
vn 0.943229 -0.083565 -0.321458
vn 0.947902 -0.006489 -0.318496
vn 0.947902 -0.006489 -0.318496
vn 0.621340 -0.387885 -0.680795
vn 0.571978 -0.132873 -0.809435
vn 0.621340 -0.387885 -0.680795
vn 0.947902 -0.006489 -0.318496
vn 0.854925 0.148968 -0.496902
vn 0.854925 0.148968 -0.496902
vn 0.742698 -0.452093 -0.493975
vn 0.621340 -0.387885 -0.680795
vn 0.742698 -0.452093 -0.493975
vn 0.854925 0.148968 -0.496902
vn 0.805816 -0.010136 -0.592079
vn 0.805816 -0.010136 -0.592079
vn 0.912284 -0.357504 -0.199823
vn 0.742698 -0.452093 -0.493975
vn 0.912284 -0.357504 -0.199823
vn 0.805816 -0.010136 -0.592079
vn 0.834523 -0.119725 -0.537807
vn 0.571978 -0.132873 -0.809435
vn 0.621340 -0.387885 -0.680795
vn 0.681632 -0.313499 -0.661132
vn 0.681632 -0.313499 -0.661132
vn 0.621340 -0.387885 -0.680795
vn 0.742698 -0.452093 -0.493975
vn 0.742698 -0.452093 -0.493975
vn 0.789555 -0.369664 -0.489849
vn 0.681632 -0.313499 -0.661132
vn 0.789555 -0.369664 -0.489849
vn 0.742698 -0.452093 -0.493975
vn 0.912284 -0.357504 -0.199823
vn 0.912284 -0.357504 -0.199823
vn 0.915925 -0.287750 -0.279789
vn 0.789555 -0.369664 -0.489849
vn 0.681632 -0.313499 -0.661132
vn 0.789555 -0.369664 -0.489849
vn 0.850187 -0.216805 -0.479768
vn 0.850187 -0.216805 -0.479768
vn 0.789555 -0.369664 -0.489849
vn 0.915925 -0.287750 -0.279789
vn 0.943443 -0.169580 -0.284884
vn 0.915925 -0.287750 -0.279789
vn 0.984005 -0.099964 -0.147451
vn 0.915925 -0.287750 -0.279789
vn 0.943443 -0.169580 -0.284884
vn 0.850187 -0.216805 -0.479768
vn 0.850187 -0.216805 -0.479768
vn 0.943443 -0.169580 -0.284884
vn 0.952090 0.010411 -0.305641
vn 0.952090 0.010411 -0.305641
vn 0.874090 0.080537 -0.479041
vn 0.850187 -0.216805 -0.479768
vn 0.725228 -0.183722 -0.663544
vn 0.850187 -0.216805 -0.479768
vn 0.874090 0.080537 -0.479041
vn 0.850187 -0.216805 -0.479768
vn 0.725228 -0.183722 -0.663544
vn 0.681632 -0.313499 -0.661132
vn 0.590361 -0.131349 -0.796380
vn 0.681632 -0.313499 -0.661132
vn 0.725228 -0.183722 -0.663544
vn 0.681632 -0.313499 -0.661132
vn 0.590361 -0.131349 -0.796380
vn 0.571978 -0.132873 -0.809435
vn 0.714181 0.110892 -0.691121
vn 0.571978 -0.132873 -0.809435
vn 0.590361 -0.131349 -0.796380
vn 0.943229 -0.083565 -0.321458
vn 0.571978 -0.132873 -0.809435
vn 0.714181 0.110892 -0.691121
vn 0.714181 0.110892 -0.691121
vn 0.945384 -0.185303 -0.268162
vn 0.943229 -0.083565 -0.321458
vn 0.943229 -0.083565 -0.321458
vn 0.945384 -0.185303 -0.268162
vn -0.534911 -0.233212 0.812085
vn -0.766022 -0.432589 0.475475
vn -0.534911 -0.233212 0.812085
vn 0.945384 -0.185303 -0.268162
vn -0.534911 -0.233212 0.812085
vn -0.412551 0.117830 0.903282
vn 0.943229 -0.083565 -0.321458
vn 0.947902 -0.006489 -0.318496
vn 0.943229 -0.083565 -0.321458
vn -0.412551 0.117830 0.903282
vn -0.412551 0.117830 0.903282
vn -0.494418 0.461726 0.736451
vn 0.947902 -0.006489 -0.318496
vn 0.854925 0.148968 -0.496902
vn 0.947902 -0.006489 -0.318496
vn -0.494418 0.461726 0.736451
vn -0.494418 0.461726 0.736451
vn -0.681973 0.616707 0.393174
vn 0.854925 0.148968 -0.496902
vn 0.805816 -0.010136 -0.592079
vn 0.854925 0.148968 -0.496902
vn -0.681973 0.616707 0.393174
vn -0.681973 0.616707 0.393174
vn -0.837489 0.541583 0.072801
vn 0.805816 -0.010136 -0.592079
vn 0.834523 -0.119725 -0.537807
vn 0.805816 -0.010136 -0.592079
vn -0.837489 0.541583 0.072801
vn -0.837489 0.541583 0.072801
vn -0.984689 0.153627 -0.082383
vn 0.834523 -0.119725 -0.537807
vn 0.594301 -0.327196 -0.734676
vn 0.834523 -0.119725 -0.537807
vn -0.984689 0.153627 -0.082383
vn -0.907466 -0.009891 0.420008
vn -0.699413 0.185372 0.690260
vn -0.424920 0.029939 0.904735
vn 0.746899 -0.011011 0.664846
vn 0.848040 0.005035 0.529908
vn 0.846732 -0.136505 0.514209
vn 0.907422 -0.116281 0.403812
vn 0.846732 -0.136505 0.514209
vn 0.848040 0.005035 0.529908
vn 0.848040 0.005035 0.529908
vn 0.914114 0.005826 0.405415
vn 0.907422 -0.116281 0.403812
vn 0.971593 -0.117650 0.205343
vn 0.907422 -0.116281 0.403812
vn 0.914114 0.005826 0.405415
vn 0.914114 0.005826 0.405415
vn 0.979376 -0.005011 0.201982
vn 0.971593 -0.117650 0.205343
vn 0.992763 -0.120087 -0.000558
vn 0.971593 -0.117650 0.205343
vn 0.979376 -0.005011 0.201982
vn 0.979376 -0.005011 0.201982
vn 0.999975 -0.005073 0.004994
vn 0.992763 -0.120087 -0.000558
vn 0.982470 -0.125207 -0.138115
vn 0.992763 -0.120087 -0.000558
vn 0.999975 -0.005073 0.004994
vn 0.999975 -0.005073 0.004994
vn 0.987919 -0.020386 -0.153624
vn 0.982470 -0.125207 -0.138115
vn 0.599900 -0.137583 0.788157
vn 0.746294 -0.142904 0.650095
vn 0.708137 -0.251850 0.659632
vn 0.827772 -0.276566 0.488165
vn 0.708137 -0.251850 0.659632
vn 0.746294 -0.142904 0.650095
vn 0.746294 -0.142904 0.650095
vn 0.846732 -0.136505 0.514209
vn 0.827772 -0.276566 0.488165
vn 0.899897 -0.255195 0.353639
vn 0.827772 -0.276566 0.488165
vn 0.846732 -0.136505 0.514209
vn 0.846732 -0.136505 0.514209
vn 0.907422 -0.116281 0.403812
vn 0.899897 -0.255195 0.353639
vn 0.952238 -0.237264 0.192218
vn 0.899897 -0.255195 0.353639
vn 0.907422 -0.116281 0.403812
vn 0.907422 -0.116281 0.403812
vn 0.971593 -0.117650 0.205343
vn 0.952238 -0.237264 0.192218
vn 0.972361 -0.233470 -0.002434
vn 0.952238 -0.237264 0.192218
vn 0.971593 -0.117650 0.205343
vn 0.971593 -0.117650 0.205343
vn 0.992763 -0.120087 -0.000558
vn 0.972361 -0.233470 -0.002434
vn 0.957680 -0.237540 -0.162555
vn 0.972361 -0.233470 -0.002434
vn 0.992763 -0.120087 -0.000558
vn 0.100798 -0.012982 0.994822
vn 0.136689 0.049881 0.989357
vn 0.186066 -0.229613 0.955331
vn 0.211811 -0.152621 0.965320
vn 0.186066 -0.229613 0.955331
vn 0.136689 0.049881 0.989357
vn 0.136689 0.049881 0.989357
vn 0.192529 0.044652 0.980275
vn 0.211811 -0.152621 0.965320
vn 0.382914 -0.120174 0.915934
vn 0.211811 -0.152621 0.965320
vn 0.192529 0.044652 0.980275
vn 0.192529 0.044652 0.980275
vn 0.403236 -0.028744 0.914645
vn 0.382914 -0.120174 0.915934
vn 0.599900 -0.137583 0.788157
vn 0.382914 -0.120174 0.915934
vn 0.403236 -0.028744 0.914645
vn 0.403236 -0.028744 0.914645
vn 0.609726 -0.055552 0.790663
vn 0.599900 -0.137583 0.788157
vn 0.746294 -0.142904 0.650095
vn 0.599900 -0.137583 0.788157
vn 0.609726 -0.055552 0.790663
vn 0.609726 -0.055552 0.790663
vn 0.746899 -0.011011 0.664846
vn 0.746294 -0.142904 0.650095
vn 0.846732 -0.136505 0.514209
vn 0.746294 -0.142904 0.650095
vn 0.746899 -0.011011 0.664846
vn -0.105468 -0.240573 0.964884
vn 0.103842 -0.270744 0.957034
vn 0.037513 -0.370430 0.928102
vn 0.242850 -0.388855 0.888716
vn 0.037513 -0.370430 0.928102
vn 0.103842 -0.270744 0.957034
vn 0.103842 -0.270744 0.957034
vn 0.186066 -0.229613 0.955331
vn 0.242850 -0.388855 0.888716
vn 0.347065 -0.332694 0.876847
vn 0.242850 -0.388855 0.888716
vn 0.186066 -0.229613 0.955331
vn 0.186066 -0.229613 0.955331
vn 0.211811 -0.152621 0.965320
vn 0.347065 -0.332694 0.876847
vn 0.417357 -0.267538 0.868468
vn 0.347065 -0.332694 0.876847
vn 0.211811 -0.152621 0.965320
vn 0.211811 -0.152621 0.965320
vn 0.382914 -0.120174 0.915934
vn 0.417357 -0.267538 0.868468
vn 0.560543 -0.245989 0.790747
vn 0.417357 -0.267538 0.868468
vn 0.382914 -0.120174 0.915934
vn 0.382914 -0.120174 0.915934
vn 0.599900 -0.137583 0.788157
vn 0.560543 -0.245989 0.790747
vn 0.708137 -0.251850 0.659632
vn 0.560543 -0.245989 0.790747
vn 0.599900 -0.137583 0.788157
vn 0.270003 -0.158259 -0.949764
vn -0.098757 -0.836610 0.538824
vn -0.063140 -0.821142 0.567221
vn -0.063140 -0.821142 0.567221
vn 0.157976 -0.166999 -0.973219
vn 0.270003 -0.158259 -0.949764
vn 0.157976 -0.166999 -0.973219
vn -0.063140 -0.821142 0.567221
vn -0.013708 -0.873755 0.486173
vn -0.013708 -0.873755 0.486173
vn 0.065231 -0.149179 -0.986656
vn 0.157976 -0.166999 -0.973219
vn 0.065231 -0.149179 -0.986656
vn -0.013708 -0.873755 0.486173
vn 0.097218 -0.909246 0.404746
vn 0.097218 -0.909246 0.404746
vn -0.132121 -0.062728 -0.989247
vn 0.065231 -0.149179 -0.986656
vn -0.132121 -0.062728 -0.989247
vn 0.097218 -0.909246 0.404746
vn 0.186512 -0.906659 0.378395
vn 0.186512 -0.906659 0.378395
vn -0.330177 -0.040223 -0.943062
vn -0.132121 -0.062728 -0.989247
vn -0.330177 -0.040223 -0.943062
vn 0.186512 -0.906659 0.378395
vn 0.224200 -0.903361 0.365614
vn 0.224200 -0.903361 0.365614
vn -0.503948 -0.056535 -0.861882
vn -0.330177 -0.040223 -0.943062
vn -0.503948 -0.056535 -0.861882
vn 0.224200 -0.903361 0.365614
vn 0.276466 -0.897613 0.343305
vn 0.276466 -0.897613 0.343305
vn -0.660067 0.018180 -0.750987
vn -0.503948 -0.056535 -0.861882
vn 0.863636 -0.182222 -0.470030
vn 0.933034 -0.167491 -0.318425
vn -0.506844 -0.845170 0.169699
vn -0.475841 -0.849493 0.227896
vn 0.863636 -0.182222 -0.470030
vn -0.475841 -0.849493 0.227896
vn -0.369008 -0.858012 0.357279
vn -0.369008 -0.858012 0.357279
vn 0.725379 -0.084998 -0.683082
vn 0.863636 -0.182222 -0.470030
vn 0.725379 -0.084998 -0.683082
vn -0.369008 -0.858012 0.357279
vn -0.320956 -0.838704 0.439959
vn -0.320956 -0.838704 0.439959
vn 0.579809 -0.053210 -0.813013
vn 0.725379 -0.084998 -0.683082
vn 0.579809 -0.053210 -0.813013
vn -0.320956 -0.838704 0.439959
vn -0.235452 -0.827127 0.510317
vn -0.235452 -0.827127 0.510317
vn 0.471801 -0.045784 -0.880516
vn 0.579809 -0.053210 -0.813013
vn 0.471801 -0.045784 -0.880516
vn -0.235452 -0.827127 0.510317
vn -0.098757 -0.836610 0.538824
vn -0.098757 -0.836610 0.538824
vn 0.270003 -0.158259 -0.949764
vn 0.471801 -0.045784 -0.880516
vn 0.854744 -0.041745 0.517369
vn -0.394631 -0.875487 -0.278908
vn -0.450846 -0.872757 -0.187172
vn -0.450846 -0.872757 -0.187172
vn 0.932037 -0.084535 0.352364
vn 0.854744 -0.041745 0.517369
vn 0.932037 -0.084535 0.352364
vn -0.450846 -0.872757 -0.187172
vn -0.536331 -0.839379 -0.088273
vn -0.536331 -0.839379 -0.088273
vn 0.980895 -0.073282 0.180208
vn 0.932037 -0.084535 0.352364
vn 0.980895 -0.073282 0.180208
vn -0.536331 -0.839379 -0.088273
vn -0.546464 -0.836887 0.031577
vn -0.546464 -0.836887 0.031577
vn 0.992623 -0.120923 -0.008752
vn 0.980895 -0.073282 0.180208
vn 0.992623 -0.120923 -0.008752
vn -0.546464 -0.836887 0.031577
vn -0.544275 -0.832682 0.102007
vn -0.544275 -0.832682 0.102007
vn 0.979690 -0.109456 -0.168009
vn 0.992623 -0.120923 -0.008752
vn 0.979690 -0.109456 -0.168009
vn -0.544275 -0.832682 0.102007
vn -0.506844 -0.845170 0.169699
vn -0.506844 -0.845170 0.169699
vn 0.933034 -0.167491 -0.318425
vn 0.979690 -0.109456 -0.168009
vn 0.256876 -0.278865 0.925337
vn -0.215457 -0.829127 -0.515874
vn -0.245058 -0.817133 -0.521766
vn -0.245058 -0.817133 -0.521766
vn 0.352600 -0.322598 0.878410
vn 0.256876 -0.278865 0.925337
vn 0.352600 -0.322598 0.878410
vn -0.245058 -0.817133 -0.521766
vn -0.227203 -0.882695 -0.411373
vn -0.227203 -0.882695 -0.411373
vn 0.444858 -0.145600 0.883687
vn 0.352600 -0.322598 0.878410
vn 0.444858 -0.145600 0.883687
vn -0.227203 -0.882695 -0.411373
vn -0.249375 -0.896601 -0.365949
vn -0.249375 -0.896601 -0.365949
vn 0.578089 -0.139650 0.803934
vn 0.444858 -0.145600 0.883687
vn 0.578089 -0.139650 0.803934
vn -0.249375 -0.896601 -0.365949
vn -0.338524 -0.867899 -0.363529
vn -0.338524 -0.867899 -0.363529
vn 0.726759 -0.120213 0.676291
vn 0.578089 -0.139650 0.803934
vn 0.726759 -0.120213 0.676291
vn -0.338524 -0.867899 -0.363529
vn -0.394631 -0.875487 -0.278908
vn -0.394631 -0.875487 -0.278908
vn 0.854744 -0.041745 0.517369
vn 0.726759 -0.120213 0.676291
vn -0.655942 -0.125059 0.744379
vn 0.378785 -0.825310 -0.418792
vn 0.305577 -0.817635 -0.487951
vn 0.305577 -0.817635 -0.487951
vn -0.519023 -0.154179 0.840740
vn -0.655942 -0.125059 0.744379
vn -0.519023 -0.154179 0.840740
vn 0.305577 -0.817635 -0.487951
vn 0.203516 -0.823260 -0.529928
vn 0.203516 -0.823260 -0.529928
vn -0.361500 -0.160364 0.918477
vn -0.519023 -0.154179 0.840740
vn -0.361500 -0.160364 0.918477
vn 0.203516 -0.823260 -0.529928
vn 0.070923 -0.831555 -0.550895
vn 0.070923 -0.831555 -0.550895
vn -0.178184 -0.166878 0.969743
vn -0.361500 -0.160364 0.918477
vn -0.178184 -0.166878 0.969743
vn 0.070923 -0.831555 -0.550895
vn -0.086946 -0.819637 -0.566247
vn -0.086946 -0.819637 -0.566247
vn 0.048709 -0.201328 0.978312
vn -0.178184 -0.166878 0.969743
vn 0.048709 -0.201328 0.978312
vn -0.086946 -0.819637 -0.566247
vn -0.215457 -0.829127 -0.515874
vn -0.215457 -0.829127 -0.515874
vn 0.256876 -0.278865 0.925337
vn 0.048709 -0.201328 0.978312
vn -0.996727 -0.047172 -0.065652
vn 0.495208 -0.865162 0.079141
vn 0.503391 -0.864010 -0.009188
vn 0.503391 -0.864010 -0.009188
vn -0.992309 -0.040354 0.117020
vn -0.996727 -0.047172 -0.065652
vn -0.992309 -0.040354 0.117020
vn 0.503391 -0.864010 -0.009188
vn 0.490976 -0.859929 -0.139517
vn 0.490976 -0.859929 -0.139517
vn -0.950533 -0.089906 0.297327
vn -0.992309 -0.040354 0.117020
vn -0.950533 -0.089906 0.297327
vn 0.490976 -0.859929 -0.139517
vn 0.476980 -0.841848 -0.252550
vn 0.476980 -0.841848 -0.252550
vn -0.867731 -0.087862 0.489206
vn -0.950533 -0.089906 0.297327
vn -0.867731 -0.087862 0.489206
vn 0.476980 -0.841848 -0.252550
vn 0.455334 -0.818016 -0.351456
vn 0.455334 -0.818016 -0.351456
vn -0.764491 -0.125658 0.632268
vn -0.867731 -0.087862 0.489206
vn -0.764491 -0.125658 0.632268
vn 0.455334 -0.818016 -0.351456
vn 0.378785 -0.825310 -0.418792
vn 0.378785 -0.825310 -0.418792
vn -0.655942 -0.125059 0.744379
vn -0.764491 -0.125658 0.632268
vn -0.660067 0.018180 -0.750987
vn 0.276466 -0.897613 0.343305
vn 0.354194 -0.876384 0.326341
vn 0.354194 -0.876384 0.326341
vn -0.768472 -0.038475 -0.638726
vn -0.660067 0.018180 -0.750987
vn -0.768472 -0.038475 -0.638726
vn 0.354194 -0.876384 0.326341
vn 0.394550 -0.861135 0.320588
vn 0.394550 -0.861135 0.320588
vn -0.848460 -0.055689 -0.526321
vn -0.768472 -0.038475 -0.638726
vn -0.848460 -0.055689 -0.526321
vn 0.394550 -0.861135 0.320588
vn 0.434203 -0.863309 0.257227
vn 0.434203 -0.863309 0.257227
vn -0.908126 -0.047709 -0.415970
vn -0.848460 -0.055689 -0.526321
vn -0.908126 -0.047709 -0.415970
vn 0.434203 -0.863309 0.257227
vn 0.517467 -0.840707 0.159498
vn 0.517467 -0.840707 0.159498
vn -0.962580 -0.053610 -0.265642
vn -0.908126 -0.047709 -0.415970
vn -0.962580 -0.053610 -0.265642
vn 0.517467 -0.840707 0.159498
vn 0.495208 -0.865162 0.079141
vn 0.495208 -0.865162 0.079141
vn -0.996727 -0.047172 -0.065652
vn -0.962580 -0.053610 -0.265642
vn -0.958177 -0.262814 0.113252
vn -0.947027 0.029127 0.319830
vn -0.863935 0.034484 0.502421
vn -0.863935 0.034484 0.502421
vn -0.766022 -0.432589 0.475475
vn -0.958177 -0.262814 0.113252
vn -0.958177 -0.262814 0.113252
vn -0.984689 0.153627 -0.082383
vn -0.985531 0.124004 0.115552
vn -0.985531 0.124004 0.115552
vn -0.947027 0.029127 0.319830
vn -0.958177 -0.262814 0.113252
vn -0.947027 0.029127 0.319830
vn -0.985531 0.124004 0.115552
vn -0.969765 0.124039 0.210166
vn -0.969765 0.124039 0.210166
vn -0.916515 0.286798 0.278831
vn -0.947027 0.029127 0.319830
vn -0.863935 0.034484 0.502421
vn -0.947027 0.029127 0.319830
vn -0.916515 0.286798 0.278831
vn -0.916515 0.286798 0.278831
vn -0.796854 0.404372 0.448896
vn -0.863935 0.034484 0.502421
vn -0.981371 0.127735 0.143511
vn -0.966436 0.200647 0.160442
vn -0.916515 0.286798 0.278831
vn -0.916515 0.286798 0.278831
vn -0.969765 0.124039 0.210166
vn -0.981371 0.127735 0.143511
vn -0.981371 0.127735 0.143511
vn -0.969765 0.124039 0.210166
vn -0.943847 0.167285 0.284900
vn -0.943847 0.167285 0.284900
vn -0.969765 0.124039 0.210166
vn -0.985531 0.124004 0.115552
vn -0.985531 0.124004 0.115552
vn -0.903384 0.312056 0.294139
vn -0.943847 0.167285 0.284900
vn -0.903384 0.312056 0.294139
vn -0.985531 0.124004 0.115552
vn -0.984689 0.153627 -0.082383
vn -0.984689 0.153627 -0.082383
vn -0.837489 0.541583 0.072801
vn -0.903384 0.312056 0.294139
vn -0.903384 0.312056 0.294139
vn -0.837489 0.541583 0.072801
vn -0.681973 0.616707 0.393174
vn -0.988395 -0.001826 0.151893
vn -0.981371 0.127735 0.143511
vn -0.943847 0.167285 0.284900
vn -0.988395 -0.001826 0.151893
vn -0.949762 -0.019124 0.312388
vn -0.941417 0.107812 0.319547
vn -0.943847 0.167285 0.284900
vn -0.949762 -0.019124 0.312388
vn -0.988395 -0.001826 0.151893
vn -0.949762 -0.019124 0.312388
vn -0.943847 0.167285 0.284900
vn -0.841291 0.231141 0.488675
vn -0.841291 0.231141 0.488675
vn -0.943847 0.167285 0.284900
vn -0.903384 0.312056 0.294139
vn -0.903384 0.312056 0.294139
vn -0.774137 0.405750 0.485879
vn -0.841291 0.231141 0.488675
vn -0.681973 0.616707 0.393174
vn -0.774137 0.405750 0.485879
vn -0.903384 0.312056 0.294139
vn -0.774137 0.405750 0.485879
vn -0.681973 0.616707 0.393174
vn -0.494418 0.461726 0.736451
vn -0.494418 0.461726 0.736451
vn -0.651011 0.315155 0.690552
vn -0.774137 0.405750 0.485879
vn -0.571323 0.120391 0.811847
vn -0.651011 0.315155 0.690552
vn -0.494418 0.461726 0.736451
vn -0.727859 0.197640 0.656628
vn -0.651011 0.315155 0.690552
vn -0.571323 0.120391 0.811847
vn -0.841291 0.231141 0.488675
vn -0.872472 -0.092757 0.479779
vn -0.949762 -0.019124 0.312388
vn -0.949762 -0.019124 0.312388
vn -0.872472 -0.092757 0.479779
vn -0.866586 0.094994 0.489902
vn -0.866586 0.094994 0.489902
vn -0.941417 0.107812 0.319547
vn -0.949762 -0.019124 0.312388
vn -0.941417 0.107812 0.319547
vn -0.866586 0.094994 0.489902
vn -0.849476 0.198199 0.488987
vn -0.758215 0.195812 0.621907
vn -0.849476 0.198199 0.488987
vn -0.866586 0.094994 0.489902
vn -0.866586 0.094994 0.489902
vn -0.772341 0.066729 0.631693
vn -0.758215 0.195812 0.621907
vn -0.772341 0.066729 0.631693
vn -0.866586 0.094994 0.489902
vn -0.872472 -0.092757 0.479779
vn -0.872472 -0.092757 0.479779
vn -0.777078 -0.047813 0.627585
vn -0.772341 0.066729 0.631693
vn -0.777078 -0.047813 0.627585
vn -0.872472 -0.092757 0.479779
vn -0.841291 0.231141 0.488675
vn -0.841291 0.231141 0.488675
vn -0.727859 0.197640 0.656628
vn -0.777078 -0.047813 0.627585
vn -0.651011 0.315155 0.690552
vn -0.727859 0.197640 0.656628
vn -0.841291 0.231141 0.488675
vn -0.841291 0.231141 0.488675
vn -0.774137 0.405750 0.485879
vn -0.651011 0.315155 0.690552
vn -0.777078 -0.047813 0.627585
vn -0.727859 0.197640 0.656628
vn -0.606476 0.133455 0.783821
vn -0.772341 0.066729 0.631693
vn -0.641583 0.055138 0.765070
vn -0.627536 0.182459 0.756907
vn -0.627536 0.182459 0.756907
vn -0.758215 0.195812 0.621907
vn -0.772341 0.066729 0.631693
vn -0.777427 0.066058 0.625494
vn -0.758215 0.195812 0.621907
vn -0.627536 0.182459 0.756907
vn -0.849476 0.198199 0.488987
vn -0.758215 0.195812 0.621907
vn -0.777427 0.066058 0.625494
vn -0.777427 0.066058 0.625494
vn -0.862631 0.077825 0.499811
vn -0.849476 0.198199 0.488987
vn -0.862631 0.077825 0.499811
vn -0.777427 0.066058 0.625494
vn -0.779360 0.094298 0.619440
vn -0.642893 0.081353 0.761623
vn -0.779360 0.094298 0.619440
vn -0.777427 0.066058 0.625494
vn -0.779360 0.094298 0.619440
vn -0.642893 0.081353 0.761623
vn -0.597064 0.342753 0.725283
vn -0.410437 0.302145 0.860378
vn -0.597064 0.342753 0.725283
vn -0.642893 0.081353 0.761623
vn -0.629506 0.184888 0.754678
vn -0.597064 0.342753 0.725283
vn -0.410437 0.302145 0.860378
vn -0.981244 0.110668 0.157839
vn -0.941417 0.107812 0.319547
vn -0.927568 0.190132 0.321663
vn -0.849476 0.198199 0.488987
vn -0.927568 0.190132 0.321663
vn -0.941417 0.107812 0.319547
vn -0.940528 0.078163 0.330601
vn -0.927568 0.190132 0.321663
vn -0.849476 0.198199 0.488987
vn -0.849476 0.198199 0.488987
vn -0.862631 0.077825 0.499811
vn -0.940528 0.078163 0.330601
vn -0.940528 0.078163 0.330601
vn -0.862631 0.077825 0.499811
vn -0.862637 0.125097 0.490111
vn -0.779360 0.094298 0.619440
vn -0.862637 0.125097 0.490111
vn -0.862631 0.077825 0.499811
vn -0.862637 0.125097 0.490111
vn -0.779360 0.094298 0.619440
vn -0.745413 0.321222 0.584103
vn -0.597064 0.342753 0.725283
vn -0.745413 0.321222 0.584103
vn -0.779360 0.094298 0.619440
vn -0.773285 0.203738 0.600434
vn -0.745413 0.321222 0.584103
vn -0.597064 0.342753 0.725283
vn -0.597064 0.342753 0.725283
vn -0.629506 0.184888 0.754678
vn -0.773285 0.203738 0.600434
vn -0.773285 0.203738 0.600434
vn -0.843026 0.217863 0.491775
vn -0.808223 0.338211 0.482067
vn -0.745413 0.321222 0.584103
vn -0.745413 0.321222 0.584103
vn -0.808223 0.338211 0.482067
vn -0.862637 0.125097 0.490111
vn -0.933820 0.145234 0.326935
vn -0.862637 0.125097 0.490111
vn -0.808223 0.338211 0.482067
vn -0.862637 0.125097 0.490111
vn -0.933820 0.145234 0.326935
vn -0.940528 0.078163 0.330601
vn -0.982701 0.080124 0.166969
vn -0.940528 0.078163 0.330601
vn -0.933820 0.145234 0.326935
vn -0.927568 0.190132 0.321663
vn -0.940528 0.078163 0.330601
vn -0.982701 0.080124 0.166969
vn -0.982701 0.080124 0.166969
vn -0.967922 0.189766 0.164670
vn -0.927568 0.190132 0.321663
vn -0.927568 0.190132 0.321663
vn -0.967922 0.189766 0.164670
vn -0.981244 0.110668 0.157839
vn -0.996508 0.083350 -0.005023
vn -0.981244 0.110668 0.157839
vn -0.967922 0.189766 0.164670
vn -0.981244 0.110668 0.157839
vn -0.996508 0.083350 -0.005023
vn -0.999942 -0.003815 -0.010109
vn -0.933820 0.145234 0.326935
vn -0.976249 0.144491 0.161432
vn -0.982701 0.080124 0.166969
vn -0.976249 0.144491 0.161432
vn -0.933820 0.145234 0.326935
vn -0.864138 0.393511 0.313712
vn -0.808223 0.338211 0.482067
vn -0.864138 0.393511 0.313712
vn -0.933820 0.145234 0.326935
vn -0.917094 0.230963 0.324953
vn -0.864138 0.393511 0.313712
vn -0.808223 0.338211 0.482067
vn -0.808223 0.338211 0.482067
vn -0.843026 0.217863 0.491775
vn -0.917094 0.230963 0.324953
vn -0.926795 0.195923 0.320413
vn -0.917094 0.230963 0.324953
vn -0.843026 0.217863 0.491775
vn -0.843026 0.217863 0.491775
vn -0.859853 0.191405 0.473304
vn -0.926795 0.195923 0.320413
vn -0.926111 0.159741 0.341762
vn -0.926795 0.195923 0.320413
vn -0.859853 0.191405 0.473304
vn -0.859853 0.191405 0.473304
vn -0.867925 0.160144 0.470169
vn -0.926111 0.159741 0.341762
vn -0.782661 0.158010 0.602058
vn -0.867925 0.160144 0.470169
vn -0.859853 0.191405 0.473304
vn -0.779783 0.110496 0.616222
vn -0.782661 0.158010 0.602058
vn -0.658986 0.148634 0.737323
vn -0.782661 0.158010 0.602058
vn -0.779783 0.110496 0.616222
vn -0.871275 0.096686 0.481178
vn -0.871275 0.096686 0.481178
vn -0.867925 0.160144 0.470169
vn -0.782661 0.158010 0.602058
vn -0.867925 0.160144 0.470169
vn -0.871275 0.096686 0.481178
vn -0.931751 0.091245 0.351447
vn -0.931751 0.091245 0.351447
vn -0.926111 0.159741 0.341762
vn -0.867925 0.160144 0.470169
vn -0.926111 0.159741 0.341762
vn -0.931751 0.091245 0.351447
vn -0.978979 0.080451 0.187425
vn -0.978979 0.080451 0.187425
vn -0.971470 0.155004 0.179499
vn -0.926111 0.159741 0.341762
vn -0.971470 0.155004 0.179499
vn -0.978979 0.080451 0.187425
vn -0.996966 0.075501 0.018918
vn -0.996966 0.075501 0.018918
vn -0.986551 0.156697 0.046501
vn -0.971470 0.155004 0.179499
vn -0.986551 0.156697 0.046501
vn -0.996966 0.075501 0.018918
vn -0.985052 0.087849 -0.148172
vn -0.262680 0.121775 0.957168
vn -0.340443 0.106602 0.934203
vn -0.512013 0.130652 0.848983
vn -0.512013 0.130652 0.848983
vn -0.449620 0.152090 0.880177
vn -0.262680 0.121775 0.957168
vn -0.449620 0.152090 0.880177
vn -0.512013 0.130652 0.848983
vn -0.658986 0.148634 0.737323
vn -0.658986 0.148634 0.737323
vn -0.642956 0.175179 0.745600
vn -0.449620 0.152090 0.880177
vn -0.642956 0.175179 0.745600
vn -0.658986 0.148634 0.737323
vn -0.782661 0.158010 0.602058
vn -0.782661 0.158010 0.602058
vn -0.771822 0.181949 0.609250
vn -0.642956 0.175179 0.745600
vn -0.859853 0.191405 0.473304
vn -0.771822 0.181949 0.609250
vn -0.782661 0.158010 0.602058
vn -0.773285 0.203738 0.600434
vn -0.771822 0.181949 0.609250
vn -0.859853 0.191405 0.473304
vn -0.859853 0.191405 0.473304
vn -0.843026 0.217863 0.491775
vn -0.773285 0.203738 0.600434
vn -0.771822 0.181949 0.609250
vn -0.773285 0.203738 0.600434
vn -0.629506 0.184888 0.754678
vn -0.629506 0.184888 0.754678
vn -0.642956 0.175179 0.745600
vn -0.771822 0.181949 0.609250
vn -0.642956 0.175179 0.745600
vn -0.629506 0.184888 0.754678
vn -0.440904 0.134596 0.887405
vn -0.440904 0.134596 0.887405
vn -0.449620 0.152090 0.880177
vn -0.642956 0.175179 0.745600
vn -0.449620 0.152090 0.880177
vn -0.440904 0.134596 0.887405
vn -0.243973 0.107296 0.963828
vn -0.243973 0.107296 0.963828
vn -0.262680 0.121775 0.957168
vn -0.449620 0.152090 0.880177
vn -0.140044 0.098349 0.985249
vn -0.262680 0.121775 0.957168
vn -0.243973 0.107296 0.963828
vn -0.139058 0.089925 0.986193
vn -0.140044 0.098349 0.985249
vn -0.139058 0.089925 0.986193
vn 0.008499 0.072011 0.997368
vn 0.002346 0.240560 0.970631
vn 0.008499 0.072011 0.997368
vn -0.139058 0.089925 0.986193
vn -0.410437 0.302145 0.860378
vn -0.440904 0.134596 0.887405
vn -0.629506 0.184888 0.754678
vn -0.440904 0.134596 0.887405
vn -0.410437 0.302145 0.860378
vn -0.249918 0.316262 0.915161
vn -0.249918 0.316262 0.915161
vn -0.243973 0.107296 0.963828
vn -0.440904 0.134596 0.887405
vn -0.243973 0.107296 0.963828
vn -0.249918 0.316262 0.915161
vn -0.127568 0.290496 0.948335
vn -0.127568 0.290496 0.948335
vn -0.139058 0.089925 0.986193
vn -0.243973 0.107296 0.963828
vn -0.139058 0.089925 0.986193
vn -0.127568 0.290496 0.948335
vn 0.002346 0.240560 0.970631
vn 0.002346 0.240560 0.970631
vn -0.127568 0.290496 0.948335
vn -0.113833 -0.000069 0.993500
vn -0.113833 -0.000069 0.993500
vn 0.009356 0.020868 0.999738
vn 0.002346 0.240560 0.970631
vn 0.009356 0.020868 0.999738
vn -0.113833 -0.000069 0.993500
vn -0.124788 0.006490 0.992162
vn -0.124788 0.006490 0.992162
vn -0.006182 0.031124 0.999496
vn 0.009356 0.020868 0.999738
vn 0.008499 0.072011 0.997368
vn 0.002346 0.240560 0.970631
vn 0.135440 0.248208 0.959192
vn 0.135440 0.248208 0.959192
vn 0.002346 0.240560 0.970631
vn 0.009356 0.020868 0.999738
vn 0.009356 0.020868 0.999738
vn 0.131129 0.040892 0.990522
vn 0.135440 0.248208 0.959192
vn 0.131129 0.040892 0.990522
vn 0.009356 0.020868 0.999738
vn -0.006182 0.031124 0.999496
vn -0.006182 0.031124 0.999496
vn 0.123621 0.041482 0.991462
vn 0.131129 0.040892 0.990522
vn 0.112850 0.182726 0.976666
vn 0.123621 0.041482 0.991462
vn -0.006182 0.031124 0.999496
vn 0.123621 0.041482 0.991462
vn 0.112850 0.182726 0.976666
vn 0.266066 0.180390 0.946926
vn 0.266066 0.180390 0.946926
vn 0.112850 0.182726 0.976666
vn 0.114090 0.111465 0.987197
vn 0.114090 0.111465 0.987197
vn 0.288129 0.014252 0.957485
vn 0.266066 0.180390 0.946926
vn 0.288129 0.014252 0.957485
vn 0.114090 0.111465 0.987197
vn 0.131821 -0.018452 0.991102
vn -0.040818 0.164782 0.985485
vn -0.006182 0.031124 0.999496
vn -0.124788 0.006490 0.992162
vn -0.006182 0.031124 0.999496
vn -0.040818 0.164782 0.985485
vn 0.112850 0.182726 0.976666
vn 0.112850 0.182726 0.976666
vn -0.040818 0.164782 0.985485
vn -0.038445 0.084835 0.995653
vn -0.038445 0.084835 0.995653
vn 0.114090 0.111465 0.987197
vn 0.112850 0.182726 0.976666
vn 0.114090 0.111465 0.987197
vn -0.038445 0.084835 0.995653
vn -0.041700 -0.006316 0.999110
vn -0.041700 -0.006316 0.999110
vn 0.131821 -0.018452 0.991102
vn 0.114090 0.111465 0.987197
vn 0.140976 0.113897 0.983440
vn 0.131821 -0.018452 0.991102
vn -0.041700 -0.006316 0.999110
vn -0.041700 -0.006316 0.999110
vn -0.043085 0.120698 0.991754
vn 0.140976 0.113897 0.983440
vn 0.130495 0.215302 0.967789
vn 0.140976 0.113897 0.983440
vn -0.043085 0.120698 0.991754
vn -0.043085 0.120698 0.991754
vn -0.019559 0.216058 0.976185
vn 0.130495 0.215302 0.967789
vn 0.131821 -0.018452 0.991102
vn 0.309177 -0.105032 0.945187
vn 0.288129 0.014252 0.957485
vn 0.330830 0.103817 0.937962
vn 0.309177 -0.105032 0.945187
vn 0.131821 -0.018452 0.991102
vn 0.131821 -0.018452 0.991102
vn 0.140976 0.113897 0.983440
vn 0.330830 0.103817 0.937962
vn 0.310489 0.202084 0.928848
vn 0.330830 0.103817 0.937962
vn 0.140976 0.113897 0.983440
vn 0.140976 0.113897 0.983440
vn 0.130495 0.215302 0.967789
vn 0.310489 0.202084 0.928848
vn -0.070789 0.997083 -0.028554
vn 0.310489 0.202084 0.928848
vn 0.130495 0.215302 0.967789
vn 0.130495 0.215302 0.967789
vn -0.043929 0.998441 -0.034448
vn -0.070789 0.997083 -0.028554
vn -0.043929 0.998441 -0.034448
vn 0.130495 0.215302 0.967789
vn -0.019559 0.216058 0.976185
vn -0.019559 0.216058 0.976185
vn -0.009756 0.999319 -0.035575
vn -0.043929 0.998441 -0.034448
vn -0.009756 0.999319 -0.035575
vn -0.019559 0.216058 0.976185
vn -0.143076 0.209402 0.967306
vn 0.038933 0.540005 -0.840761
vn -0.009756 0.999319 -0.035575
vn -0.030387 0.997570 -0.062704
vn -0.009756 0.999319 -0.035575
vn 0.038933 0.540005 -0.840761
vn -0.134138 0.607625 -0.782815
vn -0.134138 0.607625 -0.782815
vn -0.043929 0.998441 -0.034448
vn -0.009756 0.999319 -0.035575
vn -0.043929 0.998441 -0.034448
vn -0.134138 0.607625 -0.782815
vn -0.288819 0.645275 -0.707251
vn -0.288819 0.645275 -0.707251
vn -0.070789 0.997083 -0.028554
vn -0.043929 0.998441 -0.034448
vn -0.070789 0.997083 -0.028554
vn -0.288819 0.645275 -0.707251
vn -0.397741 0.634006 -0.663204
vn -0.397741 0.634006 -0.663204
vn -0.040379 0.997329 -0.060861
vn -0.070789 0.997083 -0.028554
vn 0.310489 0.202084 0.928848
vn -0.070789 0.997083 -0.028554
vn -0.040379 0.997329 -0.060861
vn -0.040379 0.997329 -0.060861
vn 0.496039 0.201722 0.844543
vn 0.310489 0.202084 0.928848
vn 0.330830 0.103817 0.937962
vn 0.310489 0.202084 0.928848
vn 0.496039 0.201722 0.844543
vn 0.038933 0.540005 -0.840761
vn 0.065231 -0.149179 -0.986656
vn -0.132121 -0.062728 -0.989247
vn -0.132121 -0.062728 -0.989247
vn -0.134138 0.607625 -0.782815
vn 0.038933 0.540005 -0.840761
vn -0.134138 0.607625 -0.782815
vn -0.132121 -0.062728 -0.989247
vn -0.330177 -0.040223 -0.943062
vn -0.330177 -0.040223 -0.943062
vn -0.288819 0.645275 -0.707251
vn -0.134138 0.607625 -0.782815
vn -0.288819 0.645275 -0.707251
vn -0.330177 -0.040223 -0.943062
vn -0.503948 -0.056535 -0.861882
vn -0.503948 -0.056535 -0.861882
vn -0.397741 0.634006 -0.663204
vn -0.288819 0.645275 -0.707251
vn -0.397741 0.634006 -0.663204
vn -0.503948 -0.056535 -0.861882
vn -0.660067 0.018180 -0.750987
vn -0.660067 0.018180 -0.750987
vn -0.503137 0.630232 -0.591321
vn -0.397741 0.634006 -0.663204
vn -0.040379 0.997329 -0.060861
vn -0.397741 0.634006 -0.663204
vn -0.503137 0.630232 -0.591321
vn -0.503137 0.630232 -0.591321
vn -0.021114 0.997657 -0.065071
vn -0.040379 0.997329 -0.060861
vn 0.496039 0.201722 0.844543
vn -0.040379 0.997329 -0.060861
vn -0.021114 0.997657 -0.065071
vn -0.021114 0.997657 -0.065071
vn 0.637352 0.192134 0.746235
vn 0.496039 0.201722 0.844543
vn 0.494909 0.084112 0.864864
vn 0.496039 0.201722 0.844543
vn 0.637352 0.192134 0.746235
vn 0.637352 0.192134 0.746235
vn 0.627268 0.062764 0.776270
vn 0.494909 0.084112 0.864864
vn 0.483976 -0.182033 0.855939
vn 0.494909 0.084112 0.864864
vn 0.627268 0.062764 0.776270
vn 0.627268 0.062764 0.776270
vn 0.615894 -0.212487 0.758633
vn 0.483976 -0.182033 0.855939
vn 0.483976 -0.182033 0.855939
vn 0.615894 -0.212487 0.758633
vn 0.615818 -0.044049 0.786656
vn 0.615818 -0.044049 0.786656
vn 0.466825 -0.039675 0.883459
vn 0.483976 -0.182033 0.855939
vn 0.466825 -0.039675 0.883459
vn 0.615818 -0.044049 0.786656
vn 0.586181 0.148490 0.796456
vn 0.586181 0.148490 0.796456
vn 0.436973 0.179303 0.881422
vn 0.466825 -0.039675 0.883459
vn 0.496039 0.201722 0.844543
vn 0.494909 0.084112 0.864864
vn 0.330830 0.103817 0.937962
vn 0.309177 -0.105032 0.945187
vn 0.330830 0.103817 0.937962
vn 0.494909 0.084112 0.864864
vn 0.494909 0.084112 0.864864
vn 0.483976 -0.182033 0.855939
vn 0.309177 -0.105032 0.945187
vn 0.309177 -0.105032 0.945187
vn 0.483976 -0.182033 0.855939
vn 0.466825 -0.039675 0.883459
vn 0.466825 -0.039675 0.883459
vn 0.288129 0.014252 0.957485
vn 0.309177 -0.105032 0.945187
vn 0.288129 0.014252 0.957485
vn 0.466825 -0.039675 0.883459
vn 0.436973 0.179303 0.881422
vn 0.436973 0.179303 0.881422
vn 0.266066 0.180390 0.946926
vn 0.288129 0.014252 0.957485
vn 0.263433 0.045416 0.963608
vn 0.266066 0.180390 0.946926
vn 0.436973 0.179303 0.881422
vn 0.266066 0.180390 0.946926
vn 0.263433 0.045416 0.963608
vn 0.123621 0.041482 0.991462
vn 0.123621 0.041482 0.991462
vn 0.263433 0.045416 0.963608
vn 0.273124 0.032429 0.961432
vn 0.431149 0.038912 0.901441
vn 0.436973 0.179303 0.881422
vn 0.586181 0.148490 0.796456
vn 0.436973 0.179303 0.881422
vn 0.431149 0.038912 0.901441
vn 0.263433 0.045416 0.963608
vn 0.263433 0.045416 0.963608
vn 0.431149 0.038912 0.901441
vn 0.425833 0.064948 0.902468
vn 0.425833 0.064948 0.902468
vn 0.273124 0.032429 0.961432
vn 0.263433 0.045416 0.963608
vn 0.273124 0.032429 0.961432
vn 0.425833 0.064948 0.902468
vn 0.397354 0.298862 0.867635
vn 0.397354 0.298862 0.867635
vn 0.265689 0.293058 0.918437
vn 0.273124 0.032429 0.961432
vn 0.280118 0.134929 0.950436
vn 0.265689 0.293058 0.918437
vn 0.397354 0.298862 0.867635
vn 0.265689 0.293058 0.918437
vn 0.280118 0.134929 0.950436
vn 0.155114 0.112485 0.981472
vn 0.168882 0.082469 0.982180
vn 0.155114 0.112485 0.981472
vn 0.280118 0.134929 0.950436
vn 0.155114 0.112485 0.981472
vn 0.168882 0.082469 0.982180
vn 0.017428 0.083589 0.996348
vn 0.023607 0.075766 0.996846
vn -0.005724 0.056449 0.998389
vn -0.197892 0.072611 0.977531
vn -0.005724 0.056449 0.998389
vn 0.023607 0.075766 0.996846
vn 0.185713 0.066426 0.980356
vn 0.168882 0.082469 0.982180
vn 0.185713 0.066426 0.980356
vn 0.023607 0.075766 0.996846
vn 0.185713 0.066426 0.980356
vn 0.168882 0.082469 0.982180
vn 0.285433 0.084999 0.954622
vn 0.280118 0.134929 0.950436
vn 0.285433 0.084999 0.954622
vn 0.168882 0.082469 0.982180
vn 0.285433 0.084999 0.954622
vn 0.280118 0.134929 0.950436
vn 0.430379 0.138276 0.891994
vn 0.397354 0.298862 0.867635
vn 0.430379 0.138276 0.891994
vn 0.280118 0.134929 0.950436
vn 0.430379 0.138276 0.891994
vn 0.397354 0.298862 0.867635
vn 0.513039 0.345074 0.785949
vn 0.513039 0.345074 0.785949
vn 0.397354 0.298862 0.867635
vn 0.425833 0.064948 0.902468
vn 0.425833 0.064948 0.902468
vn 0.563544 0.085881 0.821610
vn 0.513039 0.345074 0.785949
vn 0.563544 0.085881 0.821610
vn 0.425833 0.064948 0.902468
vn 0.431149 0.038912 0.901441
vn 0.431149 0.038912 0.901441
vn 0.575437 0.007021 0.817816
vn 0.563544 0.085881 0.821610
vn 0.586181 0.148490 0.796456
vn 0.575437 0.007021 0.817816
vn 0.431149 0.038912 0.901441
vn 0.513039 0.345074 0.785949
vn 0.547651 0.145038 0.824040
vn 0.430379 0.138276 0.891994
vn 0.434926 0.089774 0.895980
vn 0.430379 0.138276 0.891994
vn 0.547651 0.145038 0.824040
vn 0.430379 0.138276 0.891994
vn 0.434926 0.089774 0.895980
vn 0.285433 0.084999 0.954622
vn 0.301648 0.069228 0.950903
vn 0.285433 0.084999 0.954622
vn 0.434926 0.089774 0.895980
vn 0.285433 0.084999 0.954622
vn 0.301648 0.069228 0.950903
vn 0.185713 0.066426 0.980356
vn 0.174066 0.045964 0.983661
vn 0.185713 0.066426 0.980356
vn 0.301648 0.069228 0.950903
vn 0.185713 0.066426 0.980356
vn 0.174066 0.045964 0.983661
vn -0.005724 0.056449 0.998389
vn 0.547651 0.145038 0.824040
vn 0.549589 0.091997 0.830354
vn 0.434926 0.089774 0.895980
vn 0.451012 0.080080 0.888918
vn 0.434926 0.089774 0.895980
vn 0.549589 0.091997 0.830354
vn 0.434926 0.089774 0.895980
vn 0.451012 0.080080 0.888918
vn 0.301648 0.069228 0.950903
vn 0.345990 0.066656 0.935867
vn 0.301648 0.069228 0.950903
vn 0.451012 0.080080 0.888918
vn 0.301648 0.069228 0.950903
vn 0.345990 0.066656 0.935867
vn 0.174066 0.045964 0.983661
vn 0.549589 0.091997 0.830354
vn 0.584051 0.094472 0.806201
vn 0.451012 0.080080 0.888918
vn 0.482130 0.086412 0.871828
vn 0.451012 0.080080 0.888918
vn 0.584051 0.094472 0.806201
vn 0.451012 0.080080 0.888918
vn 0.482130 0.086412 0.871828
vn 0.345990 0.066656 0.935867
vn 0.584051 0.094472 0.806201
vn 0.603520 0.101938 0.790805
vn 0.482130 0.086412 0.871828
vn 0.985322 0.114353 0.126744
vn 0.921931 0.300298 -0.244670
vn 0.850188 0.030852 -0.525574
vn -0.742007 -0.666452 0.072579
vn -0.098551 -0.730215 -0.676072
vn 0.918540 -0.261164 -0.296778
vn -0.287473 -0.038251 0.957025
vn -0.742007 -0.666452 0.072579
vn 0.918540 -0.261164 -0.296778
vn 0.720815 0.236783 0.651429
vn -0.287473 -0.038251 0.957025
vn 0.918540 -0.261164 -0.296778
vn 0.873138 -0.486465 0.031343
vn -0.117082 -0.692781 -0.711580
vn -0.096517 -0.562899 -0.820871
vn -0.096517 -0.562899 -0.820871
vn -0.244893 -0.550819 -0.797889
vn 0.903195 -0.146662 -0.403398
vn 0.903195 -0.146662 -0.403398
vn 0.941142 -0.173112 -0.290318
vn -0.096517 -0.562899 -0.820871
vn -0.096517 -0.562899 -0.820871
vn 0.941142 -0.173112 -0.290318
vn 0.873138 -0.486465 0.031343
vn 0.839598 0.314882 0.442634
vn 0.764851 0.221785 0.604825
vn 0.873138 -0.486465 0.031343
vn 0.941142 -0.173112 -0.290318
vn 0.873138 -0.486465 0.031343
vn 0.764851 0.221785 0.604825
vn 0.612756 0.209195 0.762081
vn 0.612756 0.209195 0.762081
vn 0.653125 -0.725732 0.216194
vn 0.873138 -0.486465 0.031343
vn -0.117082 -0.692781 -0.711580
vn 0.873138 -0.486465 0.031343
vn 0.653125 -0.725732 0.216194
vn 0.653125 -0.725732 0.216194
vn -0.204797 -0.727196 -0.655167
vn -0.117082 -0.692781 -0.711580
vn -0.758454 0.479564 -0.441323
vn -0.285563 -0.685606 -0.669626
vn -0.331547 -0.583480 -0.741369
vn -0.331547 -0.583480 -0.741369
vn -0.958505 0.126602 -0.255422
vn -0.758454 0.479564 -0.441323
vn -0.958505 0.126602 -0.255422
vn -0.331547 -0.583480 -0.741369
vn -0.244893 -0.550819 -0.797889
vn -0.244893 -0.550819 -0.797889
vn -0.985166 -0.155843 -0.071846
vn -0.958505 0.126602 -0.255422
vn -0.985166 -0.155843 -0.071846
vn -0.244893 -0.550819 -0.797889
vn -0.096517 -0.562899 -0.820871
vn -0.096517 -0.562899 -0.820871
vn -0.968339 -0.206648 -0.140060
vn -0.985166 -0.155843 -0.071846
vn -0.968339 -0.206648 -0.140060
vn -0.096517 -0.562899 -0.820871
vn -0.117082 -0.692781 -0.711580
vn -0.117082 -0.692781 -0.711580
vn -0.863957 0.121800 -0.488614
vn -0.968339 -0.206648 -0.140060
vn -0.863957 0.121800 -0.488614
vn -0.117082 -0.692781 -0.711580
vn -0.204797 -0.727196 -0.655167
vn -0.204797 -0.727196 -0.655167
vn -0.740236 0.254684 -0.622243
vn -0.863957 0.121800 -0.488614
vn -0.424803 0.447427 0.786989
vn -0.968339 -0.206648 -0.140060
vn -0.863957 0.121800 -0.488614
vn -0.863957 0.121800 -0.488614
vn -0.073302 0.771493 0.632001
vn -0.424803 0.447427 0.786989
vn -0.073302 0.771493 0.632001
vn -0.863957 0.121800 -0.488614
vn -0.740236 0.254684 -0.622243
vn -0.740236 0.254684 -0.622243
vn -0.080002 0.883194 0.462135
vn -0.073302 0.771493 0.632001
vn -0.673507 0.308056 -0.671930
vn -0.132797 0.949618 0.283884
vn -0.080002 0.883194 0.462135
vn -0.080002 0.883194 0.462135
vn -0.740236 0.254684 -0.622243
vn -0.673507 0.308056 -0.671930
vn -0.241785 -0.731794 -0.637195
vn -0.673507 0.308056 -0.671930
vn -0.740236 0.254684 -0.622243
vn -0.740236 0.254684 -0.622243
vn -0.204797 -0.727196 -0.655167
vn -0.241785 -0.731794 -0.637195
vn 0.574949 -0.751288 0.324037
vn -0.241785 -0.731794 -0.637195
vn -0.204797 -0.727196 -0.655167
vn -0.204797 -0.727196 -0.655167
vn 0.653125 -0.725732 0.216194
vn 0.574949 -0.751288 0.324037
vn 0.598177 0.149523 0.787291
vn 0.574949 -0.751288 0.324037
vn 0.653125 -0.725732 0.216194
vn 0.653125 -0.725732 0.216194
vn 0.612756 0.209195 0.762081
vn 0.598177 0.149523 0.787291
vn -0.132797 0.949618 0.283884
vn 0.598177 0.149523 0.787291
vn 0.612756 0.209195 0.762081
vn 0.612756 0.209195 0.762081
vn -0.080002 0.883194 0.462135
vn -0.132797 0.949618 0.283884
vn -0.073302 0.771493 0.632001
vn -0.080002 0.883194 0.462135
vn 0.612756 0.209195 0.762081
vn 0.764851 0.221785 0.604825
vn -0.073302 0.771493 0.632001
vn 0.764851 0.221785 0.604825
vn 0.839598 0.314882 0.442634
vn 0.839598 0.314882 0.442634
vn -0.424803 0.447427 0.786989
vn -0.073302 0.771493 0.632001
vn -0.424803 0.447427 0.786989
vn 0.839598 0.314882 0.442634
vn 0.726764 0.432016 0.534019
vn 0.726764 0.432016 0.534019
vn -0.501974 0.435353 0.747321
vn -0.424803 0.447427 0.786989
vn -0.501974 0.435353 0.747321
vn 0.726764 0.432016 0.534019
vn 0.637108 0.397791 0.660193
vn 0.637108 0.397791 0.660193
vn -0.523418 0.685482 0.506110
vn -0.501974 0.435353 0.747321
vn -0.523418 0.685482 0.506110
vn 0.637108 0.397791 0.660193
vn 0.621129 0.259777 0.739402
vn 0.621129 0.259777 0.739402
vn -0.436325 0.893813 0.103533
vn -0.523418 0.685482 0.506110
vn 0.716800 -0.640611 0.275347
vn 0.700917 0.118160 0.703387
vn 0.621129 0.259777 0.739402
vn 0.621129 0.259777 0.739402
vn 0.656072 -0.725960 0.206282
vn 0.716800 -0.640611 0.275347
vn 0.656072 -0.725960 0.206282
vn 0.621129 0.259777 0.739402
vn 0.637108 0.397791 0.660193
vn 0.637108 0.397791 0.660193
vn 0.879745 -0.451601 -0.148681
vn 0.656072 -0.725960 0.206282
vn 0.879745 -0.451601 -0.148681
vn 0.637108 0.397791 0.660193
vn 0.726764 0.432016 0.534019
vn 0.726764 0.432016 0.534019
vn 0.903195 -0.146662 -0.403398
vn 0.879745 -0.451601 -0.148681
vn 0.903195 -0.146662 -0.403398
vn 0.726764 0.432016 0.534019
vn 0.839598 0.314882 0.442634
vn 0.839598 0.314882 0.442634
vn 0.941142 -0.173112 -0.290318
vn 0.903195 -0.146662 -0.403398
vn -0.192229 -0.700083 -0.687701
vn 0.811367 -0.584308 0.016352
vn 0.773866 -0.593527 0.221038
vn 0.773866 -0.593527 0.221038
vn -0.210803 -0.713806 -0.667864
vn -0.192229 -0.700083 -0.687701
vn -0.210803 -0.713806 -0.667864
vn 0.773866 -0.593527 0.221038
vn 0.716800 -0.640611 0.275347
vn 0.716800 -0.640611 0.275347
vn -0.229447 -0.725663 -0.648666
vn -0.210803 -0.713806 -0.667864
vn -0.229447 -0.725663 -0.648666
vn 0.716800 -0.640611 0.275347
vn 0.656072 -0.725960 0.206282
vn 0.656072 -0.725960 0.206282
vn -0.285563 -0.685606 -0.669626
vn -0.229447 -0.725663 -0.648666
vn -0.285563 -0.685606 -0.669626
vn 0.656072 -0.725960 0.206282
vn 0.879745 -0.451601 -0.148681
vn 0.879745 -0.451601 -0.148681
vn -0.331547 -0.583480 -0.741369
vn -0.285563 -0.685606 -0.669626
vn -0.331547 -0.583480 -0.741369
vn 0.879745 -0.451601 -0.148681
vn 0.903195 -0.146662 -0.403398
vn 0.903195 -0.146662 -0.403398
vn -0.244893 -0.550819 -0.797889
vn -0.331547 -0.583480 -0.741369
vn -0.900448 -0.117549 -0.418779
vn -0.971511 -0.007216 -0.236883
vn -0.399094 -0.575921 -0.713470
vn -0.205188 -0.681145 -0.702808
vn -0.205188 -0.681145 -0.702808
vn -0.931186 0.073936 -0.356967
vn -0.900448 -0.117549 -0.418779
vn -0.931186 0.073936 -0.356967
vn -0.205188 -0.681145 -0.702808
vn -0.192229 -0.700083 -0.687701
vn -0.192229 -0.700083 -0.687701
vn -0.892322 0.134127 -0.431012
vn -0.931186 0.073936 -0.356967
vn -0.892322 0.134127 -0.431012
vn -0.192229 -0.700083 -0.687701
vn -0.210803 -0.713806 -0.667864
vn -0.210803 -0.713806 -0.667864
vn -0.838514 0.225727 -0.495925
vn -0.892322 0.134127 -0.431012
vn -0.838514 0.225727 -0.495925
vn -0.210803 -0.713806 -0.667864
vn -0.229447 -0.725663 -0.648666
vn -0.229447 -0.725663 -0.648666
vn -0.768027 0.400081 -0.500069
vn -0.838514 0.225727 -0.495925
vn -0.768027 0.400081 -0.500069
vn -0.229447 -0.725663 -0.648666
vn -0.285563 -0.685606 -0.669626
vn -0.285563 -0.685606 -0.669626
vn -0.758454 0.479564 -0.441323
vn -0.768027 0.400081 -0.500069
vn -0.311632 0.573500 0.757617
vn -0.978997 -0.102497 -0.176235
vn -0.971511 -0.007216 -0.236883
vn -0.971511 -0.007216 -0.236883
vn -0.451772 0.635676 0.625954
vn -0.311632 0.573500 0.757617
vn -0.451772 0.635676 0.625954
vn -0.971511 -0.007216 -0.236883
vn -0.900448 -0.117549 -0.418779
vn -0.900448 -0.117549 -0.418779
vn -0.417538 0.702716 0.576066
vn -0.451772 0.635676 0.625954
vn -0.417538 0.702716 0.576066
vn -0.900448 -0.117549 -0.418779
vn -0.931186 0.073936 -0.356967
vn -0.931186 0.073936 -0.356967
vn -0.372780 0.772797 0.513634
vn -0.417538 0.702716 0.576066
vn -0.372780 0.772797 0.513634
vn -0.931186 0.073936 -0.356967
vn -0.892322 0.134127 -0.431012
vn -0.892322 0.134127 -0.431012
vn -0.348893 0.826239 0.442270
vn -0.372780 0.772797 0.513634
vn -0.348893 0.826239 0.442270
vn -0.892322 0.134127 -0.431012
vn -0.838514 0.225727 -0.495925
vn -0.838514 0.225727 -0.495925
vn -0.279857 0.877093 0.390370
vn -0.348893 0.826239 0.442270
vn -0.952421 -0.291324 -0.089585
vn -0.176041 -0.519808 -0.835948
vn -0.220307 -0.531041 -0.818206
vn -0.220307 -0.531041 -0.818206
vn -0.968456 -0.234965 -0.082972
vn -0.952421 -0.291324 -0.089585
vn -0.968456 -0.234965 -0.082972
vn -0.220307 -0.531041 -0.818206
vn -0.184768 -0.551917 -0.813172
vn -0.184768 -0.551917 -0.813172
vn -0.969355 -0.209695 -0.127983
vn -0.968456 -0.234965 -0.082972
vn -0.969355 -0.209695 -0.127983
vn -0.184768 -0.551917 -0.813172
vn -0.155118 -0.596056 -0.787817
vn -0.155118 -0.596056 -0.787817
vn -0.978997 -0.102497 -0.176235
vn -0.969355 -0.209695 -0.127983
vn -0.978997 -0.102497 -0.176235
vn -0.155118 -0.596056 -0.787817
vn -0.192603 -0.628638 -0.753471
vn -0.192603 -0.628638 -0.753471
vn -0.971511 -0.007216 -0.236883
vn -0.978997 -0.102497 -0.176235
vn -0.971511 -0.007216 -0.236883
vn -0.192603 -0.628638 -0.753471
vn -0.399094 -0.575921 -0.713470
vn -0.184768 -0.551917 -0.813172
vn 0.921559 -0.118313 -0.369772
vn 0.925487 -0.252742 -0.282126
vn 0.925487 -0.252742 -0.282126
vn -0.155118 -0.596056 -0.787817
vn -0.184768 -0.551917 -0.813172
vn -0.155118 -0.596056 -0.787817
vn 0.925487 -0.252742 -0.282126
vn 0.899122 -0.380981 -0.215484
vn 0.899122 -0.380981 -0.215484
vn -0.192603 -0.628638 -0.753471
vn -0.155118 -0.596056 -0.787817
vn -0.192603 -0.628638 -0.753471
vn 0.899122 -0.380981 -0.215484
vn 0.878658 -0.448149 -0.164688
vn 0.878658 -0.448149 -0.164688
vn -0.399094 -0.575921 -0.713470
vn -0.192603 -0.628638 -0.753471
vn -0.399094 -0.575921 -0.713470
vn 0.878658 -0.448149 -0.164688
vn 0.852009 -0.518222 -0.074347
vn 0.852009 -0.518222 -0.074347
vn -0.205188 -0.681145 -0.702808
vn -0.399094 -0.575921 -0.713470
vn -0.205188 -0.681145 -0.702808
vn 0.852009 -0.518222 -0.074347
vn 0.811367 -0.584308 0.016352
vn 0.811367 -0.584308 0.016352
vn -0.192229 -0.700083 -0.687701
vn -0.205188 -0.681145 -0.702808
vn 0.899122 -0.380981 -0.215484
vn 0.774245 0.314945 0.548958
vn 0.749711 0.329084 0.574141
vn 0.749711 0.329084 0.574141
vn 0.878658 -0.448149 -0.164688
vn 0.899122 -0.380981 -0.215484
vn 0.878658 -0.448149 -0.164688
vn 0.749711 0.329084 0.574141
vn 0.726373 0.327551 0.604228
vn 0.726373 0.327551 0.604228
vn 0.852009 -0.518222 -0.074347
vn 0.878658 -0.448149 -0.164688
vn 0.852009 -0.518222 -0.074347
vn 0.726373 0.327551 0.604228
vn 0.700592 0.299630 0.647605
vn 0.700592 0.299630 0.647605
vn 0.811367 -0.584308 0.016352
vn 0.852009 -0.518222 -0.074347
vn 0.811367 -0.584308 0.016352
vn 0.700592 0.299630 0.647605
vn 0.738351 0.102602 0.666567
vn 0.738351 0.102602 0.666567
vn 0.773866 -0.593527 0.221038
vn 0.811367 -0.584308 0.016352
vn 0.716800 -0.640611 0.275347
vn 0.773866 -0.593527 0.221038
vn 0.738351 0.102602 0.666567
vn 0.700917 0.118160 0.703387
vn -0.436325 0.893813 0.103533
vn 0.621129 0.259777 0.739402
vn 0.700917 0.118160 0.703387
vn 0.700917 0.118160 0.703387
vn -0.369509 0.913995 0.167561
vn -0.436325 0.893813 0.103533
vn -0.369509 0.913995 0.167561
vn 0.700917 0.118160 0.703387
vn 0.738351 0.102602 0.666567
vn 0.738351 0.102602 0.666567
vn -0.279857 0.877093 0.390370
vn -0.369509 0.913995 0.167561
vn -0.279857 0.877093 0.390370
vn 0.738351 0.102602 0.666567
vn 0.700592 0.299630 0.647605
vn 0.700592 0.299630 0.647605
vn -0.348893 0.826239 0.442270
vn -0.279857 0.877093 0.390370
vn -0.348893 0.826239 0.442270
vn 0.700592 0.299630 0.647605
vn 0.726373 0.327551 0.604228
vn 0.726373 0.327551 0.604228
vn -0.372780 0.772797 0.513634
vn -0.348893 0.826239 0.442270
vn -0.372780 0.772797 0.513634
vn 0.726373 0.327551 0.604228
vn 0.749711 0.329084 0.574141
vn 0.749711 0.329084 0.574141
vn -0.417538 0.702716 0.576066
vn -0.372780 0.772797 0.513634
vn -0.417538 0.702716 0.576066
vn 0.749711 0.329084 0.574141
vn 0.774245 0.314945 0.548958
vn 0.774245 0.314945 0.548958
vn -0.451772 0.635676 0.625954
vn -0.417538 0.702716 0.576066
vn -0.451772 0.635676 0.625954
vn 0.774245 0.314945 0.548958
vn 0.694950 0.410991 0.590027
vn 0.694950 0.410991 0.590027
vn -0.311632 0.573500 0.757617
vn -0.451772 0.635676 0.625954
vn -0.311680 0.492179 0.812783
vn -0.311632 0.573500 0.757617
vn 0.694950 0.410991 0.590027
vn 0.665424 0.469256 0.580525
vn -0.311680 0.492179 0.812783
vn 0.665424 0.469256 0.580525
vn 0.732108 0.445433 0.515371
vn 0.732108 0.445433 0.515371
vn -0.429847 0.403242 0.807854
vn -0.311680 0.492179 0.812783
vn -0.429847 0.403242 0.807854
vn 0.732108 0.445433 0.515371
vn 0.683127 0.483468 0.547354
vn 0.683127 0.483468 0.547354
vn -0.253127 0.424524 0.869313
vn -0.429847 0.403242 0.807854
vn 0.809585 0.195131 -0.553621
vn 0.630102 0.570270 0.527032
vn 0.683127 0.483468 0.547354
vn 0.683127 0.483468 0.547354
vn 0.878409 -0.037648 -0.476424
vn 0.809585 0.195131 -0.553621
vn 0.878409 -0.037648 -0.476424
vn 0.683127 0.483468 0.547354
vn 0.732108 0.445433 0.515371
vn 0.732108 0.445433 0.515371
vn 0.892348 -0.096233 -0.440970
vn 0.878409 -0.037648 -0.476424
vn 0.892348 -0.096233 -0.440970
vn 0.732108 0.445433 0.515371
vn 0.665424 0.469256 0.580525
vn 0.665424 0.469256 0.580525
vn 0.921559 -0.118313 -0.369772
vn 0.892348 -0.096233 -0.440970
vn 0.921559 -0.118313 -0.369772
vn 0.665424 0.469256 0.580525
vn 0.694950 0.410991 0.590027
vn 0.694950 0.410991 0.590027
vn 0.925487 -0.252742 -0.282126
vn 0.921559 -0.118313 -0.369772
vn 0.925487 -0.252742 -0.282126
vn 0.694950 0.410991 0.590027
vn 0.774245 0.314945 0.548958
vn 0.774245 0.314945 0.548958
vn 0.899122 -0.380981 -0.215484
vn 0.925487 -0.252742 -0.282126
vn -0.222616 -0.218816 -0.950032
vn -0.350926 -0.179889 -0.918962
vn -0.050051 0.729193 -0.682475
vn 0.335207 0.542357 -0.770379
vn -0.222616 -0.218816 -0.950032
vn 0.335207 0.542357 -0.770379
vn 0.809585 0.195131 -0.553621
vn 0.809585 0.195131 -0.553621
vn -0.138537 -0.463680 -0.875105
vn -0.222616 -0.218816 -0.950032
vn -0.138537 -0.463680 -0.875105
vn 0.809585 0.195131 -0.553621
vn 0.878409 -0.037648 -0.476424
vn 0.878409 -0.037648 -0.476424
vn -0.176041 -0.519808 -0.835948
vn -0.138537 -0.463680 -0.875105
vn -0.176041 -0.519808 -0.835948
vn 0.878409 -0.037648 -0.476424
vn 0.892348 -0.096233 -0.440970
vn 0.892348 -0.096233 -0.440970
vn -0.220307 -0.531041 -0.818206
vn -0.176041 -0.519808 -0.835948
vn -0.220307 -0.531041 -0.818206
vn 0.892348 -0.096233 -0.440970
vn 0.921559 -0.118313 -0.369772
vn 0.921559 -0.118313 -0.369772
vn -0.184768 -0.551917 -0.813172
vn -0.220307 -0.531041 -0.818206
vn 0.151376 -0.954060 -0.258563
vn -0.546499 -0.292900 -0.784569
vn -0.477464 -0.246935 -0.843239
vn -0.477464 -0.246935 -0.843239
vn 0.046298 -0.997694 -0.049634
vn 0.151376 -0.954060 -0.258563
vn -0.278945 -0.952301 -0.123742
vn 0.046298 -0.997694 -0.049634
vn -0.477464 -0.246935 -0.843239
vn -0.350926 -0.179889 -0.918962
vn -0.278945 -0.952301 -0.123742
vn -0.350926 -0.179889 -0.918962
vn -0.222616 -0.218816 -0.950032
vn -0.222616 -0.218816 -0.950032
vn -0.622918 -0.780177 -0.057425
vn -0.278945 -0.952301 -0.123742
vn -0.622918 -0.780177 -0.057425
vn -0.222616 -0.218816 -0.950032
vn -0.138537 -0.463680 -0.875105
vn -0.138537 -0.463680 -0.875105
vn -0.882213 -0.462175 -0.089966
vn -0.622918 -0.780177 -0.057425
vn -0.882213 -0.462175 -0.089966
vn -0.138537 -0.463680 -0.875105
vn -0.176041 -0.519808 -0.835948
vn -0.176041 -0.519808 -0.835948
vn -0.952421 -0.291324 -0.089585
vn -0.882213 -0.462175 -0.089966
vn 0.788944 0.418930 0.449516
vn 0.437832 -0.456987 -0.774252
vn 0.224813 -0.700119 -0.677711
vn 0.224813 -0.700119 -0.677711
vn 0.734432 0.334289 0.590644
vn 0.788944 0.418930 0.449516
vn 0.734432 0.334289 0.590644
vn 0.224813 -0.700119 -0.677711
vn 0.151376 -0.954060 -0.258563
vn 0.151376 -0.954060 -0.258563
vn 0.658819 -0.211869 0.721851
vn 0.734432 0.334289 0.590644
vn 0.520374 -0.287807 0.803976
vn 0.658819 -0.211869 0.721851
vn 0.151376 -0.954060 -0.258563
vn 0.046298 -0.997694 -0.049634
vn 0.345324 0.016652 0.938336
vn 0.520374 -0.287807 0.803976
vn 0.046298 -0.997694 -0.049634
vn -0.278945 -0.952301 -0.123742
vn 0.345324 0.016652 0.938336
vn -0.278945 -0.952301 -0.123742
vn -0.622918 -0.780177 -0.057425
vn -0.622918 -0.780177 -0.057425
vn 0.118167 0.154543 0.980894
vn 0.345324 0.016652 0.938336
vn -0.932584 -0.098768 0.347178
vn 0.125604 0.518061 0.846071
vn 0.164175 0.563366 0.809732
vn 0.164175 0.563366 0.809732
vn -0.956688 0.095810 0.274899
vn -0.932584 -0.098768 0.347178
vn -0.692115 -0.515871 -0.504831
vn -0.932584 -0.098768 0.347178
vn -0.956688 0.095810 0.274899
vn -0.956688 0.095810 0.274899
vn -0.685819 -0.441577 -0.578499
vn -0.692115 -0.515871 -0.504831
vn 0.430226 -0.378998 -0.819308
vn -0.692115 -0.515871 -0.504831
vn -0.685819 -0.441577 -0.578499
vn -0.685819 -0.441577 -0.578499
vn 0.437832 -0.456987 -0.774252
vn 0.430226 -0.378998 -0.819308
vn 0.437832 -0.456987 -0.774252
vn -0.685819 -0.441577 -0.578499
vn -0.696662 -0.372892 -0.612873
vn -0.696662 -0.372892 -0.612873
vn 0.224813 -0.700119 -0.677711
vn 0.437832 -0.456987 -0.774252
vn 0.151376 -0.954060 -0.258563
vn 0.224813 -0.700119 -0.677711
vn -0.696662 -0.372892 -0.612873
vn -0.546499 -0.292900 -0.784569
vn -0.956688 0.095810 0.274899
vn 0.164175 0.563366 0.809732
vn 0.092717 0.661327 0.744345
vn 0.092717 0.661327 0.744345
vn -0.950405 0.308188 0.041827
vn -0.956688 0.095810 0.274899
vn -0.696662 -0.372892 -0.612873
vn -0.685819 -0.441577 -0.578499
vn -0.956688 0.095810 0.274899
vn -0.950405 0.308188 0.041827
vn -0.696662 -0.372892 -0.612873
vn -0.950405 0.308188 0.041827
vn -0.624662 0.752178 -0.209822
vn -0.624662 0.752178 -0.209822
vn -0.546499 -0.292900 -0.784569
vn -0.696662 -0.372892 -0.612873
vn -0.546499 -0.292900 -0.784569
vn -0.624662 0.752178 -0.209822
vn -0.295008 0.855115 -0.426320
vn -0.295008 0.855115 -0.426320
vn -0.477464 -0.246935 -0.843239
vn -0.546499 -0.292900 -0.784569
vn -0.350926 -0.179889 -0.918962
vn -0.477464 -0.246935 -0.843239
vn -0.295008 0.855115 -0.426320
vn -0.050051 0.729193 -0.682475
vn -0.950405 0.308188 0.041827
vn 0.092717 0.661327 0.744345
vn 0.061390 0.838383 0.541613
vn 0.061390 0.838383 0.541613
vn -0.624662 0.752178 -0.209822
vn -0.950405 0.308188 0.041827
vn -0.624662 0.752178 -0.209822
vn 0.061390 0.838383 0.541613
vn 0.203863 0.875240 0.438628
vn 0.203863 0.875240 0.438628
vn -0.295008 0.855115 -0.426320
vn -0.624662 0.752178 -0.209822
vn -0.050051 0.729193 -0.682475
vn -0.295008 0.855115 -0.426320
vn 0.203863 0.875240 0.438628
vn 0.342473 0.831374 0.437641
vn -0.050051 0.729193 -0.682475
vn 0.342473 0.831374 0.437641
vn 0.536808 0.737704 0.409427
vn 0.536808 0.737704 0.409427
vn 0.335207 0.542357 -0.770379
vn -0.050051 0.729193 -0.682475
vn 0.335207 0.542357 -0.770379
vn 0.536808 0.737704 0.409427
vn 0.630102 0.570270 0.527032
vn 0.630102 0.570270 0.527032
vn 0.809585 0.195131 -0.553621
vn 0.335207 0.542357 -0.770379
vn -0.058240 0.397945 0.915559
vn -0.253127 0.424524 0.869313
vn 0.683127 0.483468 0.547354
vn 0.630102 0.570270 0.527032
vn -0.058240 0.397945 0.915559
vn 0.630102 0.570270 0.527032
vn 0.536808 0.737704 0.409427
vn 0.536808 0.737704 0.409427
vn 0.118167 0.154543 0.980894
vn -0.058240 0.397945 0.915559
vn 0.345324 0.016652 0.938336
vn 0.118167 0.154543 0.980894
vn 0.536808 0.737704 0.409427
vn 0.342473 0.831374 0.437641
vn 0.520374 -0.287807 0.803976
vn 0.345324 0.016652 0.938336
vn 0.342473 0.831374 0.437641
vn 0.203863 0.875240 0.438628
vn 0.520374 -0.287807 0.803976
vn 0.203863 0.875240 0.438628
vn 0.061390 0.838383 0.541613
vn 0.061390 0.838383 0.541613
vn 0.658819 -0.211869 0.721851
vn 0.520374 -0.287807 0.803976
vn 0.734432 0.334289 0.590644
vn 0.658819 -0.211869 0.721851
vn 0.061390 0.838383 0.541613
vn 0.092717 0.661327 0.744345
vn 0.788944 0.418930 0.449516
vn 0.734432 0.334289 0.590644
vn 0.092717 0.661327 0.744345
vn 0.164175 0.563366 0.809732
vn 0.869959 0.399714 0.288790
vn 0.788944 0.418930 0.449516
vn 0.164175 0.563366 0.809732
vn 0.125604 0.518061 0.846071
vn 0.869959 0.399714 0.288790
vn 0.125604 0.518061 0.846071
vn 0.125740 0.183607 0.974925
vn 0.125740 0.183607 0.974925
vn 0.954583 -0.091076 0.283685
vn 0.869959 0.399714 0.288790
vn -0.827638 -0.405447 0.388109
vn 0.125740 0.183607 0.974925
vn 0.125604 0.518061 0.846071
vn 0.125604 0.518061 0.846071
vn -0.932584 -0.098768 0.347178
vn -0.827638 -0.405447 0.388109
vn -0.692115 -0.515871 -0.504831
vn -0.644175 -0.680790 -0.348659
vn -0.827638 -0.405447 0.388109
vn -0.932584 -0.098768 0.347178
vn 0.541204 -0.656832 -0.525043
vn -0.644175 -0.680790 -0.348659
vn -0.692115 -0.515871 -0.504831
vn -0.692115 -0.515871 -0.504831
vn 0.430226 -0.378998 -0.819308
vn 0.541204 -0.656832 -0.525043
vn 0.954583 -0.091076 0.283685
vn 0.541204 -0.656832 -0.525043
vn 0.430226 -0.378998 -0.819308
vn 0.430226 -0.378998 -0.819308
vn 0.869959 0.399714 0.288790
vn 0.954583 -0.091076 0.283685
vn 0.869959 0.399714 0.288790
vn 0.430226 -0.378998 -0.819308
vn 0.437832 -0.456987 -0.774252
vn 0.437832 -0.456987 -0.774252
vn 0.788944 0.418930 0.449516
vn 0.869959 0.399714 0.288790
vn -0.190893 -0.978846 0.073622
vn -0.022390 -0.999661 -0.013307
vn 0.027095 -0.999552 -0.012734
vn 0.976889 0.133901 0.166610
vn 0.711156 -0.694020 0.112221
vn 0.731709 -0.681382 -0.017880
vn 0.731709 -0.681382 -0.017880
vn 0.987030 0.159521 -0.018006
vn 0.976889 0.133901 0.166610
vn 0.987030 0.159521 -0.018006
vn 0.731709 -0.681382 -0.017880
vn 0.718865 -0.679111 -0.148462
vn 0.718865 -0.679111 -0.148462
vn 0.968504 0.158486 -0.192046
vn 0.987030 0.159521 -0.018006
vn 0.968504 0.158486 -0.192046
vn 0.718865 -0.679111 -0.148462
vn 0.677226 -0.690150 -0.255064
vn 0.677226 -0.690150 -0.255064
vn 0.928616 0.153559 -0.337776
vn 0.968504 0.158486 -0.192046
vn 0.928616 0.153559 -0.337776
vn 0.677226 -0.690150 -0.255064
vn 0.641449 -0.662380 -0.387034
vn -0.246593 -0.959626 0.135312
vn -0.112739 -0.986326 0.120211
vn 0.494131 -0.645534 -0.582340
vn 0.494131 -0.645534 -0.582340
vn 0.564004 -0.665180 -0.489321
vn -0.246593 -0.959626 0.135312
vn 0.770624 0.180002 -0.611341
vn 0.564004 -0.665180 -0.489321
vn 0.494131 -0.645534 -0.582340
vn 0.641449 -0.662380 -0.387034
vn 0.564004 -0.665180 -0.489321
vn 0.770624 0.180002 -0.611341
vn 0.770624 0.180002 -0.611341
vn 0.852735 0.211291 -0.477701
vn 0.641449 -0.662380 -0.387034
vn 0.641449 -0.662380 -0.387034
vn 0.852735 0.211291 -0.477701
vn 0.928616 0.153559 -0.337776
vn 0.935435 0.054390 -0.349289
vn 0.928616 0.153559 -0.337776
vn 0.852735 0.211291 -0.477701
vn 0.968504 0.158486 -0.192046
vn 0.928616 0.153559 -0.337776
vn 0.935435 0.054390 -0.349289
vn 0.935435 0.054390 -0.349289
vn 0.978919 0.058817 -0.195596
vn 0.968504 0.158486 -0.192046
vn 0.987030 0.159521 -0.018006
vn 0.968504 0.158486 -0.192046
vn 0.978919 0.058817 -0.195596
vn 0.872798 0.040393 -0.486408
vn 0.783689 0.030208 -0.620419
vn 0.777463 -0.111041 -0.619049
vn 0.783689 0.030208 -0.620419
vn 0.872798 0.040393 -0.486408
vn 0.852735 0.211291 -0.477701
vn 0.852735 0.211291 -0.477701
vn 0.872798 0.040393 -0.486408
vn 0.935435 0.054390 -0.349289
vn 0.998614 0.044719 -0.027744
vn 0.996431 -0.074878 -0.038958
vn 0.988354 -0.077619 0.130887
vn 0.996431 -0.074878 -0.038958
vn 0.998614 0.044719 -0.027744
vn 0.978919 0.058817 -0.195596
vn 0.978919 0.058817 -0.195596
vn 0.978065 -0.076367 -0.193796
vn 0.996431 -0.074878 -0.038958
vn 0.978065 -0.076367 -0.193796
vn 0.978919 0.058817 -0.195596
vn 0.935435 0.054390 -0.349289
vn 0.935435 0.054390 -0.349289
vn 0.935499 -0.074966 -0.345285
vn 0.978065 -0.076367 -0.193796
vn 0.935499 -0.074966 -0.345285
vn 0.935435 0.054390 -0.349289
vn 0.872798 0.040393 -0.486408
vn 0.872798 0.040393 -0.486408
vn 0.875106 -0.086906 -0.476063
vn 0.935499 -0.074966 -0.345285
vn 0.777463 -0.111041 -0.619049
vn 0.875106 -0.086906 -0.476063
vn 0.872798 0.040393 -0.486408
vn 0.875106 -0.086906 -0.476063
vn 0.777463 -0.111041 -0.619049
vn 0.810559 -0.160493 -0.563238
vn 0.634151 -0.153505 -0.757818
vn 0.810559 -0.160493 -0.563238
vn 0.777463 -0.111041 -0.619049
vn 0.810559 -0.160493 -0.563238
vn 0.889078 -0.159470 -0.429079
vn 0.875106 -0.086906 -0.476063
vn 0.935499 -0.074966 -0.345285
vn 0.875106 -0.086906 -0.476063
vn 0.889078 -0.159470 -0.429079
vn 0.889078 -0.159470 -0.429079
vn 0.918077 -0.159040 -0.363098
vn 0.935499 -0.074966 -0.345285
vn 0.978065 -0.076367 -0.193796
vn 0.935499 -0.074966 -0.345285
vn 0.918077 -0.159040 -0.363098
vn 0.918077 -0.159040 -0.363098
vn 0.969546 -0.156171 -0.188654
vn 0.978065 -0.076367 -0.193796
vn 0.996431 -0.074878 -0.038958
vn 0.978065 -0.076367 -0.193796
vn 0.969546 -0.156171 -0.188654
vn 0.969546 -0.156171 -0.188654
vn 0.988526 -0.149232 -0.023380
vn 0.996431 -0.074878 -0.038958
vn 0.988354 -0.077619 0.130887
vn 0.996431 -0.074878 -0.038958
vn 0.988526 -0.149232 -0.023380
vn 0.988526 -0.149232 -0.023380
vn 0.979005 -0.140792 0.147398
vn 0.988354 -0.077619 0.130887
vn 0.951488 -0.081762 0.296624
vn 0.988354 -0.077619 0.130887
vn 0.979005 -0.140792 0.147398
vn 0.810559 -0.160493 -0.563238
vn 0.777396 -0.187931 -0.600281
vn 0.860234 -0.209156 -0.465029
vn 0.860234 -0.209156 -0.465029
vn 0.889078 -0.159470 -0.429079
vn 0.810559 -0.160493 -0.563238
vn 0.889078 -0.159470 -0.429079
vn 0.860234 -0.209156 -0.465029
vn 0.920542 -0.221913 -0.321494
vn 0.920542 -0.221913 -0.321494
vn 0.918077 -0.159040 -0.363098
vn 0.889078 -0.159470 -0.429079
vn 0.918077 -0.159040 -0.363098
vn 0.920542 -0.221913 -0.321494
vn 0.963081 -0.215577 -0.161248
vn 0.963081 -0.215577 -0.161248
vn 0.969546 -0.156171 -0.188654
vn 0.918077 -0.159040 -0.363098
vn 0.969546 -0.156171 -0.188654
vn 0.963081 -0.215577 -0.161248
vn 0.977876 -0.208648 0.014959
vn 0.977876 -0.208648 0.014959
vn 0.988526 -0.149232 -0.023380
vn 0.969546 -0.156171 -0.188654
vn 0.988526 -0.149232 -0.023380
vn 0.977876 -0.208648 0.014959
vn 0.962750 -0.198174 0.183957
vn 0.962750 -0.198174 0.183957
vn 0.979005 -0.140792 0.147398
vn 0.988526 -0.149232 -0.023380
vn 0.872434 -0.366632 0.323172
vn 0.920378 -0.184800 0.344605
vn 0.962750 -0.198174 0.183957
vn 0.962750 -0.198174 0.183957
vn 0.914755 -0.362389 0.178599
vn 0.872434 -0.366632 0.323172
vn 0.914755 -0.362389 0.178599
vn 0.962750 -0.198174 0.183957
vn 0.977876 -0.208648 0.014959
vn 0.977876 -0.208648 0.014959
vn 0.924600 -0.380592 0.016273
vn 0.914755 -0.362389 0.178599
vn 0.924600 -0.380592 0.016273
vn 0.977876 -0.208648 0.014959
vn 0.963081 -0.215577 -0.161248
vn 0.963081 -0.215577 -0.161248
vn 0.907717 -0.392693 -0.147790
vn 0.924600 -0.380592 0.016273
vn 0.907717 -0.392693 -0.147790
vn 0.963081 -0.215577 -0.161248
vn 0.920542 -0.221913 -0.321494
vn 0.920542 -0.221913 -0.321494
vn 0.867120 -0.393311 -0.305629
vn 0.907717 -0.392693 -0.147790
vn 0.867120 -0.393311 -0.305629
vn 0.920542 -0.221913 -0.321494
vn 0.860234 -0.209156 -0.465029
vn 0.860234 -0.209156 -0.465029
vn 0.813824 -0.328910 -0.479070
vn 0.867120 -0.393311 -0.305629
vn 0.755503 -0.317898 -0.572849
vn 0.813824 -0.328910 -0.479070
vn 0.860234 -0.209156 -0.465029
vn 0.777396 -0.187931 -0.600281
vn 0.813824 -0.328910 -0.479070
vn 0.755503 -0.317898 -0.572849
vn 0.742390 -0.327122 -0.584678
vn 0.919990 -0.360593 -0.153596
vn 0.907717 -0.392693 -0.147790
vn 0.867120 -0.393311 -0.305629
vn 0.867120 -0.393311 -0.305629
vn 0.877220 -0.365648 -0.311105
vn 0.919990 -0.360593 -0.153596
vn 0.877220 -0.365648 -0.311105
vn 0.867120 -0.393311 -0.305629
vn 0.813824 -0.328910 -0.479070
vn 0.813824 -0.328910 -0.479070
vn 0.812888 -0.351518 -0.464378
vn 0.877220 -0.365648 -0.311105
vn 0.742390 -0.327122 -0.584678
vn 0.812888 -0.351518 -0.464378
vn 0.813824 -0.328910 -0.479070
vn 0.812888 -0.351518 -0.464378
vn 0.742390 -0.327122 -0.584678
vn 0.792494 0.095329 -0.602384
vn 0.777396 -0.187931 -0.600281
vn 0.810559 -0.160493 -0.563238
vn 0.634151 -0.153505 -0.757818
vn 0.634151 -0.153505 -0.757818
vn 0.637614 -0.178656 -0.749353
vn 0.777396 -0.187931 -0.600281
vn 0.755503 -0.317898 -0.572849
vn 0.777396 -0.187931 -0.600281
vn 0.637614 -0.178656 -0.749353
vn 0.637614 -0.178656 -0.749353
vn 0.599770 -0.344017 -0.722446
vn 0.755503 -0.317898 -0.572849
vn 0.742390 -0.327122 -0.584678
vn 0.755503 -0.317898 -0.572849
vn 0.599770 -0.344017 -0.722446
vn 0.599770 -0.344017 -0.722446
vn 0.607676 -0.304549 -0.733471
vn 0.742390 -0.327122 -0.584678
vn 0.792494 0.095329 -0.602384
vn 0.742390 -0.327122 -0.584678
vn 0.607676 -0.304549 -0.733471
vn 0.607676 -0.304549 -0.733471
vn 0.648446 0.113228 -0.752793
vn 0.792494 0.095329 -0.602384
vn 0.787817 -0.008523 -0.615850
vn 0.792494 0.095329 -0.602384
vn 0.648446 0.113228 -0.752793
vn 0.648446 0.113228 -0.752793
vn 0.625001 -0.020583 -0.780353
vn 0.787817 -0.008523 -0.615850
vn 0.607676 -0.304549 -0.733471
vn 0.599770 -0.344017 -0.722446
vn 0.413307 -0.309638 -0.856330
vn 0.413307 -0.309638 -0.856330
vn 0.430975 -0.278404 -0.858343
vn 0.607676 -0.304549 -0.733471
vn 0.648446 0.113228 -0.752793
vn 0.607676 -0.304549 -0.733471
vn 0.430975 -0.278404 -0.858343
vn 0.430975 -0.278404 -0.858343
vn 0.462859 0.125881 -0.877448
vn 0.648446 0.113228 -0.752793
vn 0.625001 -0.020583 -0.780353
vn 0.648446 0.113228 -0.752793
vn 0.462859 0.125881 -0.877448
vn 0.462859 0.125881 -0.877448
vn 0.425919 -0.000389 -0.904761
vn 0.625001 -0.020583 -0.780353
vn 0.625001 -0.020583 -0.780353
vn 0.425919 -0.000389 -0.904761
vn 0.426945 -0.097484 -0.899008
vn 0.276110 -0.074727 -0.958217
vn 0.275421 -0.173950 -0.945455
vn 0.426945 -0.097484 -0.899008
vn 0.425919 -0.000389 -0.904761
vn 0.141018 -0.220902 -0.965047
vn 0.275421 -0.173950 -0.945455
vn 0.276110 -0.074727 -0.958217
vn 0.430975 -0.278404 -0.858343
vn 0.413307 -0.309638 -0.856330
vn 0.259384 -0.344303 -0.902317
vn 0.259384 -0.344303 -0.902317
vn 0.271503 -0.313143 -0.910070
vn 0.430975 -0.278404 -0.858343
vn 0.462859 0.125881 -0.877448
vn 0.430975 -0.278404 -0.858343
vn 0.271503 -0.313143 -0.910070
vn 0.271503 -0.313143 -0.910070
vn 0.287015 0.172481 -0.942270
vn 0.462859 0.125881 -0.877448
vn 0.425919 -0.000389 -0.904761
vn 0.462859 0.125881 -0.877448
vn 0.287015 0.172481 -0.942270
vn 0.287015 0.172481 -0.942270
vn 0.265391 0.079466 -0.960860
vn 0.425919 -0.000389 -0.904761
vn 0.425919 -0.000389 -0.904761
vn 0.265391 0.079466 -0.960860
vn 0.276110 -0.074727 -0.958217
vn 0.130981 -0.063915 -0.989322
vn 0.276110 -0.074727 -0.958217
vn 0.265391 0.079466 -0.960860
vn 0.276110 -0.074727 -0.958217
vn 0.130981 -0.063915 -0.989322
vn 0.141018 -0.220902 -0.965047
vn 0.040192 -0.200244 -0.978921
vn 0.141018 -0.220902 -0.965047
vn 0.130981 -0.063915 -0.989322
vn -0.097244 -0.327165 -0.939950
vn -0.109433 0.062589 -0.992022
vn 0.025543 0.083586 -0.996173
vn 0.025543 0.083586 -0.996173
vn 0.039621 -0.288795 -0.956571
vn -0.097244 -0.327165 -0.939950
vn -0.108260 -0.230900 -0.966936
vn -0.097244 -0.327165 -0.939950
vn 0.039621 -0.288795 -0.956571
vn 0.039621 -0.288795 -0.956571
vn 0.040192 -0.200244 -0.978921
vn -0.108260 -0.230900 -0.966936
vn -0.108260 -0.230900 -0.966936
vn 0.040192 -0.200244 -0.978921
vn 0.018603 -0.081534 -0.996497
vn 0.130981 -0.063915 -0.989322
vn 0.018603 -0.081534 -0.996497
vn 0.040192 -0.200244 -0.978921
vn 0.018603 -0.081534 -0.996497
vn 0.130981 -0.063915 -0.989322
vn 0.115185 0.091329 -0.989137
vn 0.265391 0.079466 -0.960860
vn 0.115185 0.091329 -0.989137
vn 0.130981 -0.063915 -0.989322
vn 0.100051 0.201146 -0.974438
vn 0.115185 0.091329 -0.989137
vn 0.265391 0.079466 -0.960860
vn 0.265391 0.079466 -0.960860
vn 0.287015 0.172481 -0.942270
vn 0.100051 0.201146 -0.974438
vn -0.017602 -0.206247 -0.978342
vn -0.022288 0.167075 -0.985692
vn 0.100051 0.201146 -0.974438
vn 0.115185 0.091329 -0.989137
vn 0.100051 0.201146 -0.974438
vn -0.022288 0.167075 -0.985692
vn -0.022288 0.167075 -0.985692
vn -0.008322 0.042157 -0.999076
vn 0.115185 0.091329 -0.989137
vn 0.115185 0.091329 -0.989137
vn -0.008322 0.042157 -0.999076
vn 0.018603 -0.081534 -0.996497
vn -0.106804 -0.100407 -0.989197
vn 0.018603 -0.081534 -0.996497
vn -0.008322 0.042157 -0.999076
vn 0.018603 -0.081534 -0.996497
vn -0.106804 -0.100407 -0.989197
vn -0.108260 -0.230900 -0.966936
vn -0.260941 -0.207889 -0.942704
vn -0.108260 -0.230900 -0.966936
vn -0.106804 -0.100407 -0.989197
vn -0.097244 -0.327165 -0.939950
vn -0.108260 -0.230900 -0.966936
vn -0.260941 -0.207889 -0.942704
vn -0.260941 -0.207889 -0.942704
vn -0.270136 -0.262626 -0.926312
vn -0.097244 -0.327165 -0.939950
vn -0.109433 0.062589 -0.992022
vn -0.097244 -0.327165 -0.939950
vn -0.270136 -0.262626 -0.926312
vn -0.270136 -0.262626 -0.926312
vn -0.281610 0.159927 -0.946107
vn -0.109433 0.062589 -0.992022
vn -0.270136 -0.262626 -0.926312
vn -0.260941 -0.207889 -0.942704
vn -0.423927 -0.227327 -0.876703
vn -0.423927 -0.227327 -0.876703
vn -0.260941 -0.207889 -0.942704
vn -0.257835 -0.099058 -0.961098
vn -0.106804 -0.100407 -0.989197
vn -0.257835 -0.099058 -0.961098
vn -0.260941 -0.207889 -0.942704
vn -0.257835 -0.099058 -0.961098
vn -0.106804 -0.100407 -0.989197
vn -0.114306 0.034750 -0.992838
vn -0.008322 0.042157 -0.999076
vn -0.114306 0.034750 -0.992838
vn -0.106804 -0.100407 -0.989197
vn -0.121784 0.143058 -0.982193
vn -0.114306 0.034750 -0.992838
vn -0.008322 0.042157 -0.999076
vn -0.008322 0.042157 -0.999076
vn -0.022288 0.167075 -0.985692
vn -0.121784 0.143058 -0.982193
vn -0.131478 -0.250457 -0.959159
vn -0.121784 0.143058 -0.982193
vn -0.022288 0.167075 -0.985692
vn -0.022288 0.167075 -0.985692
vn -0.017602 -0.206247 -0.978342
vn -0.131478 -0.250457 -0.959159
vn -0.143397 -0.261595 -0.954466
vn -0.131478 -0.250457 -0.959159
vn -0.017602 -0.206247 -0.978342
vn -0.131478 -0.250457 -0.959159
vn -0.143397 -0.261595 -0.954466
vn -0.268874 -0.311328 -0.911472
vn -0.289123 -0.087646 -0.953271
vn -0.268874 -0.311328 -0.911472
vn -0.143397 -0.261595 -0.954466
vn -0.143397 -0.261595 -0.954466
vn -0.155581 -0.083837 -0.984259
vn -0.289123 -0.087646 -0.953271
vn -0.296325 -0.075234 -0.952119
vn -0.289123 -0.087646 -0.953271
vn -0.155581 -0.083837 -0.984259
vn -0.155581 -0.083837 -0.984259
vn -0.150367 -0.073183 -0.985918
vn -0.296325 -0.075234 -0.952119
vn -0.296325 -0.075234 -0.952119
vn -0.150367 -0.073183 -0.985918
vn -0.178505 -0.045598 -0.982882
vn 0.003389 -0.044982 -0.998982
vn -0.178505 -0.045598 -0.982882
vn -0.150367 -0.073183 -0.985918
vn -0.195364 0.130592 -0.971997
vn -0.178505 -0.045598 -0.982882
vn 0.003389 -0.044982 -0.998982
vn 0.003389 -0.044982 -0.998982
vn 0.004727 0.085628 -0.996316
vn -0.195364 0.130592 -0.971997
vn -0.195364 0.130592 -0.971997
vn 0.004727 0.085628 -0.996316
vn 0.023796 0.177615 -0.983812
vn -0.017602 -0.206247 -0.978342
vn -0.008841 -0.239120 -0.970950
vn -0.143397 -0.261595 -0.954466
vn -0.155581 -0.083837 -0.984259
vn -0.143397 -0.261595 -0.954466
vn -0.008841 -0.239120 -0.970950
vn -0.008841 -0.239120 -0.970950
vn -0.002835 -0.093986 -0.995570
vn -0.155581 -0.083837 -0.984259
vn -0.150367 -0.073183 -0.985918
vn -0.155581 -0.083837 -0.984259
vn -0.002835 -0.093986 -0.995570
vn -0.002835 -0.093986 -0.995570
vn -0.015743 -0.077499 -0.996868
vn -0.150367 -0.073183 -0.985918
vn -0.150367 -0.073183 -0.985918
vn -0.015743 -0.077499 -0.996868
vn 0.003389 -0.044982 -0.998982
vn 0.184070 -0.062388 -0.980931
vn 0.003389 -0.044982 -0.998982
vn -0.015743 -0.077499 -0.996868
vn 0.004727 0.085628 -0.996316
vn 0.003389 -0.044982 -0.998982
vn 0.184070 -0.062388 -0.980931
vn 0.184070 -0.062388 -0.980931
vn 0.197725 0.050517 -0.978955
vn 0.004727 0.085628 -0.996316
vn 0.004727 0.085628 -0.996316
vn 0.197725 0.050517 -0.978955
vn 0.204430 0.164126 -0.965024
vn 0.197725 0.050517 -0.978955
vn 0.184070 -0.062388 -0.980931
vn 0.370321 -0.085430 -0.924967
vn 0.370321 -0.085430 -0.924967
vn 0.184070 -0.062388 -0.980931
vn 0.133083 -0.090786 -0.986938
vn -0.015743 -0.077499 -0.996868
vn 0.133083 -0.090786 -0.986938
vn 0.184070 -0.062388 -0.980931
vn 0.134405 -0.100417 -0.985825
vn 0.133083 -0.090786 -0.986938
vn -0.015743 -0.077499 -0.996868
vn -0.015743 -0.077499 -0.996868
vn -0.002835 -0.093986 -0.995570
vn 0.134405 -0.100417 -0.985825
vn 0.132804 -0.315614 -0.939548
vn 0.134405 -0.100417 -0.985825
vn -0.002835 -0.093986 -0.995570
vn -0.002835 -0.093986 -0.995570
vn -0.008841 -0.239120 -0.970950
vn 0.132804 -0.315614 -0.939548
vn 0.119335 -0.279933 -0.952574
vn 0.132804 -0.315614 -0.939548
vn -0.008841 -0.239120 -0.970950
vn -0.008841 -0.239120 -0.970950
vn -0.017602 -0.206247 -0.978342
vn 0.119335 -0.279933 -0.952574
vn 0.100051 0.201146 -0.974438
vn 0.119335 -0.279933 -0.952574
vn -0.017602 -0.206247 -0.978342
vn 0.119335 -0.279933 -0.952574
vn 0.100051 0.201146 -0.974438
vn 0.287015 0.172481 -0.942270
vn 0.287015 0.172481 -0.942270
vn 0.271503 -0.313143 -0.910070
vn 0.119335 -0.279933 -0.952574
vn 0.132804 -0.315614 -0.939548
vn 0.119335 -0.279933 -0.952574
vn 0.271503 -0.313143 -0.910070
vn 0.271503 -0.313143 -0.910070
vn 0.259384 -0.344303 -0.902317
vn 0.132804 -0.315614 -0.939548
vn 0.134405 -0.100417 -0.985825
vn 0.132804 -0.315614 -0.939548
vn 0.259384 -0.344303 -0.902317
vn 0.259384 -0.344303 -0.902317
vn 0.276912 -0.115926 -0.953877
vn 0.134405 -0.100417 -0.985825
vn 0.133083 -0.090786 -0.986938
vn 0.134405 -0.100417 -0.985825
vn 0.276912 -0.115926 -0.953877
vn 0.276912 -0.115926 -0.953877
vn 0.359468 -0.118271 -0.925632
vn 0.133083 -0.090786 -0.986938
vn 0.133083 -0.090786 -0.986938
vn 0.359468 -0.118271 -0.925632
vn 0.370321 -0.085430 -0.924967
vn 0.532043 -0.092964 -0.841598
vn 0.370321 -0.085430 -0.924967
vn 0.359468 -0.118271 -0.925632
vn 0.770624 0.180002 -0.611341
vn 0.651265 0.198491 -0.732431
vn 0.668788 0.025947 -0.743000
vn 0.537613 0.012274 -0.843102
vn 0.668788 0.025947 -0.743000
vn 0.651265 0.198491 -0.732431
vn 0.658718 -0.105341 -0.744979
vn 0.668788 0.025947 -0.743000
vn 0.537613 0.012274 -0.843102
vn 0.537613 0.012274 -0.843102
vn 0.532043 -0.092964 -0.841598
vn 0.658718 -0.105341 -0.744979
vn 0.658718 -0.105341 -0.744979
vn 0.532043 -0.092964 -0.841598
vn 0.497645 -0.140157 -0.855982
vn 0.359468 -0.118271 -0.925632
vn 0.497645 -0.140157 -0.855982
vn 0.532043 -0.092964 -0.841598
vn 0.444315 -0.150235 -0.883184
vn 0.497645 -0.140157 -0.855982
vn 0.359468 -0.118271 -0.925632
vn 0.359468 -0.118271 -0.925632
vn 0.276912 -0.115926 -0.953877
vn 0.444315 -0.150235 -0.883184
vn 0.413307 -0.309638 -0.856330
vn 0.444315 -0.150235 -0.883184
vn 0.276912 -0.115926 -0.953877
vn 0.276912 -0.115926 -0.953877
vn 0.259384 -0.344303 -0.902317
vn 0.413307 -0.309638 -0.856330
vn 0.852735 0.211291 -0.477701
vn 0.770624 0.180002 -0.611341
vn 0.783689 0.030208 -0.620419
vn 0.668788 0.025947 -0.743000
vn 0.783689 0.030208 -0.620419
vn 0.770624 0.180002 -0.611341
vn 0.777463 -0.111041 -0.619049
vn 0.783689 0.030208 -0.620419
vn 0.668788 0.025947 -0.743000
vn 0.668788 0.025947 -0.743000
vn 0.658718 -0.105341 -0.744979
vn 0.777463 -0.111041 -0.619049
vn 0.777463 -0.111041 -0.619049
vn 0.658718 -0.105341 -0.744979
vn 0.634151 -0.153505 -0.757818
vn 0.497645 -0.140157 -0.855982
vn 0.634151 -0.153505 -0.757818
vn 0.658718 -0.105341 -0.744979
vn 0.637614 -0.178656 -0.749353
vn 0.634151 -0.153505 -0.757818
vn 0.497645 -0.140157 -0.855982
vn 0.497645 -0.140157 -0.855982
vn 0.444315 -0.150235 -0.883184
vn 0.637614 -0.178656 -0.749353
vn 0.599770 -0.344017 -0.722446
vn 0.637614 -0.178656 -0.749353
vn 0.444315 -0.150235 -0.883184
vn 0.444315 -0.150235 -0.883184
vn 0.413307 -0.309638 -0.856330
vn 0.599770 -0.344017 -0.722446
vn -0.022390 -0.999661 -0.013307
vn 0.001826 -0.999933 -0.011422
vn 0.027095 -0.999552 -0.012734
vn -0.940243 0.134599 0.312771
vn -0.655561 -0.722136 0.220817
vn -0.603017 -0.733009 0.314751
vn -0.603017 -0.733009 0.314751
vn -0.874558 0.110299 0.472211
vn -0.940243 0.134599 0.312771
vn -0.874558 0.110299 0.472211
vn -0.603017 -0.733009 0.314751
vn -0.541232 -0.695731 0.472257
vn -0.541232 -0.695731 0.472257
vn -0.744380 0.196840 0.638085
vn -0.874558 0.110299 0.472211
vn -0.744380 0.196840 0.638085
vn -0.541232 -0.695731 0.472257
vn -0.357967 -0.814185 0.457124
vn -0.357967 -0.814185 0.457124
vn -0.607425 0.203306 0.767920
vn -0.744380 0.196840 0.638085
vn -0.607425 0.203306 0.767920
vn -0.357967 -0.814185 0.457124
vn -0.285030 -0.820428 0.495637
vn -0.285030 -0.820428 0.495637
vn -0.471648 0.213232 0.855617
vn -0.607425 0.203306 0.767920
vn -0.471648 0.213232 0.855617
vn -0.285030 -0.820428 0.495637
vn -0.265687 -0.696488 0.666569
vn -0.265687 -0.696488 0.666569
vn -0.338588 0.184418 0.922685
vn -0.471648 0.213232 0.855617
vn -0.036752 0.001430 0.999323
vn -0.176614 0.050235 0.982997
vn -0.165959 0.204109 0.964778
vn -0.338588 0.184418 0.922685
vn -0.165959 0.204109 0.964778
vn -0.176614 0.050235 0.982997
vn -0.176614 0.050235 0.982997
vn -0.340725 0.057942 0.938376
vn -0.338588 0.184418 0.922685
vn -0.471648 0.213232 0.855617
vn -0.338588 0.184418 0.922685
vn -0.340725 0.057942 0.938376
vn -0.340725 0.057942 0.938376
vn -0.501759 0.013034 0.864909
vn -0.471648 0.213232 0.855617
vn -0.607425 0.203306 0.767920
vn -0.471648 0.213232 0.855617
vn -0.501759 0.013034 0.864909
vn -0.501759 0.013034 0.864909
vn -0.589218 0.001136 0.807973
vn -0.607425 0.203306 0.767920
vn -0.744380 0.196840 0.638085
vn -0.607425 0.203306 0.767920
vn -0.589218 0.001136 0.807973
vn -0.589218 0.001136 0.807973
vn -0.754119 0.002769 0.656732
vn -0.744380 0.196840 0.638085
vn -0.874558 0.110299 0.472211
vn -0.744380 0.196840 0.638085
vn -0.754119 0.002769 0.656732
vn -0.483324 -0.131687 0.865481
vn -0.604799 -0.137406 0.784434
vn -0.589218 0.001136 0.807973
vn -0.501759 0.013034 0.864909
vn -0.483324 -0.131687 0.865481
vn -0.501759 0.013034 0.864909
vn -0.340725 0.057942 0.938376
vn -0.340725 0.057942 0.938376
vn -0.346758 -0.124771 0.929619
vn -0.483324 -0.131687 0.865481
vn -0.346758 -0.124771 0.929619
vn -0.340725 0.057942 0.938376
vn -0.176614 0.050235 0.982997
vn -0.346758 -0.124771 0.929619
vn -0.196681 -0.122466 0.972789
vn -0.191359 -0.132837 0.972490
vn -0.191359 -0.132837 0.972490
vn -0.307641 -0.150211 0.939571
vn -0.346758 -0.124771 0.929619
vn -0.483324 -0.131687 0.865481
vn -0.346758 -0.124771 0.929619
vn -0.307641 -0.150211 0.939571
vn -0.307641 -0.150211 0.939571
vn -0.458752 -0.160598 0.873930
vn -0.483324 -0.131687 0.865481
vn -0.604799 -0.137406 0.784434
vn -0.483324 -0.131687 0.865481
vn -0.458752 -0.160598 0.873930
vn -0.458752 -0.160598 0.873930
vn -0.627431 -0.156829 0.762715
vn -0.604799 -0.137406 0.784434
vn -0.750271 -0.140714 0.645982
vn -0.604799 -0.137406 0.784434
vn -0.627431 -0.156829 0.762715
vn -0.627431 -0.156829 0.762715
vn -0.754500 -0.147195 0.639580
vn -0.750271 -0.140714 0.645982
vn -0.864941 -0.139093 0.482214
vn -0.750271 -0.140714 0.645982
vn -0.754500 -0.147195 0.639580
vn -0.754500 -0.147195 0.639580
vn -0.858390 -0.141937 0.492971
vn -0.864941 -0.139093 0.482214
vn -0.307641 -0.150211 0.939571
vn -0.258932 -0.135585 0.956332
vn -0.444005 -0.152200 0.883003
vn -0.444005 -0.152200 0.883003
vn -0.458752 -0.160598 0.873930
vn -0.307641 -0.150211 0.939571
vn -0.458752 -0.160598 0.873930
vn -0.444005 -0.152200 0.883003
vn -0.636999 -0.158483 0.754397
vn -0.636999 -0.158483 0.754397
vn -0.627431 -0.156829 0.762715
vn -0.458752 -0.160598 0.873930
vn -0.627431 -0.156829 0.762715
vn -0.636999 -0.158483 0.754397
vn -0.775079 -0.152774 0.613118
vn -0.775079 -0.152774 0.613118
vn -0.754500 -0.147195 0.639580
vn -0.627431 -0.156829 0.762715
vn -0.754500 -0.147195 0.639580
vn -0.775079 -0.152774 0.613118
vn -0.867416 -0.146232 0.475611
vn -0.867416 -0.146232 0.475611
vn -0.858390 -0.141937 0.492971
vn -0.754500 -0.147195 0.639580
vn -0.858390 -0.141937 0.492971
vn -0.867416 -0.146232 0.475611
vn -0.930312 -0.139843 0.339063
vn -0.930312 -0.139843 0.339063
vn -0.933583 -0.140570 0.329641
vn -0.858390 -0.141937 0.492971
vn -0.909561 -0.374054 0.181058
vn -0.972120 -0.138573 0.189157
vn -0.930312 -0.139843 0.339063
vn -0.930312 -0.139843 0.339063
vn -0.871095 -0.372763 0.319752
vn -0.909561 -0.374054 0.181058
vn -0.871095 -0.372763 0.319752
vn -0.930312 -0.139843 0.339063
vn -0.867416 -0.146232 0.475611
vn -0.867416 -0.146232 0.475611
vn -0.815928 -0.358179 0.453839
vn -0.871095 -0.372763 0.319752
vn -0.815928 -0.358179 0.453839
vn -0.867416 -0.146232 0.475611
vn -0.775079 -0.152774 0.613118
vn -0.775079 -0.152774 0.613118
vn -0.743333 -0.309325 0.593105
vn -0.815928 -0.358179 0.453839
vn -0.743333 -0.309325 0.593105
vn -0.775079 -0.152774 0.613118
vn -0.636999 -0.158483 0.754397
vn -0.636999 -0.158483 0.754397
vn -0.619483 -0.307527 0.722265
vn -0.743333 -0.309325 0.593105
vn -0.619483 -0.307527 0.722265
vn -0.636999 -0.158483 0.754397
vn -0.444005 -0.152200 0.883003
vn -0.444005 -0.152200 0.883003
vn -0.432309 -0.305293 0.848472
vn -0.619483 -0.307527 0.722265
vn -0.918381 -0.321924 -0.230089
vn -0.906375 -0.356303 -0.227006
vn -0.922837 -0.384390 -0.024834
vn -0.922837 -0.384390 -0.024834
vn -0.949260 -0.313591 -0.023815
vn -0.918381 -0.321924 -0.230089
vn -0.949260 -0.313591 -0.023815
vn -0.922837 -0.384390 -0.024834
vn -0.909561 -0.374054 0.181058
vn -0.909561 -0.374054 0.181058
vn -0.923920 -0.338285 0.178702
vn -0.949260 -0.313591 -0.023815
vn -0.923920 -0.338285 0.178702
vn -0.909561 -0.374054 0.181058
vn -0.871095 -0.372763 0.319752
vn -0.871095 -0.372763 0.319752
vn -0.891287 -0.293009 0.346054
vn -0.923920 -0.338285 0.178702
vn -0.891287 -0.293009 0.346054
vn -0.871095 -0.372763 0.319752
vn -0.815928 -0.358179 0.453839
vn -0.815928 -0.358179 0.453839
vn -0.841042 -0.286374 0.458954
vn -0.891287 -0.293009 0.346054
vn -0.841042 -0.286374 0.458954
vn -0.815928 -0.358179 0.453839
vn -0.743333 -0.309325 0.593105
vn -0.743333 -0.309325 0.593105
vn -0.741381 -0.298817 0.600885
vn -0.841042 -0.286374 0.458954
vn -0.891287 -0.293009 0.346054
vn -0.937525 0.027832 0.346804
vn -0.981805 0.074833 0.174523
vn -0.981805 0.074833 0.174523
vn -0.923920 -0.338285 0.178702
vn -0.891287 -0.293009 0.346054
vn -0.923920 -0.338285 0.178702
vn -0.981805 0.074833 0.174523
vn -0.989344 0.135306 -0.053773
vn -0.989344 0.135306 -0.053773
vn -0.949260 -0.313591 -0.023815
vn -0.923920 -0.338285 0.178702
vn -0.949260 -0.313591 -0.023815
vn -0.989344 0.135306 -0.053773
vn -0.965345 0.141810 -0.219088
vn -0.965345 0.141810 -0.219088
vn -0.918381 -0.321924 -0.230089
vn -0.949260 -0.313591 -0.023815
vn -0.918381 -0.321924 -0.230089
vn -0.965345 0.141810 -0.219088
vn -0.921130 0.142872 -0.362088
vn -0.921130 0.142872 -0.362088
vn -0.861040 -0.359574 -0.359606
vn -0.918381 -0.321924 -0.230089
vn -0.861040 -0.359574 -0.359606
vn -0.921130 0.142872 -0.362088
vn -0.855832 0.136551 -0.498905
vn -0.983977 0.004100 0.178250
vn -0.981805 0.074833 0.174523
vn -0.937525 0.027832 0.346804
vn -0.981805 0.074833 0.174523
vn -0.983977 0.004100 0.178250
vn -0.997185 0.054470 -0.051529
vn -0.997185 0.054470 -0.051529
vn -0.989344 0.135306 -0.053773
vn -0.981805 0.074833 0.174523
vn -0.965345 0.141810 -0.219088
vn -0.989344 0.135306 -0.053773
vn -0.997185 0.054470 -0.051529
vn -0.974526 0.032666 -0.221884
vn -0.965345 0.141810 -0.219088
vn -0.974526 0.032666 -0.221884
vn -0.927509 0.056553 -0.369498
vn -0.927509 0.056553 -0.369498
vn -0.921130 0.142872 -0.362088
vn -0.965345 0.141810 -0.219088
vn -0.855832 0.136551 -0.498905
vn -0.921130 0.142872 -0.362088
vn -0.927509 0.056553 -0.369498
vn -0.845640 0.089284 -0.526234
vn -0.855832 0.136551 -0.498905
vn -0.845640 0.089284 -0.526234
vn -0.690840 0.033911 -0.722212
vn -0.690840 0.033911 -0.722212
vn -0.845640 0.089284 -0.526234
vn -0.833822 -0.037801 -0.550737
vn -0.918293 -0.074344 -0.388858
vn -0.833822 -0.037801 -0.550737
vn -0.845640 0.089284 -0.526234
vn -0.833822 -0.037801 -0.550737
vn -0.918293 -0.074344 -0.388858
vn -0.904251 -0.172366 -0.390667
vn -0.960225 -0.175336 -0.217313
vn -0.904251 -0.172366 -0.390667
vn -0.918293 -0.074344 -0.388858
vn -0.891618 -0.238425 -0.384931
vn -0.904251 -0.172366 -0.390667
vn -0.960225 -0.175336 -0.217313
vn -0.960225 -0.175336 -0.217313
vn -0.947064 -0.241801 -0.211192
vn -0.891618 -0.238425 -0.384931
vn -0.908196 0.199478 -0.367951
vn -0.891618 -0.238425 -0.384931
vn -0.947064 -0.241801 -0.211192
vn -0.947064 -0.241801 -0.211192
vn -0.960584 0.148281 -0.235140
vn -0.908196 0.199478 -0.367951
vn -0.921793 0.091252 -0.376791
vn -0.908196 0.199478 -0.367951
vn -0.960584 0.148281 -0.235140
vn -0.845640 0.089284 -0.526234
vn -0.927509 0.056553 -0.369498
vn -0.918293 -0.074344 -0.388858
vn -0.969773 -0.092974 -0.225600
vn -0.918293 -0.074344 -0.388858
vn -0.927509 0.056553 -0.369498
vn -0.918293 -0.074344 -0.388858
vn -0.969773 -0.092974 -0.225600
vn -0.960225 -0.175336 -0.217313
vn -0.982722 -0.184835 -0.009664
vn -0.960225 -0.175336 -0.217313
vn -0.969773 -0.092974 -0.225600
vn -0.969773 -0.092974 -0.225600
vn -0.995906 -0.085479 -0.029401
vn -0.982722 -0.184835 -0.009664
vn -0.964612 -0.185162 0.187719
vn -0.982722 -0.184835 -0.009664
vn -0.995906 -0.085479 -0.029401
vn -0.995906 -0.085479 -0.029401
vn -0.980352 -0.087466 0.176806
vn -0.964612 -0.185162 0.187719
vn -0.922444 -0.175937 0.343721
vn -0.964612 -0.185162 0.187719
vn -0.980352 -0.087466 0.176806
vn -0.980352 -0.087466 0.176806
vn -0.938010 -0.075625 0.338258
vn -0.922444 -0.175937 0.343721
vn -0.855197 -0.177749 0.486872
vn -0.922444 -0.175937 0.343721
vn -0.938010 -0.075625 0.338258
vn -0.479576 -0.198020 0.854866
vn -0.471883 -0.316216 0.823003
vn -0.660621 -0.265487 0.702208
vn -0.660621 -0.265487 0.702208
vn -0.660707 -0.188710 0.726536
vn -0.479576 -0.198020 0.854866
vn -0.660707 -0.188710 0.726536
vn -0.660621 -0.265487 0.702208
vn -0.762703 -0.244168 0.598887
vn -0.762703 -0.244168 0.598887
vn -0.766646 -0.200604 0.609928
vn -0.660707 -0.188710 0.726536
vn -0.766646 -0.200604 0.609928
vn -0.762703 -0.244168 0.598887
vn -0.837249 -0.249146 0.486765
vn -0.837249 -0.249146 0.486765
vn -0.855197 -0.177749 0.486872
vn -0.766646 -0.200604 0.609928
vn -0.855197 -0.177749 0.486872
vn -0.837249 -0.249146 0.486765
vn -0.901967 -0.267913 0.338642
vn -0.901967 -0.267913 0.338642
vn -0.922444 -0.175937 0.343721
vn -0.855197 -0.177749 0.486872
vn -0.922444 -0.175937 0.343721
vn -0.901967 -0.267913 0.338642
vn -0.945970 -0.265880 0.185604
vn -0.945970 -0.265880 0.185604
vn -0.964612 -0.185162 0.187719
vn -0.922444 -0.175937 0.343721
vn -0.762703 -0.244168 0.598887
vn -0.660621 -0.265487 0.702208
vn -0.676898 0.087199 0.730894
vn -0.787046 0.043200 0.615380
vn -0.837249 -0.249146 0.486765
vn -0.762703 -0.244168 0.598887
vn -0.787046 0.043200 0.615380
vn -0.871386 0.048728 0.488173
vn -0.837249 -0.249146 0.486765
vn -0.871386 0.048728 0.488173
vn -0.941278 0.107556 0.320043
vn -0.941278 0.107556 0.320043
vn -0.901967 -0.267913 0.338642
vn -0.837249 -0.249146 0.486765
vn -0.901967 -0.267913 0.338642
vn -0.941278 0.107556 0.320043
vn -0.982135 0.105874 0.155570
vn -0.982135 0.105874 0.155570
vn -0.945970 -0.265880 0.185604
vn -0.901967 -0.267913 0.338642
vn -0.945970 -0.265880 0.185604
vn -0.982135 0.105874 0.155570
vn -0.992576 0.111232 -0.049193
vn -0.992576 0.111232 -0.049193
vn -0.968018 -0.250566 -0.012534
vn -0.945970 -0.265880 0.185604
vn -0.964612 -0.185162 0.187719
vn -0.945970 -0.265880 0.185604
vn -0.968018 -0.250566 -0.012534
vn -0.968018 -0.250566 -0.012534
vn -0.982722 -0.184835 -0.009664
vn -0.964612 -0.185162 0.187719
vn -0.878655 0.046162 0.475221
vn -0.871386 0.048728 0.488173
vn -0.787046 0.043200 0.615380
vn -0.871386 0.048728 0.488173
vn -0.878655 0.046162 0.475221
vn -0.947356 0.004571 0.320148
vn -0.947356 0.004571 0.320148
vn -0.941278 0.107556 0.320043
vn -0.871386 0.048728 0.488173
vn -0.941278 0.107556 0.320043
vn -0.947356 0.004571 0.320148
vn -0.988211 0.025784 0.150912
vn -0.988211 0.025784 0.150912
vn -0.982135 0.105874 0.155570
vn -0.941278 0.107556 0.320043
vn -0.982135 0.105874 0.155570
vn -0.988211 0.025784 0.150912
vn -0.995659 0.067222 -0.064373
vn -0.995659 0.067222 -0.064373
vn -0.992576 0.111232 -0.049193
vn -0.982135 0.105874 0.155570
vn -0.992576 0.111232 -0.049193
vn -0.995659 0.067222 -0.064373
vn -0.964100 0.091935 -0.249118
vn -0.964100 0.091935 -0.249118
vn -0.960584 0.148281 -0.235140
vn -0.992576 0.111232 -0.049193
vn -0.968018 -0.250566 -0.012534
vn -0.992576 0.111232 -0.049193
vn -0.960584 0.148281 -0.235140
vn -0.960584 0.148281 -0.235140
vn -0.947064 -0.241801 -0.211192
vn -0.968018 -0.250566 -0.012534
vn -0.982722 -0.184835 -0.009664
vn -0.968018 -0.250566 -0.012534
vn -0.947064 -0.241801 -0.211192
vn -0.947064 -0.241801 -0.211192
vn -0.960225 -0.175336 -0.217313
vn -0.982722 -0.184835 -0.009664
vn 0.001826 -0.999933 -0.011422
vn 0.017142 -0.999847 0.003629
vn 0.027095 -0.999552 -0.012734
vn -0.190893 -0.978846 0.073622
vn 0.027095 -0.999552 -0.012734
vn -0.246593 -0.959626 0.135312
vn -0.246593 -0.959626 0.135312
vn -0.231341 -0.966119 0.114439
vn -0.190893 -0.978846 0.073622
vn -0.231341 -0.966119 0.114439
vn -0.246593 -0.959626 0.135312
vn 0.564004 -0.665180 -0.489321
vn 0.564004 -0.665180 -0.489321
vn 0.641449 -0.662380 -0.387034
vn -0.231341 -0.966119 0.114439
vn -0.318373 -0.943570 0.091186
vn -0.231341 -0.966119 0.114439
vn 0.641449 -0.662380 -0.387034
vn 0.641449 -0.662380 -0.387034
vn 0.677226 -0.690150 -0.255064
vn -0.318373 -0.943570 0.091186
vn -0.260336 -0.963359 0.064530
vn -0.318373 -0.943570 0.091186
vn 0.677226 -0.690150 -0.255064
vn 0.677226 -0.690150 -0.255064
vn 0.718865 -0.679111 -0.148462
vn -0.260336 -0.963359 0.064530
vn -0.311985 -0.949817 -0.022649
vn -0.260336 -0.963359 0.064530
vn 0.718865 -0.679111 -0.148462
vn 0.718865 -0.679111 -0.148462
vn 0.731709 -0.681382 -0.017880
vn -0.311985 -0.949817 -0.022649
vn -0.231341 -0.966119 0.114439
vn -0.318373 -0.943570 0.091186
vn -0.190893 -0.978846 0.073622
vn -0.022390 -0.999661 -0.013307
vn -0.190893 -0.978846 0.073622
vn -0.318373 -0.943570 0.091186
vn -0.318373 -0.943570 0.091186
vn -0.260336 -0.963359 0.064530
vn -0.022390 -0.999661 -0.013307
vn -0.260336 -0.963359 0.064530
vn -0.311985 -0.949817 -0.022649
vn -0.022390 -0.999661 -0.013307
vn -0.113111 -0.992396 -0.048532
vn -0.022390 -0.999661 -0.013307
vn -0.311985 -0.949817 -0.022649
vn -0.311985 -0.949817 -0.022649
vn -0.255962 -0.965925 -0.038380
vn -0.113111 -0.992396 -0.048532
vn -0.255962 -0.965925 -0.038380
vn -0.277842 -0.950945 -0.136041
vn -0.113111 -0.992396 -0.048532
vn 0.001826 -0.999933 -0.011422
vn -0.113111 -0.992396 -0.048532
vn -0.277842 -0.950945 -0.136041
vn -0.277842 -0.950945 -0.136041
vn -0.132120 -0.987748 -0.083055
vn 0.001826 -0.999933 -0.011422
vn -0.132120 -0.987748 -0.083055
vn -0.159280 -0.971132 -0.177576
vn 0.001826 -0.999933 -0.011422
vn 0.017142 -0.999847 0.003629
vn 0.024320 -0.999704 0.000524
vn 0.027095 -0.999552 -0.012734
vn -0.567944 -0.730335 -0.379539
vn -0.506402 -0.643387 0.574116
vn -0.738773 -0.133229 0.660655
vn -0.661956 -0.597302 -0.452819
vn -0.073580 -0.085219 -0.993642
vn -0.567944 -0.730335 -0.379539
vn -0.661956 -0.597302 -0.452819
vn 0.256482 -0.274151 -0.926854
vn -0.073580 -0.085219 -0.993642
vn -0.249801 0.052524 -0.966872
vn -0.408848 -0.780684 -0.472627
vn -0.408848 -0.780684 -0.472627
vn -0.567944 -0.730335 -0.379539
vn -0.073580 -0.085219 -0.993642
vn -0.567944 -0.730335 -0.379539
vn -0.408848 -0.780684 -0.472627
vn -0.169713 -0.842164 0.511818
vn -0.169713 -0.842164 0.511818
vn -0.506402 -0.643387 0.574116
vn -0.567944 -0.730335 -0.379539
vn -0.506402 -0.643387 0.574116
vn -0.169713 -0.842164 0.511818
vn 0.357258 0.390059 0.848658
vn 0.357258 0.390059 0.848658
vn 0.244222 0.323906 0.914024
vn -0.506402 -0.643387 0.574116
vn -0.738773 -0.133229 0.660655
vn -0.506402 -0.643387 0.574116
vn 0.244222 0.323906 0.914024
vn 0.244222 0.323906 0.914024
vn -0.046264 0.401742 0.914584
vn -0.738773 -0.133229 0.660655
vn -0.718107 -0.023536 0.695535
vn -0.738773 -0.133229 0.660655
vn -0.046264 0.401742 0.914584
vn 0.007278 0.419105 0.907908
vn 0.852783 0.505496 0.131283
vn 0.892239 0.451559 -0.001780
vn 0.007278 0.419105 0.907908
vn 0.007278 0.419105 0.907908
vn -0.046264 0.401742 0.914584
vn 0.852783 0.505496 0.131283
vn 0.244222 0.323906 0.914024
vn 0.576186 0.807517 0.126199
vn 0.852783 0.505496 0.131283
vn -0.046264 0.401742 0.914584
vn 0.379727 0.910092 0.165951
vn 0.576186 0.807517 0.126199
vn 0.244222 0.323906 0.914024
vn 0.244222 0.323906 0.914024
vn 0.357258 0.390059 0.848658
vn 0.379727 0.910092 0.165951
vn 0.401378 0.454456 0.795214
vn 0.333549 0.916406 0.221233
vn 0.379727 0.910092 0.165951
vn 0.357258 0.390059 0.848658
vn 0.401378 0.454456 0.795214
vn 0.357258 0.390059 0.848658
vn -0.169713 -0.842164 0.511818
vn -0.169713 -0.842164 0.511818
vn -0.118820 -0.911859 0.392931
vn 0.401378 0.454456 0.795214
vn -0.386652 -0.780838 -0.490706
vn -0.118820 -0.911859 0.392931
vn -0.169713 -0.842164 0.511818
vn -0.408848 -0.780684 -0.472627
vn -0.328397 -0.005142 -0.944526
vn -0.386652 -0.780838 -0.490706
vn -0.408848 -0.780684 -0.472627
vn -0.249801 0.052524 -0.966872
vn -0.328397 -0.005142 -0.944526
vn -0.249801 0.052524 -0.966872
vn 0.379727 0.910092 0.165951
vn 0.379727 0.910092 0.165951
vn 0.333549 0.916406 0.221233
vn -0.328397 -0.005142 -0.944526
vn -0.738773 -0.133229 0.660655
vn -0.718107 -0.023536 0.695535
vn -0.573025 -0.553105 -0.604745
vn -0.573025 -0.553105 -0.604745
vn -0.661956 -0.597302 -0.452819
vn -0.738773 -0.133229 0.660655
vn -0.661956 -0.597302 -0.452819
vn -0.573025 -0.553105 -0.604745
vn 0.393204 -0.192182 -0.899142
vn 0.393204 -0.192182 -0.899142
vn 0.256482 -0.274151 -0.926854
vn -0.661956 -0.597302 -0.452819
vn 0.256482 -0.274151 -0.926854
vn 0.393204 -0.192182 -0.899142
vn 0.892239 0.451559 -0.001780
vn 0.892239 0.451559 -0.001780
vn 0.852783 0.505496 0.131283
vn 0.256482 -0.274151 -0.926854
vn -0.073580 -0.085219 -0.993642
vn 0.256482 -0.274151 -0.926854
vn 0.852783 0.505496 0.131283
vn 0.852783 0.505496 0.131283
vn 0.576186 0.807517 0.126199
vn -0.073580 -0.085219 -0.993642
vn -0.249801 0.052524 -0.966872
vn -0.073580 -0.085219 -0.993642
vn 0.576186 0.807517 0.126199
vn 0.576186 0.807517 0.126199
vn 0.379727 0.910092 0.165951
vn -0.249801 0.052524 -0.966872
vn -0.573025 -0.553105 -0.604745
vn -0.454590 -0.555092 -0.696578
vn 0.163811 0.030010 -0.986035
vn 0.163811 0.030010 -0.986035
vn 0.393204 -0.192182 -0.899142
vn -0.573025 -0.553105 -0.604745
vn 0.393204 -0.192182 -0.899142
vn 0.163811 0.030010 -0.986035
vn 0.706443 0.699133 -0.110233
vn 0.706443 0.699133 -0.110233
vn 0.892239 0.451559 -0.001780
vn 0.393204 -0.192182 -0.899142
vn -0.434440 -0.716336 -0.546007
vn -0.489910 -0.726073 -0.482500
vn 0.030190 -0.026570 -0.999191
vn 0.030190 -0.026570 -0.999191
vn -0.027860 0.058735 -0.997885
vn -0.434440 -0.716336 -0.546007
vn -0.431370 -0.728880 -0.531651
vn -0.434440 -0.716336 -0.546007
vn -0.027860 0.058735 -0.997885
vn -0.027860 0.058735 -0.997885
vn -0.088580 0.158122 -0.983438
vn -0.431370 -0.728880 -0.531651
vn -0.417142 -0.662012 -0.622682
vn -0.431370 -0.728880 -0.531651
vn -0.088580 0.158122 -0.983438
vn -0.088580 0.158122 -0.983438
vn -0.106144 0.211577 -0.971580
vn -0.417142 -0.662012 -0.622682
vn 0.163811 0.030010 -0.986035
vn -0.454590 -0.555092 -0.696578
vn -0.417142 -0.662012 -0.622682
vn -0.106144 0.211577 -0.971580
vn 0.163811 0.030010 -0.986035
vn -0.106144 0.211577 -0.971580
vn 0.383807 0.920851 -0.068741
vn 0.383807 0.920851 -0.068741
vn 0.706443 0.699133 -0.110233
vn 0.163811 0.030010 -0.986035
vn -0.027860 0.058735 -0.997885
vn 0.030190 -0.026570 -0.999191
vn 0.561665 0.818638 -0.119846
vn 0.561665 0.818638 -0.119846
vn 0.489611 0.870887 -0.042862
vn -0.027860 0.058735 -0.997885
vn -0.088580 0.158122 -0.983438
vn -0.027860 0.058735 -0.997885
vn 0.489611 0.870887 -0.042862
vn 0.489611 0.870887 -0.042862
vn 0.409279 0.911050 -0.049787
vn -0.088580 0.158122 -0.983438
vn -0.106144 0.211577 -0.971580
vn -0.088580 0.158122 -0.983438
vn 0.409279 0.911050 -0.049787
vn 0.409279 0.911050 -0.049787
vn 0.383807 0.920851 -0.068741
vn -0.106144 0.211577 -0.971580
vn -0.294626 -0.617400 0.729392
vn -0.399871 -0.498027 0.769462
vn -0.489910 -0.726073 -0.482500
vn -0.489910 -0.726073 -0.482500
vn -0.434440 -0.716336 -0.546007
vn -0.294626 -0.617400 0.729392
vn -0.187924 -0.667165 0.720816
vn -0.294626 -0.617400 0.729392
vn -0.434440 -0.716336 -0.546007
vn -0.434440 -0.716336 -0.546007
vn -0.431370 -0.728880 -0.531651
vn -0.187924 -0.667165 0.720816
vn -0.205682 -0.763316 0.612407
vn -0.187924 -0.667165 0.720816
vn -0.431370 -0.728880 -0.531651
vn -0.431370 -0.728880 -0.531651
vn -0.417142 -0.662012 -0.622682
vn -0.205682 -0.763316 0.612407
vn -0.454590 -0.555092 -0.696578
vn -0.612989 -0.596009 0.518670
vn -0.205682 -0.763316 0.612407
vn -0.417142 -0.662012 -0.622682
vn -0.718107 -0.023536 0.695535
vn -0.612989 -0.596009 0.518670
vn -0.454590 -0.555092 -0.696578
vn -0.454590 -0.555092 -0.696578
vn -0.573025 -0.553105 -0.604745
vn -0.718107 -0.023536 0.695535
vn 0.262870 0.368359 0.891746
vn 0.226161 0.417661 0.880006
vn -0.399871 -0.498027 0.769462
vn -0.399871 -0.498027 0.769462
vn -0.294626 -0.617400 0.729392
vn 0.262870 0.368359 0.891746
vn 0.280553 0.304268 0.910336
vn 0.262870 0.368359 0.891746
vn -0.294626 -0.617400 0.729392
vn -0.294626 -0.617400 0.729392
vn -0.187924 -0.667165 0.720816
vn 0.280553 0.304268 0.910336
vn 0.330055 0.361491 0.872002
vn 0.280553 0.304268 0.910336
vn -0.187924 -0.667165 0.720816
vn -0.187924 -0.667165 0.720816
vn -0.205682 -0.763316 0.612407
vn 0.330055 0.361491 0.872002
vn 0.331512 0.450833 0.828764
vn 0.330055 0.361491 0.872002
vn -0.205682 -0.763316 0.612407
vn -0.205682 -0.763316 0.612407
vn -0.612989 -0.596009 0.518670
vn 0.331512 0.450833 0.828764
vn 0.007278 0.419105 0.907908
vn 0.331512 0.450833 0.828764
vn -0.612989 -0.596009 0.518670
vn -0.612989 -0.596009 0.518670
vn -0.718107 -0.023536 0.695535
vn 0.007278 0.419105 0.907908
vn 0.489611 0.870887 -0.042862
vn 0.561665 0.818638 -0.119846
vn 0.226161 0.417661 0.880006
vn 0.226161 0.417661 0.880006
vn 0.262870 0.368359 0.891746
vn 0.489611 0.870887 -0.042862
vn 0.409279 0.911050 -0.049787
vn 0.489611 0.870887 -0.042862
vn 0.262870 0.368359 0.891746
vn 0.262870 0.368359 0.891746
vn 0.280553 0.304268 0.910336
vn 0.409279 0.911050 -0.049787
vn 0.383807 0.920851 -0.068741
vn 0.409279 0.911050 -0.049787
vn 0.280553 0.304268 0.910336
vn 0.280553 0.304268 0.910336
vn 0.330055 0.361491 0.872002
vn 0.383807 0.920851 -0.068741
vn 0.706443 0.699133 -0.110233
vn 0.383807 0.920851 -0.068741
vn 0.330055 0.361491 0.872002
vn 0.330055 0.361491 0.872002
vn 0.331512 0.450833 0.828764
vn 0.706443 0.699133 -0.110233
vn 0.892239 0.451559 -0.001780
vn 0.706443 0.699133 -0.110233
vn 0.331512 0.450833 0.828764
vn 0.331512 0.450833 0.828764
vn 0.007278 0.419105 0.907908
vn 0.892239 0.451559 -0.001780
vn 0.135756 0.323151 0.936560
vn 0.107859 0.401699 0.909398
vn -0.839890 -0.246916 0.483339
vn -0.839890 -0.246916 0.483339
vn -0.741076 -0.348242 0.574051
vn 0.135756 0.323151 0.936560
vn 0.192928 0.372115 0.907915
vn 0.135756 0.323151 0.936560
vn -0.741076 -0.348242 0.574051
vn -0.741076 -0.348242 0.574051
vn -0.668360 -0.452283 0.590537
vn 0.192928 0.372115 0.907915
vn 0.264266 0.469181 0.842634
vn 0.192928 0.372115 0.907915
vn -0.668360 -0.452283 0.590537
vn -0.668360 -0.452283 0.590537
vn -0.552683 -0.380037 0.741696
vn 0.264266 0.469181 0.842634
vn 0.261221 0.476854 0.839270
vn 0.264266 0.469181 0.842634
vn -0.552683 -0.380037 0.741696
vn -0.552683 -0.380037 0.741696
vn -0.486677 -0.404767 0.774151
vn 0.261221 0.476854 0.839270
vn 0.226161 0.417661 0.880006
vn 0.261221 0.476854 0.839270
vn -0.486677 -0.404767 0.774151
vn -0.486677 -0.404767 0.774151
vn -0.399871 -0.498027 0.769462
vn 0.226161 0.417661 0.880006
vn -0.741076 -0.348242 0.574051
vn -0.839890 -0.246916 0.483339
vn -0.667367 -0.550323 -0.501763
vn -0.667367 -0.550323 -0.501763
vn -0.678545 -0.578739 -0.452369
vn -0.741076 -0.348242 0.574051
vn -0.668360 -0.452283 0.590537
vn -0.741076 -0.348242 0.574051
vn -0.678545 -0.578739 -0.452369
vn -0.678545 -0.578739 -0.452369
vn -0.615065 -0.651387 -0.444286
vn -0.668360 -0.452283 0.590537
vn -0.552683 -0.380037 0.741696
vn -0.668360 -0.452283 0.590537
vn -0.615065 -0.651387 -0.444286
vn -0.615065 -0.651387 -0.444286
vn -0.599349 -0.688838 -0.407777
vn -0.552683 -0.380037 0.741696
vn -0.486677 -0.404767 0.774151
vn -0.552683 -0.380037 0.741696
vn -0.599349 -0.688838 -0.407777
vn -0.599349 -0.688838 -0.407777
vn -0.546469 -0.710761 -0.442934
vn -0.486677 -0.404767 0.774151
vn -0.399871 -0.498027 0.769462
vn -0.486677 -0.404767 0.774151
vn -0.546469 -0.710761 -0.442934
vn -0.546469 -0.710761 -0.442934
vn -0.489910 -0.726073 -0.482500
vn -0.399871 -0.498027 0.769462
vn -0.678545 -0.578739 -0.452369
vn -0.667367 -0.550323 -0.501763
vn 0.511332 -0.096578 -0.853939
vn 0.511332 -0.096578 -0.853939
vn 0.354180 0.016089 -0.935039
vn -0.678545 -0.578739 -0.452369
vn -0.615065 -0.651387 -0.444286
vn -0.678545 -0.578739 -0.452369
vn 0.354180 0.016089 -0.935039
vn 0.354180 0.016089 -0.935039
vn 0.331136 0.069969 -0.940985
vn -0.615065 -0.651387 -0.444286
vn -0.599349 -0.688838 -0.407777
vn -0.615065 -0.651387 -0.444286
vn 0.331136 0.069969 -0.940985
vn 0.331136 0.069969 -0.940985
vn 0.142219 -0.062160 -0.987882
vn -0.599349 -0.688838 -0.407777
vn -0.546469 -0.710761 -0.442934
vn -0.599349 -0.688838 -0.407777
vn 0.142219 -0.062160 -0.987882
vn 0.142219 -0.062160 -0.987882
vn 0.106815 -0.055927 -0.992705
vn -0.546469 -0.710761 -0.442934
vn -0.489910 -0.726073 -0.482500
vn -0.546469 -0.710761 -0.442934
vn 0.106815 -0.055927 -0.992705
vn 0.106815 -0.055927 -0.992705
vn 0.030190 -0.026570 -0.999191
vn -0.489910 -0.726073 -0.482500
vn 0.354180 0.016089 -0.935039
vn 0.511332 -0.096578 -0.853939
vn 0.898534 0.438785 0.010203
vn 0.898534 0.438785 0.010203
vn 0.834213 0.541037 -0.106616
vn 0.354180 0.016089 -0.935039
vn 0.331136 0.069969 -0.940985
vn 0.354180 0.016089 -0.935039
vn 0.834213 0.541037 -0.106616
vn 0.834213 0.541037 -0.106616
vn 0.755473 0.638908 -0.145112
vn 0.331136 0.069969 -0.940985
vn 0.142219 -0.062160 -0.987882
vn 0.331136 0.069969 -0.940985
vn 0.755473 0.638908 -0.145112
vn 0.755473 0.638908 -0.145112
vn 0.698804 0.682890 -0.212919
vn 0.142219 -0.062160 -0.987882
vn 0.106815 -0.055927 -0.992705
vn 0.142219 -0.062160 -0.987882
vn 0.698804 0.682890 -0.212919
vn 0.698804 0.682890 -0.212919
vn 0.642757 0.717970 -0.267175
vn 0.106815 -0.055927 -0.992705
vn 0.030190 -0.026570 -0.999191
vn 0.106815 -0.055927 -0.992705
vn 0.642757 0.717970 -0.267175
vn 0.642757 0.717970 -0.267175
vn 0.561665 0.818638 -0.119846
vn 0.030190 -0.026570 -0.999191
vn 0.001826 -0.999933 -0.011422
vn 0.008913 -0.999912 -0.009805
vn 0.017142 -0.999847 0.003629
vn -0.585991 0.222695 0.779116
vn 0.047279 0.996472 -0.069341
vn 0.027755 0.994050 -0.105328
vn 0.047279 0.996472 -0.069341
vn -0.585991 0.222695 0.779116
vn -0.672458 0.295033 0.678790
vn -0.666275 0.141333 0.732191
vn -0.672458 0.295033 0.678790
vn -0.585991 0.222695 0.779116
vn -0.745470 0.059846 0.663847
vn -0.672458 0.295033 0.678790
vn -0.666275 0.141333 0.732191
vn -0.666275 0.141333 0.732191
vn -0.571323 0.120391 0.811847
vn -0.745470 0.059846 0.663847
vn -0.672458 0.295033 0.678790
vn 0.046978 0.996729 -0.065760
vn 0.047279 0.996472 -0.069341
vn -0.494418 0.461726 0.736451
vn -0.412551 0.117830 0.903282
vn -0.571323 0.120391 0.811847
vn -0.745470 0.059846 0.663847
vn -0.571323 0.120391 0.811847
vn -0.412551 0.117830 0.903282
vn -0.412551 0.117830 0.903282
vn -0.534911 -0.233212 0.812085
vn -0.745470 0.059846 0.663847
vn -0.745470 0.059846 0.663847
vn -0.534911 -0.233212 0.812085
vn -0.766022 -0.432589 0.475475
vn -0.766022 -0.432589 0.475475
vn -0.863935 0.034484 0.502421
vn -0.745470 0.059846 0.663847
vn -0.672458 0.295033 0.678790
vn -0.745470 0.059846 0.663847
vn -0.863935 0.034484 0.502421
vn -0.863935 0.034484 0.502421
vn -0.796854 0.404372 0.448896
vn -0.672458 0.295033 0.678790
vn 0.046978 0.996729 -0.065760
vn -0.672458 0.295033 0.678790
vn -0.796854 0.404372 0.448896
vn -0.796854 0.404372 0.448896
vn -0.043101 0.998986 0.012996
vn 0.046978 0.996729 -0.065760
vn 0.090328 0.995871 -0.009085
vn -0.043101 0.998986 0.012996
vn -0.796854 0.404372 0.448896
vn -0.916515 0.286798 0.278831
vn 0.090328 0.995871 -0.009085
vn -0.916515 0.286798 0.278831
vn -0.966436 0.200647 0.160442
vn -0.966436 0.200647 0.160442
vn 0.193583 0.979437 -0.056826
vn 0.090328 0.995871 -0.009085
vn 0.027755 0.994050 -0.105328
vn 0.426961 0.403139 -0.809434
vn 0.205026 0.500234 -0.841267
vn 0.426961 0.403139 -0.809434
vn 0.027755 0.994050 -0.105328
vn 0.047279 0.996472 -0.069341
vn 0.047279 0.996472 -0.069341
vn 0.528306 0.414626 -0.740931
vn 0.426961 0.403139 -0.809434
vn 0.528306 0.414626 -0.740931
vn 0.047279 0.996472 -0.069341
vn 0.046978 0.996729 -0.065760
vn 0.046978 0.996729 -0.065760
vn 0.610627 0.534080 -0.584717
vn 0.528306 0.414626 -0.740931
vn 0.610627 0.534080 -0.584717
vn 0.046978 0.996729 -0.065760
vn -0.043101 0.998986 0.012996
vn -0.043101 0.998986 0.012996
vn 0.747383 0.519096 -0.414679
vn 0.610627 0.534080 -0.584717
vn 0.747383 0.519096 -0.414679
vn -0.043101 0.998986 0.012996
vn 0.090328 0.995871 -0.009085
vn 0.090328 0.995871 -0.009085
vn 0.768238 0.592296 -0.242891
vn 0.747383 0.519096 -0.414679
vn 0.798796 0.581538 -0.154072
vn 0.768238 0.592296 -0.242891
vn 0.090328 0.995871 -0.009085
vn 0.193583 0.979437 -0.056826
vn 0.851740 0.500753 0.154225
vn 0.980895 -0.073282 0.180208
vn 0.992623 -0.120923 -0.008752
vn 0.992623 -0.120923 -0.008752
vn 0.862979 0.504963 -0.016745
vn 0.851740 0.500753 0.154225
vn 0.862979 0.504963 -0.016745
vn 0.992623 -0.120923 -0.008752
vn 0.979690 -0.109456 -0.168009
vn 0.979690 -0.109456 -0.168009
vn 0.798796 0.581538 -0.154072
vn 0.862979 0.504963 -0.016745
vn 0.798796 0.581538 -0.154072
vn 0.979690 -0.109456 -0.168009
vn 0.933034 -0.167491 -0.318425
vn 0.933034 -0.167491 -0.318425
vn 0.768238 0.592296 -0.242891
vn 0.798796 0.581538 -0.154072
vn 0.768238 0.592296 -0.242891
vn 0.933034 -0.167491 -0.318425
vn 0.863636 -0.182222 -0.470030
vn 0.863636 -0.182222 -0.470030
vn 0.747383 0.519096 -0.414679
vn 0.768238 0.592296 -0.242891
vn 0.747383 0.519096 -0.414679
vn 0.863636 -0.182222 -0.470030
vn 0.725379 -0.084998 -0.683082
vn 0.725379 -0.084998 -0.683082
vn 0.610627 0.534080 -0.584717
vn 0.747383 0.519096 -0.414679
vn 0.610627 0.534080 -0.584717
vn 0.725379 -0.084998 -0.683082
vn 0.579809 -0.053210 -0.813013
vn 0.579809 -0.053210 -0.813013
vn 0.528306 0.414626 -0.740931
vn 0.610627 0.534080 -0.584717
vn 0.426961 0.403139 -0.809434
vn 0.528306 0.414626 -0.740931
vn 0.579809 -0.053210 -0.813013
vn 0.471801 -0.045784 -0.880516
vn 0.426961 0.403139 -0.809434
vn 0.471801 -0.045784 -0.880516
vn 0.270003 -0.158259 -0.949764
vn 0.270003 -0.158259 -0.949764
vn 0.205026 0.500234 -0.841267
vn 0.426961 0.403139 -0.809434
vn 0.205026 0.500234 -0.841267
vn 0.270003 -0.158259 -0.949764
vn 0.157976 -0.166999 -0.973219
vn 0.157976 -0.166999 -0.973219
vn 0.117063 0.488484 -0.864685
vn 0.205026 0.500234 -0.841267
vn 0.117063 0.488484 -0.864685
vn 0.157976 -0.166999 -0.973219
vn 0.065231 -0.149179 -0.986656
vn 0.065231 -0.149179 -0.986656
vn 0.038933 0.540005 -0.840761
vn 0.117063 0.488484 -0.864685
vn -0.571323 0.120391 0.811847
vn -0.666275 0.141333 0.732191
vn -0.727859 0.197640 0.656628
vn -0.727859 0.197640 0.656628
vn -0.666275 0.141333 0.732191
vn -0.606476 0.133455 0.783821
vn -0.666275 0.141333 0.732191
vn -0.585991 0.222695 0.779116
vn -0.606476 0.133455 0.783821
vn -0.606476 0.133455 0.783821
vn -0.585991 0.222695 0.779116
vn -0.440905 0.210889 0.872427
vn 0.027755 0.994050 -0.105328
vn -0.440905 0.210889 0.872427
vn -0.585991 0.222695 0.779116
vn -0.440905 0.210889 0.872427
vn 0.027755 0.994050 -0.105328
vn -0.029149 0.994753 -0.098063
vn 0.205026 0.500234 -0.841267
vn -0.029149 0.994753 -0.098063
vn 0.027755 0.994050 -0.105328
vn -0.029149 0.994753 -0.098063
vn 0.205026 0.500234 -0.841267
vn 0.117063 0.488484 -0.864685
vn 0.117063 0.488484 -0.864685
vn -0.030387 0.997570 -0.062704
vn -0.029149 0.994753 -0.098063
vn -0.030387 0.997570 -0.062704
vn 0.117063 0.488484 -0.864685
vn 0.038933 0.540005 -0.840761
vn -0.143076 0.209402 0.967306
vn -0.030387 0.997570 -0.062704
vn -0.009756 0.999319 -0.035575
vn -0.030387 0.997570 -0.062704
vn -0.143076 0.209402 0.967306
vn -0.270402 0.213167 0.938852
vn -0.270402 0.213167 0.938852
vn -0.029149 0.994753 -0.098063
vn -0.030387 0.997570 -0.062704
vn -0.029149 0.994753 -0.098063
vn -0.270402 0.213167 0.938852
vn -0.440905 0.210889 0.872427
vn -0.457009 0.133846 0.879334
vn -0.440905 0.210889 0.872427
vn -0.270402 0.213167 0.938852
vn -0.440905 0.210889 0.872427
vn -0.457009 0.133846 0.879334
vn -0.606476 0.133455 0.783821
vn -0.475575 0.003074 0.879670
vn -0.632133 -0.003550 0.774852
vn -0.606476 0.133455 0.783821
vn -0.457009 0.133846 0.879334
vn -0.606476 0.133455 0.783821
vn -0.632133 -0.003550 0.774852
vn -0.777078 -0.047813 0.627585
vn -0.777078 -0.047813 0.627585
vn -0.632133 -0.003550 0.774852
vn -0.641583 0.055138 0.765070
vn -0.641583 0.055138 0.765070
vn -0.772341 0.066729 0.631693
vn -0.777078 -0.047813 0.627585
vn -0.019559 0.216058 0.976185
vn -0.043085 0.120698 0.991754
vn -0.157841 0.136851 0.977936
vn -0.157841 0.136851 0.977936
vn -0.143076 0.209402 0.967306
vn -0.019559 0.216058 0.976185
vn -0.143076 0.209402 0.967306
vn -0.157841 0.136851 0.977936
vn -0.273756 0.138749 0.951739
vn -0.273756 0.138749 0.951739
vn -0.270402 0.213167 0.938852
vn -0.143076 0.209402 0.967306
vn -0.270402 0.213167 0.938852
vn -0.273756 0.138749 0.951739
vn -0.457009 0.133846 0.879334
vn -0.475575 0.003074 0.879670
vn -0.457009 0.133846 0.879334
vn -0.273756 0.138749 0.951739
vn -0.632133 -0.003550 0.774852
vn -0.475575 0.003074 0.879670
vn -0.447478 0.070518 0.891510
vn -0.447478 0.070518 0.891510
vn -0.641583 0.055138 0.765070
vn -0.632133 -0.003550 0.774852
vn -0.641583 0.055138 0.765070
vn -0.447478 0.070518 0.891510
vn -0.429586 0.169068 0.887058
vn -0.157841 0.136851 0.977936
vn -0.161019 -0.053260 0.985513
vn -0.254965 -0.064896 0.964770
vn -0.254965 -0.064896 0.964770
vn -0.273756 0.138749 0.951739
vn -0.157841 0.136851 0.977936
vn -0.273756 0.138749 0.951739
vn -0.254965 -0.064896 0.964770
vn -0.475575 0.003074 0.879670
vn -0.475575 0.003074 0.879670
vn -0.254965 -0.064896 0.964770
vn -0.252474 -0.007236 0.967577
vn -0.252474 -0.007236 0.967577
vn -0.447478 0.070518 0.891510
vn -0.475575 0.003074 0.879670
vn -0.447478 0.070518 0.891510
vn -0.252474 -0.007236 0.967577
vn -0.256446 0.151995 0.954533
vn -0.256446 0.151995 0.954533
vn -0.429586 0.169068 0.887058
vn -0.447478 0.070518 0.891510
vn -0.431046 0.034534 0.901669
vn -0.429586 0.169068 0.887058
vn -0.256446 0.151995 0.954533
vn -0.429586 0.169068 0.887058
vn -0.431046 0.034534 0.901669
vn -0.640078 0.052216 0.766533
vn -0.640078 0.052216 0.766533
vn -0.431046 0.034534 0.901669
vn -0.448237 0.060296 0.891879
vn -0.269303 0.037019 0.962344
vn -0.448237 0.060296 0.891879
vn -0.431046 0.034534 0.901669
vn -0.431046 0.034534 0.901669
vn -0.248387 0.002928 0.968657
vn -0.269303 0.037019 0.962344
vn -0.256446 0.151995 0.954533
vn -0.248387 0.002928 0.968657
vn -0.431046 0.034534 0.901669
vn -0.248387 0.002928 0.968657
vn -0.256446 0.151995 0.954533
vn -0.155219 0.157447 0.975253
vn -0.155219 0.157447 0.975253
vn -0.256446 0.151995 0.954533
vn -0.252474 -0.007236 0.967577
vn -0.252474 -0.007236 0.967577
vn -0.167352 0.001902 0.985895
vn -0.155219 0.157447 0.975253
vn -0.161019 -0.053260 0.985513
vn -0.167352 0.001902 0.985895
vn -0.252474 -0.007236 0.967577
vn -0.254965 -0.064896 0.964770
vn -0.113833 -0.000069 0.993500
vn -0.269303 0.037019 0.962344
vn -0.248387 0.002928 0.968657
vn -0.248387 0.002928 0.968657
vn -0.124788 0.006490 0.992162
vn -0.113833 -0.000069 0.993500
vn -0.155219 0.157447 0.975253
vn -0.124788 0.006490 0.992162
vn -0.248387 0.002928 0.968657
vn -0.124788 0.006490 0.992162
vn -0.155219 0.157447 0.975253
vn -0.040818 0.164782 0.985485
vn -0.040818 0.164782 0.985485
vn -0.155219 0.157447 0.975253
vn -0.167352 0.001902 0.985895
vn -0.167352 0.001902 0.985895
vn -0.038445 0.084835 0.995653
vn -0.040818 0.164782 0.985485
vn -0.038445 0.084835 0.995653
vn -0.167352 0.001902 0.985895
vn -0.161019 -0.053260 0.985513
vn -0.161019 -0.053260 0.985513
vn -0.041700 -0.006316 0.999110
vn -0.038445 0.084835 0.995653
vn -0.043085 0.120698 0.991754
vn -0.041700 -0.006316 0.999110
vn -0.161019 -0.053260 0.985513
vn -0.161019 -0.053260 0.985513
vn -0.157841 0.136851 0.977936
vn -0.043085 0.120698 0.991754
vn -0.429586 0.169068 0.887058
vn -0.627536 0.182459 0.756907
vn -0.641583 0.055138 0.765070
vn -0.640078 0.052216 0.766533
vn -0.627536 0.182459 0.756907
vn -0.429586 0.169068 0.887058
vn -0.627536 0.182459 0.756907
vn -0.640078 0.052216 0.766533
vn -0.777427 0.066058 0.625494
vn -0.777427 0.066058 0.625494
vn -0.640078 0.052216 0.766533
vn -0.642893 0.081353 0.761623
vn -0.448237 0.060296 0.891879
vn -0.642893 0.081353 0.761623
vn -0.640078 0.052216 0.766533
vn -0.642893 0.081353 0.761623
vn -0.448237 0.060296 0.891879
vn -0.410437 0.302145 0.860378
vn -0.249918 0.316262 0.915161
vn -0.410437 0.302145 0.860378
vn -0.448237 0.060296 0.891879
vn -0.448237 0.060296 0.891879
vn -0.269303 0.037019 0.962344
vn -0.249918 0.316262 0.915161
vn -0.127568 0.290496 0.948335
vn -0.249918 0.316262 0.915161
vn -0.269303 0.037019 0.962344
vn -0.269303 0.037019 0.962344
vn -0.113833 -0.000069 0.993500
vn -0.127568 0.290496 0.948335
vn -0.913089 0.377801 0.153410
vn -0.925517 0.378092 -0.021563
vn -0.986882 0.159828 -0.022791
vn -0.974886 0.221827 -0.019762
vn -0.925517 0.378092 -0.021563
vn -0.913089 0.377801 0.153410
vn -0.913089 0.377801 0.153410
vn -0.956355 0.240305 0.166250
vn -0.974886 0.221827 -0.019762
vn -0.981748 0.190027 -0.007826
vn -0.974886 0.221827 -0.019762
vn -0.956355 0.240305 0.166250
vn -0.956355 0.240305 0.166250
vn -0.966168 0.199009 0.164057
vn -0.981748 0.190027 -0.007826
vn -0.986551 0.156697 0.046501
vn -0.981748 0.190027 -0.007826
vn -0.966168 0.199009 0.164057
vn -0.966168 0.199009 0.164057
vn -0.971470 0.155004 0.179499
vn -0.986551 0.156697 0.046501
vn -0.980547 0.196123 -0.007939
vn -0.956736 0.210815 -0.200534
vn -0.975945 0.079396 -0.203048
vn -0.974125 0.111678 -0.196491
vn -0.956736 0.210815 -0.200534
vn -0.980547 0.196123 -0.007939
vn -0.980547 0.196123 -0.007939
vn -0.995819 0.090515 -0.012325
vn -0.974125 0.111678 -0.196491
vn -0.974125 0.111678 -0.196491
vn -0.995819 0.090515 -0.012325
vn -0.986882 0.159828 -0.022791
vn -0.976249 0.144491 0.161432
vn -0.986882 0.159828 -0.022791
vn -0.995819 0.090515 -0.012325
vn -0.986882 0.159828 -0.022791
vn -0.976249 0.144491 0.161432
vn -0.913089 0.377801 0.153410
vn -0.864138 0.393511 0.313712
vn -0.913089 0.377801 0.153410
vn -0.976249 0.144491 0.161432
vn -0.956355 0.240305 0.166250
vn -0.913089 0.377801 0.153410
vn -0.864138 0.393511 0.313712
vn -0.864138 0.393511 0.313712
vn -0.917094 0.230963 0.324953
vn -0.956355 0.240305 0.166250
vn -0.966168 0.199009 0.164057
vn -0.956355 0.240305 0.166250
vn -0.917094 0.230963 0.324953
vn -0.917094 0.230963 0.324953
vn -0.926795 0.195923 0.320413
vn -0.966168 0.199009 0.164057
vn -0.971470 0.155004 0.179499
vn -0.966168 0.199009 0.164057
vn -0.926795 0.195923 0.320413
vn -0.926795 0.195923 0.320413
vn -0.926111 0.159741 0.341762
vn -0.971470 0.155004 0.179499
vn -0.960370 0.203208 -0.190778
vn -0.970495 0.122073 -0.207938
vn -0.904244 0.122512 -0.409063
vn -0.911764 -0.018075 -0.410317
vn -0.904244 0.122512 -0.409063
vn -0.970495 0.122073 -0.207938
vn -0.970495 0.122073 -0.207938
vn -0.978147 -0.005836 -0.207832
vn -0.911764 -0.018075 -0.410317
vn -0.911764 -0.018075 -0.410317
vn -0.978147 -0.005836 -0.207832
vn -0.975945 0.079396 -0.203048
vn -0.996508 0.083350 -0.005023
vn -0.975945 0.079396 -0.203048
vn -0.978147 -0.005836 -0.207832
vn -0.975945 0.079396 -0.203048
vn -0.996508 0.083350 -0.005023
vn -0.980547 0.196123 -0.007939
vn -0.967922 0.189766 0.164670
vn -0.980547 0.196123 -0.007939
vn -0.996508 0.083350 -0.005023
vn -0.995819 0.090515 -0.012325
vn -0.980547 0.196123 -0.007939
vn -0.967922 0.189766 0.164670
vn -0.967922 0.189766 0.164670
vn -0.982701 0.080124 0.166969
vn -0.995819 0.090515 -0.012325
vn -0.995819 0.090515 -0.012325
vn -0.982701 0.080124 0.166969
vn -0.976249 0.144491 0.161432
vn -0.978147 -0.005836 -0.207832
vn -0.999942 -0.003815 -0.010109
vn -0.996508 0.083350 -0.005023
vn -0.992350 0.123399 -0.003694
vn -0.999942 -0.003815 -0.010109
vn -0.978147 -0.005836 -0.207832
vn -0.978147 -0.005836 -0.207832
vn -0.970495 0.122073 -0.207938
vn -0.992350 0.123399 -0.003694
vn -0.979501 0.201431 -0.001565
vn -0.992350 0.123399 -0.003694
vn -0.970495 0.122073 -0.207938
vn -0.970495 0.122073 -0.207938
vn -0.960370 0.203208 -0.190778
vn -0.979501 0.201431 -0.001565
vn 0.087530 0.995817 -0.026197
vn -0.979501 0.201431 -0.001565
vn -0.960370 0.203208 -0.190778
vn -0.960370 0.203208 -0.190778
vn 0.093528 0.995564 0.010240
vn 0.087530 0.995817 -0.026197
vn 0.862979 0.504963 -0.016745
vn 0.087530 0.995817 -0.026197
vn 0.093528 0.995564 0.010240
vn 0.093528 0.995564 0.010240
vn 0.851740 0.500753 0.154225
vn 0.862979 0.504963 -0.016745
vn 0.851740 0.500753 0.154225
vn 0.093528 0.995564 0.010240
vn 0.011223 0.999689 0.022248
vn 0.087530 0.995817 -0.026197
vn 0.862979 0.504963 -0.016745
vn 0.798796 0.581538 -0.154072
vn 0.798796 0.581538 -0.154072
vn 0.193583 0.979437 -0.056826
vn 0.087530 0.995817 -0.026197
vn -0.979501 0.201431 -0.001565
vn 0.087530 0.995817 -0.026197
vn 0.193583 0.979437 -0.056826
vn 0.193583 0.979437 -0.056826
vn -0.966436 0.200647 0.160442
vn -0.979501 0.201431 -0.001565
vn -0.992350 0.123399 -0.003694
vn -0.979501 0.201431 -0.001565
vn -0.966436 0.200647 0.160442
vn -0.966436 0.200647 0.160442
vn -0.981371 0.127735 0.143511
vn -0.992350 0.123399 -0.003694
vn -0.999942 -0.003815 -0.010109
vn -0.992350 0.123399 -0.003694
vn -0.981371 0.127735 0.143511
vn -0.981371 0.127735 0.143511
vn -0.988395 -0.001826 0.151893
vn -0.999942 -0.003815 -0.010109
vn -0.999942 -0.003815 -0.010109
vn -0.988395 -0.001826 0.151893
vn -0.981244 0.110668 0.157839
vn -0.941417 0.107812 0.319547
vn -0.981244 0.110668 0.157839
vn -0.988395 -0.001826 0.151893
vn 0.008913 -0.999912 -0.009805
vn 0.024322 -0.999687 0.005796
vn 0.017142 -0.999847 0.003629
vn 0.001608 0.998535 0.054080
vn -0.560995 0.211613 -0.800315
vn -0.436984 0.232268 -0.868963
vn -0.560995 0.211613 -0.800315
vn 0.001608 0.998535 0.054080
vn 0.004187 0.998663 0.051520
vn 0.004187 0.998663 0.051520
vn -0.710328 0.210676 -0.671603
vn -0.560995 0.211613 -0.800315
vn -0.710328 0.210676 -0.671603
vn 0.004187 0.998663 0.051520
vn -0.005630 0.999541 0.029767
vn -0.005630 0.999541 0.029767
vn -0.837228 0.224697 -0.498558
vn -0.710328 0.210676 -0.671603
vn -0.837228 0.224697 -0.498558
vn -0.005630 0.999541 0.029767
vn 0.011223 0.999689 0.022248
vn 0.011223 0.999689 0.022248
vn -0.907065 0.217499 -0.360455
vn -0.837228 0.224697 -0.498558
vn -0.907065 0.217499 -0.360455
vn 0.011223 0.999689 0.022248
vn 0.093528 0.995564 0.010240
vn 0.093528 0.995564 0.010240
vn -0.960370 0.203208 -0.190778
vn -0.907065 0.217499 -0.360455
vn -0.904244 0.122512 -0.409063
vn -0.907065 0.217499 -0.360455
vn -0.960370 0.203208 -0.190778
vn 0.011223 0.999689 0.022248
vn 0.783914 0.539775 0.306794
vn 0.851740 0.500753 0.154225
vn 0.783914 0.539775 0.306794
vn 0.011223 0.999689 0.022248
vn -0.005630 0.999541 0.029767
vn -0.005630 0.999541 0.029767
vn 0.700832 0.557091 0.445516
vn 0.783914 0.539775 0.306794
vn 0.700832 0.557091 0.445516
vn -0.005630 0.999541 0.029767
vn 0.004187 0.998663 0.051520
vn 0.004187 0.998663 0.051520
vn 0.594320 0.550024 0.586734
vn 0.700832 0.557091 0.445516
vn 0.594320 0.550024 0.586734
vn 0.004187 0.998663 0.051520
vn 0.001608 0.998535 0.054080
vn 0.001608 0.998535 0.054080
vn 0.463338 0.575945 0.673502
vn 0.594320 0.550024 0.586734
vn 0.463338 0.575945 0.673502
vn 0.001608 0.998535 0.054080
vn 0.026794 0.999234 0.028537
vn -0.436984 0.232268 -0.868963
vn 0.026794 0.999234 0.028537
vn 0.001608 0.998535 0.054080
vn 0.026794 0.999234 0.028537
vn -0.436984 0.232268 -0.868963
vn -0.362240 0.304104 -0.881081
vn 0.377114 0.583660 0.719115
vn 0.444858 -0.145600 0.883687
vn 0.578089 -0.139650 0.803934
vn 0.578089 -0.139650 0.803934
vn 0.463338 0.575945 0.673502
vn 0.377114 0.583660 0.719115
vn 0.463338 0.575945 0.673502
vn 0.578089 -0.139650 0.803934
vn 0.726759 -0.120213 0.676291
vn 0.726759 -0.120213 0.676291
vn 0.594320 0.550024 0.586734
vn 0.463338 0.575945 0.673502
vn 0.594320 0.550024 0.586734
vn 0.726759 -0.120213 0.676291
vn 0.854744 -0.041745 0.517369
vn 0.854744 -0.041745 0.517369
vn 0.700832 0.557091 0.445516
vn 0.594320 0.550024 0.586734
vn 0.700832 0.557091 0.445516
vn 0.854744 -0.041745 0.517369
vn 0.932037 -0.084535 0.352364
vn 0.932037 -0.084535 0.352364
vn 0.783914 0.539775 0.306794
vn 0.700832 0.557091 0.445516
vn 0.783914 0.539775 0.306794
vn 0.932037 -0.084535 0.352364
vn 0.980895 -0.073282 0.180208
vn 0.980895 -0.073282 0.180208
vn 0.851740 0.500753 0.154225
vn 0.783914 0.539775 0.306794
vn 0.024322 -0.999687 0.005796
vn 0.104813 -0.986211 0.128073
vn 0.017142 -0.999847 0.003629
vn 0.297987 -0.031175 -0.954061
vn 0.296583 0.218962 -0.929567
vn 0.122039 0.250432 -0.960412
vn 0.296583 0.218962 -0.929567
vn 0.297987 -0.031175 -0.954061
vn 0.489664 -0.033194 -0.871279
vn 0.489664 -0.033194 -0.871279
vn 0.297987 -0.031175 -0.954061
vn 0.278199 0.082075 -0.957010
vn 0.278199 0.082075 -0.957010
vn 0.492302 0.038302 -0.869581
vn 0.489664 -0.033194 -0.871279
vn 0.492302 0.038302 -0.869581
vn 0.278199 0.082075 -0.957010
vn 0.248671 0.174469 -0.952745
vn 0.248671 0.174469 -0.952745
vn 0.477087 0.142821 -0.867174
vn 0.492302 0.038302 -0.869581
vn 0.451408 0.025198 -0.891962
vn 0.477087 0.142821 -0.867174
vn 0.248671 0.174469 -0.952745
vn 0.477087 0.142821 -0.867174
vn 0.451408 0.025198 -0.891962
vn 0.670562 0.004781 -0.741838
vn 0.670562 0.004781 -0.741838
vn 0.451408 0.025198 -0.891962
vn 0.452197 0.064114 -0.889611
vn 0.452197 0.064114 -0.889611
vn 0.664367 0.063191 -0.744730
vn 0.670562 0.004781 -0.741838
vn -0.088127 0.278406 -0.956412
vn -0.033503 0.340819 -0.939532
vn -0.250531 0.354741 -0.900773
vn -0.033503 0.340819 -0.939532
vn -0.088127 0.278406 -0.956412
vn 0.122039 0.250432 -0.960412
vn 0.101845 0.016561 -0.994662
vn 0.122039 0.250432 -0.960412
vn -0.088127 0.278406 -0.956412
vn 0.122039 0.250432 -0.960412
vn 0.101845 0.016561 -0.994662
vn 0.297987 -0.031175 -0.954061
vn 0.297987 -0.031175 -0.954061
vn 0.101845 0.016561 -0.994662
vn 0.105509 0.149059 -0.983183
vn 0.105509 0.149059 -0.983183
vn 0.278199 0.082075 -0.957010
vn 0.297987 -0.031175 -0.954061
vn 0.278199 0.082075 -0.957010
vn 0.105509 0.149059 -0.983183
vn 0.088712 0.201247 -0.975515
vn 0.088712 0.201247 -0.975515
vn 0.248671 0.174469 -0.952745
vn 0.278199 0.082075 -0.957010
vn 0.233730 0.042068 -0.971391
vn 0.248671 0.174469 -0.952745
vn 0.088712 0.201247 -0.975515
vn 0.248671 0.174469 -0.952745
vn 0.233730 0.042068 -0.971391
vn 0.451408 0.025198 -0.891962
vn 0.122039 0.250432 -0.960412
vn 0.180840 0.312036 -0.932701
vn -0.033503 0.340819 -0.939532
vn 0.180840 0.312036 -0.932701
vn 0.122039 0.250432 -0.960412
vn 0.296583 0.218962 -0.929567
vn 0.296583 0.218962 -0.929567
vn 0.337783 0.314580 -0.887098
vn 0.180840 0.312036 -0.932701
vn 0.337783 0.314580 -0.887098
vn 0.296583 0.218962 -0.929567
vn 0.479135 0.201246 -0.854359
vn 0.489664 -0.033194 -0.871279
vn 0.479135 0.201246 -0.854359
vn 0.296583 0.218962 -0.929567
vn 0.479135 0.201246 -0.854359
vn 0.489664 -0.033194 -0.871279
vn 0.657702 -0.010634 -0.753203
vn 0.657702 -0.010634 -0.753203
vn 0.489664 -0.033194 -0.871279
vn 0.492302 0.038302 -0.869581
vn 0.492302 0.038302 -0.869581
vn 0.667569 0.044522 -0.743216
vn 0.657702 -0.010634 -0.753203
vn 0.667569 0.044522 -0.743216
vn 0.492302 0.038302 -0.869581
vn 0.477087 0.142821 -0.867174
vn 0.477087 0.142821 -0.867174
vn 0.670213 0.129799 -0.730731
vn 0.667569 0.044522 -0.743216
vn 0.104813 -0.986211 0.128073
vn 0.125708 -0.965672 0.227320
vn 0.017142 -0.999847 0.003629
vn 0.377221 0.172156 -0.909982
vn 0.204430 0.164126 -0.965024
vn 0.197725 0.050517 -0.978955
vn 0.202308 -0.669790 -0.714460
vn 0.204430 0.164126 -0.965024
vn 0.377221 0.172156 -0.909982
vn 0.377221 0.172156 -0.909982
vn 0.309685 -0.663783 -0.680799
vn 0.202308 -0.669790 -0.714460
vn 0.202308 -0.669790 -0.714460
vn 0.309685 -0.663783 -0.680799
vn -0.011754 -0.985468 0.169456
vn -0.135719 -0.973638 0.183328
vn -0.011754 -0.985468 0.169456
vn 0.309685 -0.663783 -0.680799
vn 0.309685 -0.663783 -0.680799
vn 0.403119 -0.662938 -0.630879
vn -0.135719 -0.973638 0.183328
vn -0.112739 -0.986326 0.120211
vn -0.135719 -0.973638 0.183328
vn 0.403119 -0.662938 -0.630879
vn 0.403119 -0.662938 -0.630879
vn 0.494131 -0.645534 -0.582340
vn -0.112739 -0.986326 0.120211
vn 0.651265 0.198491 -0.732431
vn 0.494131 -0.645534 -0.582340
vn 0.403119 -0.662938 -0.630879
vn 0.494131 -0.645534 -0.582340
vn 0.651265 0.198491 -0.732431
vn 0.770624 0.180002 -0.611341
vn 0.204430 0.164126 -0.965024
vn 0.023796 0.177615 -0.983812
vn 0.004727 0.085628 -0.996316
vn 0.085836 -0.677044 -0.730920
vn 0.023796 0.177615 -0.983812
vn 0.204430 0.164126 -0.965024
vn 0.204430 0.164126 -0.965024
vn 0.202308 -0.669790 -0.714460
vn 0.085836 -0.677044 -0.730920
vn 0.085836 -0.677044 -0.730920
vn 0.202308 -0.669790 -0.714460
vn -0.004203 -0.974286 0.225277
vn -0.011754 -0.985468 0.169456
vn -0.004203 -0.974286 0.225277
vn 0.202308 -0.669790 -0.714460
vn -0.004203 -0.974286 0.225277
vn -0.011754 -0.985468 0.169456
vn 0.024320 -0.999704 0.000524
vn -0.011754 -0.985468 0.169456
vn -0.135719 -0.973638 0.183328
vn 0.024320 -0.999704 0.000524
vn 0.027095 -0.999552 -0.012734
vn 0.024320 -0.999704 0.000524
vn -0.135719 -0.973638 0.183328
vn -0.135719 -0.973638 0.183328
vn -0.112739 -0.986326 0.120211
vn 0.027095 -0.999552 -0.012734
vn -0.112739 -0.986326 0.120211
vn -0.246593 -0.959626 0.135312
vn 0.027095 -0.999552 -0.012734
vn 0.024320 -0.999704 0.000524
vn 0.017142 -0.999847 0.003629
vn -0.004203 -0.974286 0.225277
vn 0.093902 -0.978046 0.186033
vn -0.004203 -0.974286 0.225277
vn 0.017142 -0.999847 0.003629
vn -0.004203 -0.974286 0.225277
vn 0.093902 -0.978046 0.186033
vn 0.085836 -0.677044 -0.730920
vn -0.082577 -0.649415 -0.755937
vn 0.085836 -0.677044 -0.730920
vn 0.093902 -0.978046 0.186033
vn 0.023796 0.177615 -0.983812
vn 0.085836 -0.677044 -0.730920
vn -0.082577 -0.649415 -0.755937
vn -0.082577 -0.649415 -0.755937
vn -0.183693 0.241884 -0.952759
vn 0.023796 0.177615 -0.983812
vn 0.023796 0.177615 -0.983812
vn -0.183693 0.241884 -0.952759
vn -0.195364 0.130592 -0.971997
vn -0.364737 0.126240 -0.922513
vn -0.195364 0.130592 -0.971997
vn -0.183693 0.241884 -0.952759
vn -0.178505 -0.045598 -0.982882
vn -0.195364 0.130592 -0.971997
vn -0.364737 0.126240 -0.922513
vn -0.364737 0.126240 -0.922513
vn -0.342721 -0.061136 -0.937446
vn -0.178505 -0.045598 -0.982882
vn 0.892568 -0.214268 0.396752
vn 0.864875 -0.320621 0.386256
vn 0.805956 -0.307957 0.505566
vn 0.805956 -0.307957 0.505566
vn 0.825402 -0.210054 0.524012
vn 0.892568 -0.214268 0.396752
vn 0.825402 -0.210054 0.524012
vn 0.805956 -0.307957 0.505566
vn 0.701232 -0.314619 0.639757
vn 0.701232 -0.314619 0.639757
vn 0.707519 -0.236346 0.666001
vn 0.825402 -0.210054 0.524012
vn 0.707519 -0.236346 0.666001
vn 0.701232 -0.314619 0.639757
vn 0.534467 -0.412762 0.737545
vn 0.534467 -0.412762 0.737545
vn 0.562258 -0.275403 0.779756
vn 0.707519 -0.236346 0.666001
vn 0.428151 -0.266232 0.863601
vn 0.562258 -0.275403 0.779756
vn 0.534467 -0.412762 0.737545
vn 0.409208 -0.408095 0.816093
vn 0.428151 -0.266232 0.863601
vn 0.409208 -0.408095 0.816093
vn 0.209800 -0.326394 0.921657
vn 0.209800 -0.326394 0.921657
vn 0.220255 -0.208890 0.952813
vn 0.428151 -0.266232 0.863601
vn 0.805956 -0.307957 0.505566
vn 0.848884 0.066775 0.524345
vn 0.743242 0.092533 0.662593
vn 0.743242 0.092533 0.662593
vn 0.701232 -0.314619 0.639757
vn 0.805956 -0.307957 0.505566
vn 0.701232 -0.314619 0.639757
vn 0.743242 0.092533 0.662593
vn 0.598812 0.054010 0.799066
vn 0.598812 0.054010 0.799066
vn 0.534467 -0.412762 0.737545
vn 0.701232 -0.314619 0.639757
vn 0.534467 -0.412762 0.737545
vn 0.598812 0.054010 0.799066
vn 0.419378 0.049095 0.906483
vn 0.419378 0.049095 0.906483
vn 0.409208 -0.408095 0.816093
vn 0.534467 -0.412762 0.737545
vn 0.409208 -0.408095 0.816093
vn 0.419378 0.049095 0.906483
vn 0.212127 0.133165 0.968127
vn 0.212127 0.133165 0.968127
vn 0.209800 -0.326394 0.921657
vn 0.409208 -0.408095 0.816093
vn 0.209800 -0.326394 0.921657
vn 0.212127 0.133165 0.968127
vn 0.134204 0.150283 0.979492
vn 0.134204 0.150283 0.979492
vn 0.126763 -0.327340 0.936365
vn 0.209800 -0.326394 0.921657
vn 0.609726 -0.055552 0.790663
vn 0.598812 0.054010 0.799066
vn 0.743242 0.092533 0.662593
vn 0.598812 0.054010 0.799066
vn 0.609726 -0.055552 0.790663
vn 0.403236 -0.028744 0.914645
vn 0.403236 -0.028744 0.914645
vn 0.419378 0.049095 0.906483
vn 0.598812 0.054010 0.799066
vn 0.419378 0.049095 0.906483
vn 0.403236 -0.028744 0.914645
vn 0.192529 0.044652 0.980275
vn 0.192529 0.044652 0.980275
vn 0.212127 0.133165 0.968127
vn 0.419378 0.049095 0.906483
vn 0.212127 0.133165 0.968127
vn 0.192529 0.044652 0.980275
vn 0.136689 0.049881 0.989357
vn 0.136689 0.049881 0.989357
vn 0.134204 0.150283 0.979492
vn 0.212127 0.133165 0.968127
vn 0.134204 0.150283 0.979492
vn 0.136689 0.049881 0.989357
vn 0.100798 -0.012982 0.994822
vn 0.100798 -0.012982 0.994822
vn 0.074996 0.142971 0.986881
vn 0.134204 0.150283 0.979492
vn 0.074996 0.142971 0.986881
vn 0.100798 -0.012982 0.994822
vn -0.083903 -0.033834 0.995899
vn 0.839491 -0.258684 -0.477847
vn 0.812290 -0.352878 -0.464395
vn 0.888553 -0.345234 -0.302138
vn 0.888553 -0.345234 -0.302138
vn 0.916522 -0.241834 -0.318597
vn 0.839491 -0.258684 -0.477847
vn 0.916522 -0.241834 -0.318597
vn 0.888553 -0.345234 -0.302138
vn 0.932230 -0.326494 -0.156042
vn 0.932230 -0.326494 -0.156042
vn 0.959550 -0.227474 -0.165890
vn 0.916522 -0.241834 -0.318597
vn 0.959550 -0.227474 -0.165890
vn 0.932230 -0.326494 -0.156042
vn 0.949811 -0.312733 -0.007568
vn 0.949811 -0.312733 -0.007568
vn 0.973360 -0.229279 -0.001523
vn 0.959550 -0.227474 -0.165890
vn 0.973360 -0.229279 -0.001523
vn 0.949811 -0.312733 -0.007568
vn 0.929140 -0.317060 0.190187
vn 0.929140 -0.317060 0.190187
vn 0.948166 -0.254554 0.190219
vn 0.973360 -0.229279 -0.001523
vn 0.948166 -0.254554 0.190219
vn 0.929140 -0.317060 0.190187
vn 0.864875 -0.320621 0.386256
vn 0.864875 -0.320621 0.386256
vn 0.892568 -0.214268 0.396752
vn 0.948166 -0.254554 0.190219
vn 0.888553 -0.345234 -0.302138
vn 0.949561 0.045811 -0.310218
vn 0.987183 0.033467 -0.156041
vn 0.987183 0.033467 -0.156041
vn 0.932230 -0.326494 -0.156042
vn 0.888553 -0.345234 -0.302138
vn 0.932230 -0.326494 -0.156042
vn 0.987183 0.033467 -0.156041
vn 0.998486 0.054898 -0.003365
vn 0.998486 0.054898 -0.003365
vn 0.949811 -0.312733 -0.007568
vn 0.932230 -0.326494 -0.156042
vn 0.949811 -0.312733 -0.007568
vn 0.998486 0.054898 -0.003365
vn 0.976170 0.092140 0.196476
vn 0.976170 0.092140 0.196476
vn 0.929140 -0.317060 0.190187
vn 0.949811 -0.312733 -0.007568
vn 0.929140 -0.317060 0.190187
vn 0.976170 0.092140 0.196476
vn 0.912471 0.070909 0.402950
vn 0.912471 0.070909 0.402950
vn 0.864875 -0.320621 0.386256
vn 0.929140 -0.317060 0.190187
vn 0.864875 -0.320621 0.386256
vn 0.912471 0.070909 0.402950
vn 0.848884 0.066775 0.524345
vn 0.848884 0.066775 0.524345
vn 0.805956 -0.307957 0.505566
vn 0.864875 -0.320621 0.386256
vn 0.999975 -0.005073 0.004994
vn 0.998486 0.054898 -0.003365
vn 0.987183 0.033467 -0.156041
vn 0.998486 0.054898 -0.003365
vn 0.999975 -0.005073 0.004994
vn 0.979376 -0.005011 0.201982
vn 0.979376 -0.005011 0.201982
vn 0.976170 0.092140 0.196476
vn 0.998486 0.054898 -0.003365
vn 0.976170 0.092140 0.196476
vn 0.979376 -0.005011 0.201982
vn 0.914114 0.005826 0.405415
vn 0.914114 0.005826 0.405415
vn 0.912471 0.070909 0.402950
vn 0.976170 0.092140 0.196476
vn 0.912471 0.070909 0.402950
vn 0.914114 0.005826 0.405415
vn 0.848040 0.005035 0.529908
vn 0.848040 0.005035 0.529908
vn 0.848884 0.066775 0.524345
vn 0.912471 0.070909 0.402950
vn 0.848884 0.066775 0.524345
vn 0.848040 0.005035 0.529908
vn 0.746899 -0.011011 0.664846
vn 0.746899 -0.011011 0.664846
vn 0.743242 0.092533 0.662593
vn 0.848884 0.066775 0.524345
vn 0.743242 0.092533 0.662593
vn 0.746899 -0.011011 0.664846
vn 0.609726 -0.055552 0.790663
vn 0.024322 -0.999687 0.005796
vn 0.106954 -0.986466 0.124284
vn 0.104813 -0.986211 0.128073
vn -0.497193 0.098823 -0.861994
vn -0.412293 0.632627 -0.655589
vn -0.245384 0.633052 -0.734188
vn -0.245384 0.633052 -0.734188
vn -0.302586 0.093956 -0.948480
vn -0.497193 0.098823 -0.861994
vn -0.302586 0.093956 -0.948480
vn -0.245384 0.633052 -0.734188
vn -0.068503 0.662407 -0.746006
vn -0.068503 0.662407 -0.746006
vn -0.120986 0.096830 -0.987920
vn -0.302586 0.093956 -0.948480
vn -0.120986 0.096830 -0.987920
vn -0.068503 0.662407 -0.746006
vn 0.022742 0.660364 -0.750601
vn 0.022742 0.660364 -0.750601
vn 0.029676 0.096882 -0.994853
vn -0.120986 0.096830 -0.987920
vn 0.029676 0.096882 -0.994853
vn 0.022742 0.660364 -0.750601
vn 0.170657 0.598378 -0.782828
vn 0.170657 0.598378 -0.782828
vn 0.184844 0.094051 -0.978257
vn 0.029676 0.096882 -0.994853
vn 0.340779 0.091511 -0.935679
vn 0.184844 0.094051 -0.978257
vn 0.170657 0.598378 -0.782828
vn 0.279982 0.600090 -0.749334
vn -0.190040 0.812209 -0.551544
vn -0.245384 0.633052 -0.734188
vn -0.412293 0.632627 -0.655589
vn -0.245384 0.633052 -0.734188
vn -0.190040 0.812209 -0.551544
vn -0.049363 0.796036 -0.603234
vn -0.049363 0.796036 -0.603234
vn -0.068503 0.662407 -0.746006
vn -0.245384 0.633052 -0.734188
vn 0.022742 0.660364 -0.750601
vn -0.068503 0.662407 -0.746006
vn -0.049363 0.796036 -0.603234
vn 0.024405 0.815446 -0.578318
vn 0.022742 0.660364 -0.750601
vn 0.024405 0.815446 -0.578318
vn 0.114150 0.832124 -0.542715
vn 0.114150 0.832124 -0.542715
vn 0.170657 0.598378 -0.782828
vn 0.022742 0.660364 -0.750601
vn 0.170657 0.598378 -0.782828
vn 0.114150 0.832124 -0.542715
vn 0.221555 0.813873 -0.537144
vn 0.221555 0.813873 -0.537144
vn 0.279982 0.600090 -0.749334
vn 0.170657 0.598378 -0.782828
vn 0.279982 0.600090 -0.749334
vn 0.221555 0.813873 -0.537144
vn 0.290386 0.819291 -0.494406
vn 0.034027 0.999123 -0.024389
vn 0.221555 0.813873 -0.537144
vn 0.114150 0.832124 -0.542715
vn 0.221555 0.813873 -0.537144
vn 0.034027 0.999123 -0.024389
vn 0.134263 0.969555 -0.204783
vn 0.134263 0.969555 -0.204783
vn 0.290386 0.819291 -0.494406
vn 0.221555 0.813873 -0.537144
vn 0.290386 0.819291 -0.494406
vn 0.134263 0.969555 -0.204783
vn 0.036328 0.999019 -0.025330
vn 0.036328 0.999019 -0.025330
vn 0.134263 0.969555 -0.204783
vn 0.034027 0.999123 -0.024389
vn 0.034027 0.999123 -0.024389
vn 0.052977 0.982230 -0.180050
vn -0.006015 0.999681 0.024547
vn -0.088942 0.993862 -0.065783
vn -0.323744 0.810980 -0.487341
vn -0.422536 0.811422 -0.403804
vn -0.323744 0.810980 -0.487341
vn -0.088942 0.993862 -0.065783
vn 0.011718 0.996082 0.087656
vn 0.011718 0.996082 0.087656
vn -0.190040 0.812209 -0.551544
vn -0.323744 0.810980 -0.487341
vn -0.190040 0.812209 -0.551544
vn 0.011718 0.996082 0.087656
vn -0.003828 0.993544 -0.113385
vn -0.003828 0.993544 -0.113385
vn -0.049363 0.796036 -0.603234
vn -0.190040 0.812209 -0.551544
vn -0.049363 0.796036 -0.603234
vn -0.003828 0.993544 -0.113385
vn -0.006015 0.999681 0.024547
vn -0.006015 0.999681 0.024547
vn 0.024405 0.815446 -0.578318
vn -0.049363 0.796036 -0.603234
vn 0.114150 0.832124 -0.542715
vn 0.024405 0.815446 -0.578318
vn -0.006015 0.999681 0.024547
vn 0.052977 0.982230 -0.180050
vn 0.114150 0.832124 -0.542715
vn 0.052977 0.982230 -0.180050
vn 0.034027 0.999123 -0.024389
vn 0.011718 0.996082 0.087656
vn -0.088942 0.993862 -0.065783
vn -0.008859 0.999576 0.027750
vn -0.006015 0.999681 0.024547
vn -0.003828 0.993544 -0.113385
vn 0.011718 0.996082 0.087656
vn -0.006015 0.999681 0.024547
vn 0.011718 0.996082 0.087656
vn -0.008859 0.999576 0.027750
vn -0.008859 0.999576 0.027750
vn -0.078386 0.996881 -0.009120
vn -0.012952 0.999904 0.004917
vn -0.078386 0.996881 -0.009120
vn -0.207848 0.977125 -0.045010
vn -0.012952 0.999904 0.004917
vn -0.008859 0.999576 0.027750
vn -0.189349 0.976541 -0.102539
vn -0.078386 0.996881 -0.009120
vn -0.012952 0.999904 0.004917
vn -0.582254 0.808981 -0.080809
vn -0.564776 0.825026 0.018965
vn -0.582254 0.808981 -0.080809
vn -0.012952 0.999904 0.004917
vn -0.207848 0.977125 -0.045010
vn -0.207848 0.977125 -0.045010
vn -0.564748 0.808394 -0.166006
vn -0.582254 0.808981 -0.080809
vn -0.564748 0.808394 -0.166006
vn -0.207848 0.977125 -0.045010
vn -0.078386 0.996881 -0.009120
vn -0.078386 0.996881 -0.009120
vn -0.530709 0.807071 -0.258814
vn -0.564748 0.808394 -0.166006
vn -0.530709 0.807071 -0.258814
vn -0.078386 0.996881 -0.009120
vn -0.189349 0.976541 -0.102539
vn -0.189349 0.976541 -0.102539
vn -0.479468 0.812675 -0.331164
vn -0.530709 0.807071 -0.258814
vn -0.479468 0.812675 -0.331164
vn -0.189349 0.976541 -0.102539
vn -0.008859 0.999576 0.027750
vn -0.008859 0.999576 0.027750
vn -0.422536 0.811422 -0.403804
vn -0.479468 0.812675 -0.331164
vn -0.422536 0.811422 -0.403804
vn -0.008859 0.999576 0.027750
vn -0.088942 0.993862 -0.065783
vn -0.564748 0.808394 -0.166006
vn -0.743175 0.628683 -0.229017
vn -0.768434 0.630075 -0.111871
vn -0.743175 0.628683 -0.229017
vn -0.564748 0.808394 -0.166006
vn -0.530709 0.807071 -0.258814
vn -0.530709 0.807071 -0.258814
vn -0.695688 0.625729 -0.352820
vn -0.743175 0.628683 -0.229017
vn -0.695688 0.625729 -0.352820
vn -0.530709 0.807071 -0.258814
vn -0.479468 0.812675 -0.331164
vn -0.479468 0.812675 -0.331164
vn -0.626021 0.636982 -0.449835
vn -0.695688 0.625729 -0.352820
vn -0.626021 0.636982 -0.449835
vn -0.479468 0.812675 -0.331164
vn -0.422536 0.811422 -0.403804
vn -0.422536 0.811422 -0.403804
vn -0.544319 0.634632 -0.548597
vn -0.626021 0.636982 -0.449835
vn -0.544319 0.634632 -0.548597
vn -0.422536 0.811422 -0.403804
vn -0.323744 0.810980 -0.487341
vn -0.323744 0.810980 -0.487341
vn -0.412293 0.632627 -0.655589
vn -0.544319 0.634632 -0.548597
vn -0.412293 0.632627 -0.655589
vn -0.323744 0.810980 -0.487341
vn -0.190040 0.812209 -0.551544
vn -0.996966 0.075501 0.018918
vn -0.783086 0.621683 0.016909
vn -0.768434 0.630075 -0.111871
vn -0.768434 0.630075 -0.111871
vn -0.985052 0.087849 -0.148172
vn -0.996966 0.075501 0.018918
vn -0.985052 0.087849 -0.148172
vn -0.768434 0.630075 -0.111871
vn -0.743175 0.628683 -0.229017
vn -0.743175 0.628683 -0.229017
vn -0.946077 0.092745 -0.310381
vn -0.985052 0.087849 -0.148172
vn -0.946077 0.092745 -0.310381
vn -0.743175 0.628683 -0.229017
vn -0.695688 0.625729 -0.352820
vn -0.695688 0.625729 -0.352820
vn -0.877539 0.086474 -0.471644
vn -0.946077 0.092745 -0.310381
vn -0.877539 0.086474 -0.471644
vn -0.695688 0.625729 -0.352820
vn -0.626021 0.636982 -0.449835
vn -0.626021 0.636982 -0.449835
vn -0.797847 0.098603 -0.594742
vn -0.877539 0.086474 -0.471644
vn -0.797847 0.098603 -0.594742
vn -0.626021 0.636982 -0.449835
vn -0.544319 0.634632 -0.548597
vn -0.544319 0.634632 -0.548597
vn -0.673380 0.105427 -0.731741
vn -0.797847 0.098603 -0.594742
vn -0.673380 0.105427 -0.731741
vn -0.544319 0.634632 -0.548597
vn -0.412293 0.632627 -0.655589
vn -0.412293 0.632627 -0.655589
vn -0.497193 0.098823 -0.861994
vn -0.673380 0.105427 -0.731741
vn 0.008913 -0.999912 -0.009805
vn -0.008778 -0.999909 0.010275
vn 0.024322 -0.999687 0.005796
vn -0.279857 0.877093 0.390370
vn -0.838514 0.225727 -0.495925
vn -0.768027 0.400081 -0.500069
vn -0.768027 0.400081 -0.500069
vn -0.369509 0.913995 0.167561
vn -0.279857 0.877093 0.390370
vn -0.436325 0.893813 0.103533
vn -0.369509 0.913995 0.167561
vn -0.768027 0.400081 -0.500069
vn -0.758454 0.479564 -0.441323
vn -0.436325 0.893813 0.103533
vn -0.758454 0.479564 -0.441323
vn -0.958505 0.126602 -0.255422
vn -0.958505 0.126602 -0.255422
vn -0.523418 0.685482 0.506110
vn -0.436325 0.893813 0.103533
vn -0.523418 0.685482 0.506110
vn -0.958505 0.126602 -0.255422
vn -0.985166 -0.155843 -0.071846
vn -0.985166 -0.155843 -0.071846
vn -0.501974 0.435353 0.747321
vn -0.523418 0.685482 0.506110
vn -0.501974 0.435353 0.747321
vn -0.985166 -0.155843 -0.071846
vn -0.968339 -0.206648 -0.140060
vn -0.968339 -0.206648 -0.140060
vn -0.424803 0.447427 0.786989
vn -0.501974 0.435353 0.747321
vn 0.118167 0.154543 0.980894
vn -0.622918 -0.780177 -0.057425
vn -0.882213 -0.462175 -0.089966
vn -0.882213 -0.462175 -0.089966
vn -0.058240 0.397945 0.915559
vn 0.118167 0.154543 0.980894
vn -0.058240 0.397945 0.915559
vn -0.882213 -0.462175 -0.089966
vn -0.952421 -0.291324 -0.089585
vn -0.952421 -0.291324 -0.089585
vn -0.253127 0.424524 0.869313
vn -0.058240 0.397945 0.915559
vn -0.253127 0.424524 0.869313
vn -0.952421 -0.291324 -0.089585
vn -0.968456 -0.234965 -0.082972
vn -0.968456 -0.234965 -0.082972
vn -0.429847 0.403242 0.807854
vn -0.253127 0.424524 0.869313
vn -0.429847 0.403242 0.807854
vn -0.968456 -0.234965 -0.082972
vn -0.969355 -0.209695 -0.127983
vn -0.969355 -0.209695 -0.127983
vn -0.311680 0.492179 0.812783
vn -0.429847 0.403242 0.807854
vn -0.311680 0.492179 0.812783
vn -0.969355 -0.209695 -0.127983
vn -0.978997 -0.102497 -0.176235
vn -0.978997 -0.102497 -0.176235
vn -0.311632 0.573500 0.757617
vn -0.311680 0.492179 0.812783
vn 0.706643 -0.330242 0.625776
vn 0.699970 -0.378311 0.605742
vn 0.792714 -0.384644 0.472920
vn 0.792714 -0.384644 0.472920
vn 0.809574 -0.341574 0.477406
vn 0.706643 -0.330242 0.625776
vn 0.809574 -0.341574 0.477406
vn 0.792714 -0.384644 0.472920
vn 0.872434 -0.366632 0.323172
vn 0.872434 -0.366632 0.323172
vn 0.880523 -0.346383 0.323570
vn 0.809574 -0.341574 0.477406
vn 0.880523 -0.346383 0.323570
vn 0.872434 -0.366632 0.323172
vn 0.914755 -0.362389 0.178599
vn 0.914755 -0.362389 0.178599
vn 0.912796 -0.366892 0.179424
vn 0.880523 -0.346383 0.323570
vn 0.912796 -0.366892 0.179424
vn 0.914755 -0.362389 0.178599
vn 0.924600 -0.380592 0.016273
vn 0.924600 -0.380592 0.016273
vn 0.920063 -0.391047 0.023802
vn 0.912796 -0.366892 0.179424
vn 0.920063 -0.391047 0.023802
vn 0.924600 -0.380592 0.016273
vn 0.907717 -0.392693 -0.147790
vn 0.907717 -0.392693 -0.147790
vn 0.919990 -0.360593 -0.153596
vn 0.920063 -0.391047 0.023802
vn 0.978930 -0.018034 0.203398
vn 0.912796 -0.366892 0.179424
vn 0.920063 -0.391047 0.023802
vn 0.912796 -0.366892 0.179424
vn 0.978930 -0.018034 0.203398
vn 0.936346 0.018403 0.350596
vn 0.936346 0.018403 0.350596
vn 0.880523 -0.346383 0.323570
vn 0.912796 -0.366892 0.179424
vn 0.880523 -0.346383 0.323570
vn 0.936346 0.018403 0.350596
vn 0.860688 0.052486 0.506420
vn 0.860688 0.052486 0.506420
vn 0.809574 -0.341574 0.477406
vn 0.880523 -0.346383 0.323570
vn 0.809574 -0.341574 0.477406
vn 0.860688 0.052486 0.506420
vn 0.739729 0.079714 0.668166
vn 0.739729 0.079714 0.668166
vn 0.706643 -0.330242 0.625776
vn 0.809574 -0.341574 0.477406
vn 0.706643 -0.330242 0.625776
vn 0.739729 0.079714 0.668166
vn 0.601878 0.125445 0.788674
vn 0.601878 0.125445 0.788674
vn 0.600455 -0.280692 0.748776
vn 0.706643 -0.330242 0.625776
vn 0.600455 -0.280692 0.748776
vn 0.601878 0.125445 0.788674
vn 0.453111 0.180995 0.872887
vn 0.929086 -0.081752 0.360715
vn 0.936346 0.018403 0.350596
vn 0.978930 -0.018034 0.203398
vn 0.936346 0.018403 0.350596
vn 0.929086 -0.081752 0.360715
vn 0.849650 -0.032811 0.526325
vn 0.849650 -0.032811 0.526325
vn 0.860688 0.052486 0.506420
vn 0.936346 0.018403 0.350596
vn 0.860688 0.052486 0.506420
vn 0.849650 -0.032811 0.526325
vn 0.738734 -0.019609 0.673712
vn 0.738734 -0.019609 0.673712
vn 0.739729 0.079714 0.668166
vn 0.860688 0.052486 0.506420
vn 0.739729 0.079714 0.668166
vn 0.738734 -0.019609 0.673712
vn 0.589460 0.027066 0.807344
vn 0.589460 0.027066 0.807344
vn 0.601878 0.125445 0.788674
vn 0.739729 0.079714 0.668166
vn 0.601878 0.125445 0.788674
vn 0.589460 0.027066 0.807344
vn 0.447128 0.057354 0.892629
vn 0.447128 0.057354 0.892629
vn 0.453111 0.180995 0.872887
vn 0.601878 0.125445 0.788674
vn 0.453111 0.180995 0.872887
vn 0.447128 0.057354 0.892629
vn 0.268301 0.061430 0.961374
vn 0.238887 -0.063189 0.968989
vn 0.100256 -0.058077 0.993265
vn 0.099447 0.097817 0.990223
vn 0.099447 0.097817 0.990223
vn 0.268301 0.061430 0.961374
vn 0.238887 -0.063189 0.968989
vn 0.439484 -0.087258 0.894002
vn 0.238887 -0.063189 0.968989
vn 0.268301 0.061430 0.961374
vn 0.268301 0.061430 0.961374
vn 0.447128 0.057354 0.892629
vn 0.439484 -0.087258 0.894002
vn 0.583197 -0.088851 0.807457
vn 0.439484 -0.087258 0.894002
vn 0.447128 0.057354 0.892629
vn 0.447128 0.057354 0.892629
vn 0.589460 0.027066 0.807344
vn 0.583197 -0.088851 0.807457
vn 0.725165 -0.114244 0.679032
vn 0.583197 -0.088851 0.807457
vn 0.589460 0.027066 0.807344
vn 0.589460 0.027066 0.807344
vn 0.738734 -0.019609 0.673712
vn 0.725165 -0.114244 0.679032
vn 0.837430 -0.112414 0.534859
vn 0.725165 -0.114244 0.679032
vn 0.738734 -0.019609 0.673712
vn 0.738734 -0.019609 0.673712
vn 0.849650 -0.032811 0.526325
vn 0.837430 -0.112414 0.534859
vn 0.439484 -0.087258 0.894002
vn 0.583197 -0.088851 0.807457
vn 0.562258 -0.275403 0.779756
vn 0.707519 -0.236346 0.666001
vn 0.562258 -0.275403 0.779756
vn 0.583197 -0.088851 0.807457
vn 0.583197 -0.088851 0.807457
vn 0.725165 -0.114244 0.679032
vn 0.707519 -0.236346 0.666001
vn 0.825402 -0.210054 0.524012
vn 0.707519 -0.236346 0.666001
vn 0.725165 -0.114244 0.679032
vn 0.725165 -0.114244 0.679032
vn 0.837430 -0.112414 0.534859
vn 0.825402 -0.210054 0.524012
vn 0.892568 -0.214268 0.396752
vn 0.825402 -0.210054 0.524012
vn 0.837430 -0.112414 0.534859
vn 0.837430 -0.112414 0.534859
vn 0.913441 -0.140458 0.381964
vn 0.892568 -0.214268 0.396752
vn 0.948166 -0.254554 0.190219
vn 0.892568 -0.214268 0.396752
vn 0.913441 -0.140458 0.381964
vn 0.913441 -0.140458 0.381964
vn 0.969527 -0.162623 0.183227
vn 0.948166 -0.254554 0.190219
vn 0.973360 -0.229279 -0.001523
vn 0.948166 -0.254554 0.190219
vn 0.969527 -0.162623 0.183227
vn 0.913441 -0.140458 0.381964
vn 0.837430 -0.112414 0.534859
vn 0.849650 -0.032811 0.526325
vn 0.849650 -0.032811 0.526325
vn 0.929086 -0.081752 0.360715
vn 0.913441 -0.140458 0.381964
vn 0.969527 -0.162623 0.183227
vn 0.913441 -0.140458 0.381964
vn 0.929086 -0.081752 0.360715
vn 0.929086 -0.081752 0.360715
vn 0.977991 -0.076678 0.194049
vn 0.969527 -0.162623 0.183227
vn 0.991016 -0.133736 -0.001590
vn 0.969527 -0.162623 0.183227
vn 0.977991 -0.076678 0.194049
vn 0.977991 -0.076678 0.194049
vn 0.999328 -0.033894 0.013941
vn 0.991016 -0.133736 -0.001590
vn 0.975980 -0.125117 -0.178351
vn 0.991016 -0.133736 -0.001590
vn 0.999328 -0.033894 0.013941
vn 0.999328 -0.033894 0.013941
vn 0.985288 -0.019651 -0.169767
vn 0.975980 -0.125117 -0.178351
vn 0.934192 -0.125645 -0.333913
vn 0.975980 -0.125117 -0.178351
vn 0.985288 -0.019651 -0.169767
vn 0.985288 -0.019651 -0.169767
vn 0.944532 -0.009520 -0.328280
vn 0.934192 -0.125645 -0.333913
vn 0.934192 -0.125645 -0.333913
vn 0.944532 -0.009520 -0.328280
vn 0.871510 -0.016309 -0.490106
vn 0.872900 0.049115 -0.485422
vn 0.871510 -0.016309 -0.490106
vn 0.944532 -0.009520 -0.328280
vn 0.944532 -0.009520 -0.328280
vn 0.945133 0.036244 -0.324670
vn 0.872900 0.049115 -0.485422
vn 0.945133 0.036244 -0.324670
vn 0.944532 -0.009520 -0.328280
vn 0.985288 -0.019651 -0.169767
vn 0.985288 -0.019651 -0.169767
vn 0.986365 0.023872 -0.162833
vn 0.945133 0.036244 -0.324670
vn 0.986365 0.023872 -0.162833
vn 0.985288 -0.019651 -0.169767
vn 0.999328 -0.033894 0.013941
vn 0.999328 -0.033894 0.013941
vn 0.999671 -0.006776 0.024747
vn 0.986365 0.023872 -0.162833
vn 0.999671 -0.006776 0.024747
vn 0.999328 -0.033894 0.013941
vn 0.977991 -0.076678 0.194049
vn 0.977991 -0.076678 0.194049
vn 0.978930 -0.018034 0.203398
vn 0.999671 -0.006776 0.024747
vn 0.978930 -0.018034 0.203398
vn 0.977991 -0.076678 0.194049
vn 0.929086 -0.081752 0.360715
vn 0.871510 -0.016309 -0.490106
vn 0.860681 -0.129684 -0.492351
vn 0.934192 -0.125645 -0.333913
vn 0.787817 -0.008523 -0.615850
vn 0.871510 -0.016309 -0.490106
vn 0.872900 0.049115 -0.485422
vn 0.872900 0.049115 -0.485422
vn 0.792494 0.095329 -0.602384
vn 0.787817 -0.008523 -0.615850
vn 0.792494 0.095329 -0.602384
vn 0.872900 0.049115 -0.485422
vn 0.812888 -0.351518 -0.464378
vn 0.812888 -0.351518 -0.464378
vn 0.872900 0.049115 -0.485422
vn 0.945133 0.036244 -0.324670
vn 0.945133 0.036244 -0.324670
vn 0.877220 -0.365648 -0.311105
vn 0.812888 -0.351518 -0.464378
vn 0.877220 -0.365648 -0.311105
vn 0.945133 0.036244 -0.324670
vn 0.986365 0.023872 -0.162833
vn 0.986365 0.023872 -0.162833
vn 0.919990 -0.360593 -0.153596
vn 0.877220 -0.365648 -0.311105
vn 0.919990 -0.360593 -0.153596
vn 0.986365 0.023872 -0.162833
vn 0.999671 -0.006776 0.024747
vn 0.999671 -0.006776 0.024747
vn 0.920063 -0.391047 0.023802
vn 0.919990 -0.360593 -0.153596
vn 0.920063 -0.391047 0.023802
vn 0.999671 -0.006776 0.024747
vn 0.978930 -0.018034 0.203398
vn 0.969527 -0.162623 0.183227
vn 0.991016 -0.133736 -0.001590
vn 0.973360 -0.229279 -0.001523
vn 0.959550 -0.227474 -0.165890
vn 0.973360 -0.229279 -0.001523
vn 0.991016 -0.133736 -0.001590
vn 0.991016 -0.133736 -0.001590
vn 0.975980 -0.125117 -0.178351
vn 0.959550 -0.227474 -0.165890
vn 0.916522 -0.241834 -0.318597
vn 0.959550 -0.227474 -0.165890
vn 0.975980 -0.125117 -0.178351
vn 0.975980 -0.125117 -0.178351
vn 0.934192 -0.125645 -0.333913
vn 0.916522 -0.241834 -0.318597
vn 0.839491 -0.258684 -0.477847
vn 0.916522 -0.241834 -0.318597
vn 0.934192 -0.125645 -0.333913
vn 0.934192 -0.125645 -0.333913
vn 0.860681 -0.129684 -0.492351
vn 0.839491 -0.258684 -0.477847
vn 0.839491 -0.258684 -0.477847
vn 0.860681 -0.129684 -0.492351
vn 0.774086 -0.124537 -0.620710
vn 0.774086 -0.124537 -0.620710
vn 0.860681 -0.129684 -0.492351
vn 0.871510 -0.016309 -0.490106
vn 0.871510 -0.016309 -0.490106
vn 0.787817 -0.008523 -0.615850
vn 0.774086 -0.124537 -0.620710
vn 0.787817 -0.008523 -0.615850
vn 0.625001 -0.020583 -0.780353
vn 0.601782 -0.109048 -0.791181
vn 0.426945 -0.097484 -0.899008
vn 0.445514 -0.183683 -0.876229
vn 0.601782 -0.109048 -0.791181
vn 0.625001 -0.020583 -0.780353
vn 0.275421 -0.173950 -0.945455
vn 0.445514 -0.183683 -0.876229
vn 0.426945 -0.097484 -0.899008
vn 0.420997 -0.304650 -0.854371
vn 0.445514 -0.183683 -0.876229
vn 0.275421 -0.173950 -0.945455
vn 0.275421 -0.173950 -0.945455
vn 0.259765 -0.311229 -0.914144
vn 0.420997 -0.304650 -0.854371
vn 0.453589 0.123130 -0.882664
vn 0.420997 -0.304650 -0.854371
vn 0.259765 -0.311229 -0.914144
vn 0.259765 -0.311229 -0.914144
vn 0.277059 0.127027 -0.952419
vn 0.453589 0.123130 -0.882664
vn 0.455134 0.021442 -0.890165
vn 0.453589 0.123130 -0.882664
vn 0.277059 0.127027 -0.952419
vn 0.277059 0.127027 -0.952419
vn 0.276940 0.025449 -0.960550
vn 0.455134 0.021442 -0.890165
vn -0.938010 -0.075625 0.338258
vn -0.866043 -0.070243 0.495011
vn -0.855197 -0.177749 0.486872
vn -0.766646 -0.200604 0.609928
vn -0.855197 -0.177749 0.486872
vn -0.866043 -0.070243 0.495011
vn -0.866043 -0.070243 0.495011
vn -0.779864 -0.065685 0.622494
vn -0.766646 -0.200604 0.609928
vn -0.660707 -0.188710 0.726536
vn -0.766646 -0.200604 0.609928
vn -0.779864 -0.065685 0.622494
vn -0.779864 -0.065685 0.622494
vn -0.668342 -0.053234 0.741947
vn -0.660707 -0.188710 0.726536
vn -0.479576 -0.198020 0.854866
vn -0.660707 -0.188710 0.726536
vn -0.668342 -0.053234 0.741947
vn -0.668342 -0.053234 0.741947
vn -0.464307 -0.085443 0.881543
vn -0.479576 -0.198020 0.854866
vn -0.241067 -0.235575 0.941483
vn -0.479576 -0.198020 0.854866
vn -0.464307 -0.085443 0.881543
vn -0.464307 -0.085443 0.881543
vn -0.231733 -0.108158 0.966748
vn -0.241067 -0.235575 0.941483
vn -0.077297 -0.271202 0.959414
vn -0.241067 -0.235575 0.941483
vn -0.231733 -0.108158 0.966748
vn 0.023607 0.075766 0.996846
vn 0.017428 0.083589 0.996348
vn 0.168882 0.082469 0.982180
vn 0.017428 0.083589 0.996348
vn 0.023607 0.075766 0.996846
vn -0.177534 0.086492 0.980306
vn -0.197892 0.072611 0.977531
vn -0.177534 0.086492 0.980306
vn 0.023607 0.075766 0.996846
vn -0.177534 0.086492 0.980306
vn -0.197892 0.072611 0.977531
vn -0.373444 0.088254 0.923445
vn -0.373444 0.088254 0.923445
vn -0.340443 0.106602 0.934203
vn -0.177534 0.086492 0.980306
vn -0.340443 0.106602 0.934203
vn -0.373444 0.088254 0.923445
vn -0.528288 0.106225 0.842394
vn -0.528288 0.106225 0.842394
vn -0.512013 0.130652 0.848983
vn -0.340443 0.106602 0.934203
vn -0.512013 0.130652 0.848983
vn -0.528288 0.106225 0.842394
vn -0.666084 0.109919 0.737733
vn -0.666084 0.109919 0.737733
vn -0.658986 0.148634 0.737323
vn -0.512013 0.130652 0.848983
vn -0.658986 0.148634 0.737323
vn -0.666084 0.109919 0.737733
vn -0.779783 0.110496 0.616222
vn 0.273124 0.032429 0.961432
vn 0.131129 0.040892 0.990522
vn 0.123621 0.041482 0.991462
vn 0.131129 0.040892 0.990522
vn 0.273124 0.032429 0.961432
vn 0.265689 0.293058 0.918437
vn 0.265689 0.293058 0.918437
vn 0.135440 0.248208 0.959192
vn 0.131129 0.040892 0.990522
vn 0.155114 0.112485 0.981472
vn 0.135440 0.248208 0.959192
vn 0.265689 0.293058 0.918437
vn 0.135440 0.248208 0.959192
vn 0.155114 0.112485 0.981472
vn 0.008499 0.072011 0.997368
vn 0.017428 0.083589 0.996348
vn 0.008499 0.072011 0.997368
vn 0.155114 0.112485 0.981472
vn 0.008499 0.072011 0.997368
vn 0.017428 0.083589 0.996348
vn -0.140044 0.098349 0.985249
vn -0.177534 0.086492 0.980306
vn -0.140044 0.098349 0.985249
vn 0.017428 0.083589 0.996348
vn -0.140044 0.098349 0.985249
vn -0.177534 0.086492 0.980306
vn -0.340443 0.106602 0.934203
vn -0.340443 0.106602 0.934203
vn -0.262680 0.121775 0.957168
vn -0.140044 0.098349 0.985249
vn -0.497193 0.098823 -0.861994
vn -0.457997 0.134066 -0.878786
vn -0.659388 0.126155 -0.741143
vn -0.457997 0.134066 -0.878786
vn -0.497193 0.098823 -0.861994
vn -0.302586 0.093956 -0.948480
vn -0.302586 0.093956 -0.948480
vn -0.328811 0.136831 -0.934431
vn -0.457997 0.134066 -0.878786
vn -0.328811 0.136831 -0.934431
vn -0.302586 0.093956 -0.948480
vn -0.120986 0.096830 -0.987920
vn -0.120986 0.096830 -0.987920
vn -0.114565 0.130608 -0.984792
vn -0.328811 0.136831 -0.934431
vn -0.114565 0.130608 -0.984792
vn -0.120986 0.096830 -0.987920
vn 0.029676 0.096882 -0.994853
vn 0.029676 0.096882 -0.994853
vn 0.059303 0.128591 -0.989923
vn -0.114565 0.130608 -0.984792
vn 0.059303 0.128591 -0.989923
vn 0.029676 0.096882 -0.994853
vn 0.184844 0.094051 -0.978257
vn 0.184844 0.094051 -0.978257
vn 0.203999 0.131214 -0.970138
vn 0.059303 0.128591 -0.989923
vn 0.203999 0.131214 -0.970138
vn 0.184844 0.094051 -0.978257
vn 0.340779 0.091511 -0.935679
vn 0.340779 0.091511 -0.935679
vn 0.320833 0.145471 -0.935898
vn 0.203999 0.131214 -0.970138
vn 0.320833 0.145471 -0.935898
vn 0.340779 0.091511 -0.935679
vn 0.478129 0.107798 -0.871649
vn 0.478129 0.107798 -0.871649
vn 0.479959 0.172289 -0.860207
vn 0.320833 0.145471 -0.935898
vn 0.479959 0.172289 -0.860207
vn 0.478129 0.107798 -0.871649
vn 0.612126 0.120193 -0.781572
vn 0.612126 0.120193 -0.781572
vn 0.593970 0.174758 -0.785277
vn 0.479959 0.172289 -0.860207
vn 0.593970 0.174758 -0.785277
vn 0.612126 0.120193 -0.781572
vn 0.751777 0.125624 -0.647341
vn 0.131731 0.989060 0.066382
vn 0.442541 0.819928 0.363147
vn 0.510607 0.815128 0.273582
vn 0.442541 0.819928 0.363147
vn 0.131731 0.989060 0.066382
vn -0.030437 0.996862 -0.073068
vn -0.030437 0.996862 -0.073068
vn 0.370182 0.817265 0.441636
vn 0.442541 0.819928 0.363147
vn 0.370182 0.817265 0.441636
vn -0.030437 0.996862 -0.073068
vn 0.015692 0.999492 0.027749
vn 0.015692 0.999492 0.027749
vn 0.285320 0.813891 0.506137
vn 0.370182 0.817265 0.441636
vn 0.285320 0.813891 0.506137
vn 0.015692 0.999492 0.027749
vn -0.010724 0.999722 -0.021017
vn -0.010724 0.999722 -0.021017
vn 0.179290 0.806926 0.562784
vn 0.285320 0.813891 0.506137
vn 0.179290 0.806926 0.562784
vn -0.010724 0.999722 -0.021017
vn -0.054628 0.991050 0.121803
vn -0.054628 0.991050 0.121803
vn 0.048391 0.799359 0.598902
vn 0.179290 0.806926 0.562784
vn 0.048391 0.799359 0.598902
vn -0.054628 0.991050 0.121803
vn -0.072728 0.994893 0.069991
vn 0.354194 -0.876384 0.326341
vn 0.276466 -0.897613 0.343305
vn -0.630709 -0.241645 -0.737437
vn -0.630709 -0.241645 -0.737437
vn -0.744313 -0.197195 -0.638054
vn 0.354194 -0.876384 0.326341
vn 0.394550 -0.861135 0.320588
vn 0.354194 -0.876384 0.326341
vn -0.744313 -0.197195 -0.638054
vn -0.744313 -0.197195 -0.638054
vn -0.836345 -0.177127 -0.518800
vn 0.394550 -0.861135 0.320588
vn 0.434203 -0.863309 0.257227
vn 0.394550 -0.861135 0.320588
vn -0.836345 -0.177127 -0.518800
vn -0.836345 -0.177127 -0.518800
vn -0.907366 -0.174994 -0.382183
vn 0.434203 -0.863309 0.257227
vn 0.517467 -0.840707 0.159498
vn 0.434203 -0.863309 0.257227
vn -0.907366 -0.174994 -0.382183
vn -0.907366 -0.174994 -0.382183
vn -0.952123 -0.201622 -0.229805
vn 0.517467 -0.840707 0.159498
vn 0.495208 -0.865162 0.079141
vn 0.517467 -0.840707 0.159498
vn -0.952123 -0.201622 -0.229805
vn -0.952123 -0.201622 -0.229805
vn -0.974015 -0.220939 -0.049798
vn 0.495208 -0.865162 0.079141
vn 0.503391 -0.864010 -0.009188
vn 0.495208 -0.865162 0.079141
vn -0.974015 -0.220939 -0.049798
vn -0.974015 -0.220939 -0.049798
vn -0.956750 -0.263850 0.122525
vn 0.503391 -0.864010 -0.009188
vn 0.490976 -0.859929 -0.139517
vn 0.503391 -0.864010 -0.009188
vn -0.956750 -0.263850 0.122525
vn -0.956750 -0.263850 0.122525
vn -0.871514 -0.420943 0.251536
vn 0.490976 -0.859929 -0.139517
vn 0.476980 -0.841848 -0.252550
vn 0.490976 -0.859929 -0.139517
vn -0.871514 -0.420943 0.251536
vn -0.871514 -0.420943 0.251536
vn -0.756555 -0.496731 0.425303
vn 0.476980 -0.841848 -0.252550
vn 0.455334 -0.818016 -0.351456
vn 0.476980 -0.841848 -0.252550
vn -0.756555 -0.496731 0.425303
vn -0.756555 -0.496731 0.425303
vn -0.681127 -0.395528 0.616136
vn 0.455334 -0.818016 -0.351456
vn 0.378785 -0.825310 -0.418792
vn 0.455334 -0.818016 -0.351456
vn -0.681127 -0.395528 0.616136
vn -0.681127 -0.395528 0.616136
vn -0.610308 -0.299408 0.733402
vn 0.378785 -0.825310 -0.418792
vn 0.305577 -0.817635 -0.487951
vn 0.378785 -0.825310 -0.418792
vn -0.610308 -0.299408 0.733402
vn -0.610308 -0.299408 0.733402
vn -0.493627 -0.293621 0.818608
vn 0.305577 -0.817635 -0.487951
vn 0.203516 -0.823260 -0.529928
vn 0.305577 -0.817635 -0.487951
vn -0.493627 -0.293621 0.818608
vn -0.493627 -0.293621 0.818608
vn -0.337632 -0.311051 0.888399
vn 0.203516 -0.823260 -0.529928
vn 0.070923 -0.831555 -0.550895
vn 0.203516 -0.823260 -0.529928
vn -0.337632 -0.311051 0.888399
vn -0.337632 -0.311051 0.888399
vn -0.173317 -0.338630 0.924819
vn 0.070923 -0.831555 -0.550895
vn -0.086946 -0.819637 -0.566247
vn 0.070923 -0.831555 -0.550895
vn -0.173317 -0.338630 0.924819
vn -0.173317 -0.338630 0.924819
vn 0.037513 -0.370430 0.928102
vn -0.086946 -0.819637 -0.566247
vn -0.215457 -0.829127 -0.515874
vn -0.086946 -0.819637 -0.566247
vn 0.037513 -0.370430 0.928102
vn 0.037513 -0.370430 0.928102
vn 0.242850 -0.388855 0.888716
vn -0.215457 -0.829127 -0.515874
vn -0.245058 -0.817133 -0.521766
vn -0.215457 -0.829127 -0.515874
vn 0.242850 -0.388855 0.888716
vn 0.242850 -0.388855 0.888716
vn 0.347065 -0.332694 0.876847
vn -0.245058 -0.817133 -0.521766
vn -0.227203 -0.882695 -0.411373
vn -0.245058 -0.817133 -0.521766
vn 0.347065 -0.332694 0.876847
vn 0.347065 -0.332694 0.876847
vn 0.417357 -0.267538 0.868468
vn -0.227203 -0.882695 -0.411373
vn -0.249375 -0.896601 -0.365949
vn -0.227203 -0.882695 -0.411373
vn 0.417357 -0.267538 0.868468
vn 0.417357 -0.267538 0.868468
vn 0.560543 -0.245989 0.790747
vn -0.249375 -0.896601 -0.365949
vn -0.338524 -0.867899 -0.363529
vn -0.249375 -0.896601 -0.365949
vn 0.560543 -0.245989 0.790747
vn 0.560543 -0.245989 0.790747
vn 0.708137 -0.251850 0.659632
vn -0.338524 -0.867899 -0.363529
vn -0.394631 -0.875487 -0.278908
vn -0.338524 -0.867899 -0.363529
vn 0.708137 -0.251850 0.659632
vn 0.708137 -0.251850 0.659632
vn 0.827772 -0.276566 0.488165
vn -0.394631 -0.875487 -0.278908
vn -0.450846 -0.872757 -0.187172
vn -0.394631 -0.875487 -0.278908
vn 0.827772 -0.276566 0.488165
vn 0.827772 -0.276566 0.488165
vn 0.899897 -0.255195 0.353639
vn -0.450846 -0.872757 -0.187172
vn -0.536331 -0.839379 -0.088273
vn -0.450846 -0.872757 -0.187172
vn 0.899897 -0.255195 0.353639
vn 0.899897 -0.255195 0.353639
vn 0.952238 -0.237264 0.192218
vn -0.536331 -0.839379 -0.088273
vn -0.546464 -0.836887 0.031577
vn -0.536331 -0.839379 -0.088273
vn 0.952238 -0.237264 0.192218
vn 0.952238 -0.237264 0.192218
vn 0.972361 -0.233470 -0.002434
vn -0.546464 -0.836887 0.031577
vn -0.544275 -0.832682 0.102007
vn -0.546464 -0.836887 0.031577
vn 0.972361 -0.233470 -0.002434
vn 0.972361 -0.233470 -0.002434
vn 0.957680 -0.237540 -0.162555
vn -0.544275 -0.832682 0.102007
vn -0.506844 -0.845170 0.169699
vn -0.544275 -0.832682 0.102007
vn 0.957680 -0.237540 -0.162555
vn 0.957680 -0.237540 -0.162555
vn 0.833451 -0.506575 -0.220775
vn -0.506844 -0.845170 0.169699
vn 0.579535 -0.724541 -0.373067
vn -0.475841 -0.849493 0.227896
vn -0.506844 -0.845170 0.169699
vn 0.833451 -0.506575 -0.220775
vn -0.369008 -0.858012 0.357279
vn -0.475841 -0.849493 0.227896
vn 0.579535 -0.724541 -0.373067
vn 0.579535 -0.724541 -0.373067
vn 0.510556 -0.735451 -0.445471
vn -0.369008 -0.858012 0.357279
vn -0.320956 -0.838704 0.439959
vn -0.369008 -0.858012 0.357279
vn 0.510556 -0.735451 -0.445471
vn 0.510556 -0.735451 -0.445471
vn 0.578181 -0.256766 -0.774454
vn -0.320956 -0.838704 0.439959
vn -0.235452 -0.827127 0.510317
vn -0.320956 -0.838704 0.439959
vn 0.578181 -0.256766 -0.774454
vn 0.578181 -0.256766 -0.774454
vn 0.436152 -0.240218 -0.867218
vn -0.235452 -0.827127 0.510317
vn -0.098757 -0.836610 0.538824
vn -0.235452 -0.827127 0.510317
vn 0.436152 -0.240218 -0.867218
vn 0.436152 -0.240218 -0.867218
vn 0.269491 -0.244443 -0.931462
vn -0.098757 -0.836610 0.538824
vn -0.063140 -0.821142 0.567221
vn -0.098757 -0.836610 0.538824
vn 0.269491 -0.244443 -0.931462
vn 0.269491 -0.244443 -0.931462
vn 0.148066 -0.237196 -0.960112
vn -0.063140 -0.821142 0.567221
vn -0.013708 -0.873755 0.486173
vn -0.063140 -0.821142 0.567221
vn 0.148066 -0.237196 -0.960112
vn 0.148066 -0.237196 -0.960112
vn 0.033834 -0.255930 -0.966103
vn -0.013708 -0.873755 0.486173
vn 0.097218 -0.909246 0.404746
vn -0.013708 -0.873755 0.486173
vn 0.033834 -0.255930 -0.966103
vn 0.033834 -0.255930 -0.966103
vn -0.118100 -0.268547 -0.955999
vn 0.097218 -0.909246 0.404746
vn 0.186512 -0.906659 0.378395
vn 0.097218 -0.909246 0.404746
vn -0.118100 -0.268547 -0.955999
vn -0.118100 -0.268547 -0.955999
vn -0.302752 -0.270468 -0.913886
vn 0.186512 -0.906659 0.378395
vn 0.224200 -0.903361 0.365614
vn 0.186512 -0.906659 0.378395
vn -0.302752 -0.270468 -0.913886
vn -0.302752 -0.270468 -0.913886
vn -0.483553 -0.264917 -0.834263
vn 0.224200 -0.903361 0.365614
vn 0.276466 -0.897613 0.343305
vn 0.224200 -0.903361 0.365614
vn -0.483553 -0.264917 -0.834263
vn -0.483553 -0.264917 -0.834263
vn -0.630709 -0.241645 -0.737437
vn 0.276466 -0.897613 0.343305
vn -0.381277 0.262648 0.886366
vn -0.287473 -0.038251 0.957025
vn 0.720815 0.236783 0.651429
vn 0.720815 0.236783 0.651429
vn 0.671841 0.549423 0.496753
vn -0.381277 0.262648 0.886366
vn -0.233883 0.061476 0.970319
vn -0.381277 0.262648 0.886366
vn 0.671841 0.549423 0.496753
vn 0.671841 0.549423 0.496753
vn 0.619088 0.665926 0.416261
vn -0.233883 0.061476 0.970319
vn 0.266578 -0.242379 0.932839
vn -0.233883 0.061476 0.970319
vn 0.619088 0.665926 0.416261
vn 0.619088 0.665926 0.416261
vn 0.434628 0.816227 0.380620
vn 0.266578 -0.242379 0.932839
vn 0.450826 -0.285894 0.845589
vn 0.266578 -0.242379 0.932839
vn 0.434628 0.816227 0.380620
vn 0.434628 0.816227 0.380620
vn 0.228857 0.883541 0.408631
vn 0.450826 -0.285894 0.845589
vn 0.673907 -0.071540 0.735344
vn 0.450826 -0.285894 0.845589
vn 0.228857 0.883541 0.408631
vn 0.228857 0.883541 0.408631
vn 0.220416 0.818111 0.531142
vn 0.673907 -0.071540 0.735344
vn 0.671841 0.549423 0.496753
vn 0.720815 0.236783 0.651429
vn 0.918540 -0.261164 -0.296778
vn 0.918540 -0.261164 -0.296778
vn 0.839951 0.139042 -0.524547
vn 0.671841 0.549423 0.496753
vn 0.619088 0.665926 0.416261
vn 0.671841 0.549423 0.496753
vn 0.839951 0.139042 -0.524547
vn 0.839951 0.139042 -0.524547
vn 0.634403 0.463636 -0.618526
vn 0.619088 0.665926 0.416261
vn 0.434628 0.816227 0.380620
vn 0.619088 0.665926 0.416261
vn 0.634403 0.463636 -0.618526
vn 0.634403 0.463636 -0.618526
vn 0.101479 0.792547 -0.601308
vn 0.434628 0.816227 0.380620
vn 0.228857 0.883541 0.408631
vn 0.434628 0.816227 0.380620
vn 0.101479 0.792547 -0.601308
vn 0.101479 0.792547 -0.601308
vn -0.268312 0.849091 -0.455031
vn 0.228857 0.883541 0.408631
vn -0.575746 0.716497 -0.393889
vn 0.220416 0.818111 0.531142
vn 0.228857 0.883541 0.408631
vn -0.268312 0.849091 -0.455031
vn 0.839951 0.139042 -0.524547
vn 0.918540 -0.261164 -0.296778
vn -0.098551 -0.730215 -0.676072
vn -0.098551 -0.730215 -0.676072
vn -0.138371 -0.460474 -0.876822
vn 0.839951 0.139042 -0.524547
vn 0.634403 0.463636 -0.618526
vn 0.839951 0.139042 -0.524547
vn -0.138371 -0.460474 -0.876822
vn -0.138371 -0.460474 -0.876822
vn -0.134792 -0.264230 -0.954994
vn 0.634403 0.463636 -0.618526
vn 0.101479 0.792547 -0.601308
vn 0.634403 0.463636 -0.618526
vn -0.134792 -0.264230 -0.954994
vn -0.134792 -0.264230 -0.954994
vn -0.362452 -0.281730 -0.888401
vn 0.101479 0.792547 -0.601308
vn -0.268312 0.849091 -0.455031
vn 0.101479 0.792547 -0.601308
vn -0.362452 -0.281730 -0.888401
vn -0.362452 -0.281730 -0.888401
vn -0.496262 -0.203460 -0.843995
vn -0.268312 0.849091 -0.455031
vn -0.637546 0.005463 -0.770393
vn -0.575746 0.716497 -0.393889
vn -0.268312 0.849091 -0.455031
vn -0.496262 -0.203460 -0.843995
vn -0.138371 -0.460474 -0.876822
vn -0.098551 -0.730215 -0.676072
vn -0.742007 -0.666452 0.072579
vn -0.742007 -0.666452 0.072579
vn -0.890522 -0.439251 -0.118444
vn -0.138371 -0.460474 -0.876822
vn -0.134792 -0.264230 -0.954994
vn -0.138371 -0.460474 -0.876822
vn -0.890522 -0.439251 -0.118444
vn -0.890522 -0.439251 -0.118444
vn -0.759032 -0.641249 -0.112561
vn -0.134792 -0.264230 -0.954994
vn -0.362452 -0.281730 -0.888401
vn -0.134792 -0.264230 -0.954994
vn -0.759032 -0.641249 -0.112561
vn -0.759032 -0.641249 -0.112561
vn -0.339604 -0.906125 -0.252203
vn -0.362452 -0.281730 -0.888401
vn -0.207841 -0.940148 -0.270043
vn -0.496262 -0.203460 -0.843995
vn -0.362452 -0.281730 -0.888401
vn -0.339604 -0.906125 -0.252203
vn -0.637546 0.005463 -0.770393
vn -0.496262 -0.203460 -0.843995
vn -0.207841 -0.940148 -0.270043
vn -0.207841 -0.940148 -0.270043
vn 0.093369 -0.951727 -0.292399
vn -0.637546 0.005463 -0.770393
vn -0.890522 -0.439251 -0.118444
vn -0.742007 -0.666452 0.072579
vn -0.287473 -0.038251 0.957025
vn -0.287473 -0.038251 0.957025
vn -0.381277 0.262648 0.886366
vn -0.890522 -0.439251 -0.118444
vn -0.759032 -0.641249 -0.112561
vn -0.890522 -0.439251 -0.118444
vn -0.381277 0.262648 0.886366
vn -0.381277 0.262648 0.886366
vn -0.233883 0.061476 0.970319
vn -0.759032 -0.641249 -0.112561
vn -0.339604 -0.906125 -0.252203
vn -0.759032 -0.641249 -0.112561
vn -0.233883 0.061476 0.970319
vn -0.233883 0.061476 0.970319
vn 0.266578 -0.242379 0.932839
vn -0.339604 -0.906125 -0.252203
vn -0.207841 -0.940148 -0.270043
vn -0.339604 -0.906125 -0.252203
vn 0.266578 -0.242379 0.932839
vn 0.266578 -0.242379 0.932839
vn 0.450826 -0.285894 0.845589
vn -0.207841 -0.940148 -0.270043
vn 0.093369 -0.951727 -0.292399
vn -0.207841 -0.940148 -0.270043
vn 0.450826 -0.285894 0.845589
vn 0.450826 -0.285894 0.845589
vn 0.673907 -0.071540 0.735344
vn 0.093369 -0.951727 -0.292399
vn 0.291339 -0.810263 -0.508523
vn 0.093369 -0.951727 -0.292399
vn 0.673907 -0.071540 0.735344
vn 0.673907 -0.071540 0.735344
vn 0.813249 0.041655 0.580424
vn 0.291339 -0.810263 -0.508523
vn 0.386870 -0.517210 -0.763430
vn 0.291339 -0.810263 -0.508523
vn 0.813249 0.041655 0.580424
vn 0.813249 0.041655 0.580424
vn 0.935711 0.255342 0.243402
vn 0.386870 -0.517210 -0.763430
vn 0.417112 -0.390231 -0.820815
vn 0.386870 -0.517210 -0.763430
vn 0.935711 0.255342 0.243402
vn 0.935711 0.255342 0.243402
vn 0.930332 0.338105 0.142015
vn 0.417112 -0.390231 -0.820815
vn 0.440468 -0.298290 -0.846765
vn 0.417112 -0.390231 -0.820815
vn 0.930332 0.338105 0.142015
vn 0.930332 0.338105 0.142015
vn 0.922800 0.379379 0.067168
vn 0.440468 -0.298290 -0.846765
vn 0.511332 -0.096578 -0.853939
vn 0.440468 -0.298290 -0.846765
vn 0.922800 0.379379 0.067168
vn 0.922800 0.379379 0.067168
vn 0.898534 0.438785 0.010203
vn 0.511332 -0.096578 -0.853939
vn -0.725452 -0.145254 -0.672770
vn -0.637546 0.005463 -0.770393
vn 0.093369 -0.951727 -0.292399
vn 0.093369 -0.951727 -0.292399
vn 0.291339 -0.810263 -0.508523
vn -0.725452 -0.145254 -0.672770
vn -0.707317 -0.436400 -0.556110
vn -0.725452 -0.145254 -0.672770
vn 0.291339 -0.810263 -0.508523
vn 0.291339 -0.810263 -0.508523
vn 0.386870 -0.517210 -0.763430
vn -0.707317 -0.436400 -0.556110
vn -0.648089 -0.520915 -0.555543
vn -0.707317 -0.436400 -0.556110
vn 0.386870 -0.517210 -0.763430
vn 0.386870 -0.517210 -0.763430
vn 0.417112 -0.390231 -0.820815
vn -0.648089 -0.520915 -0.555543
vn -0.658203 -0.544017 -0.520398
vn -0.648089 -0.520915 -0.555543
vn 0.417112 -0.390231 -0.820815
vn 0.417112 -0.390231 -0.820815
vn 0.440468 -0.298290 -0.846765
vn -0.658203 -0.544017 -0.520398
vn -0.667367 -0.550323 -0.501763
vn -0.658203 -0.544017 -0.520398
vn 0.440468 -0.298290 -0.846765
vn 0.440468 -0.298290 -0.846765
vn 0.511332 -0.096578 -0.853939
vn -0.667367 -0.550323 -0.501763
vn -0.725452 -0.145254 -0.672770
vn -0.848516 0.504928 -0.158331
vn -0.575746 0.716497 -0.393889
vn -0.637546 0.005463 -0.770393
vn -0.945331 0.166983 0.280117
vn -0.848516 0.504928 -0.158331
vn -0.725452 -0.145254 -0.672770
vn -0.725452 -0.145254 -0.672770
vn -0.707317 -0.436400 -0.556110
vn -0.945331 0.166983 0.280117
vn -0.908358 -0.004549 0.418168
vn -0.945331 0.166983 0.280117
vn -0.707317 -0.436400 -0.556110
vn -0.707317 -0.436400 -0.556110
vn -0.648089 -0.520915 -0.555543
vn -0.908358 -0.004549 0.418168
vn -0.873240 -0.086633 0.479527
vn -0.908358 -0.004549 0.418168
vn -0.648089 -0.520915 -0.555543
vn -0.648089 -0.520915 -0.555543
vn -0.658203 -0.544017 -0.520398
vn -0.873240 -0.086633 0.479527
vn -0.839890 -0.246916 0.483339
vn -0.873240 -0.086633 0.479527
vn -0.658203 -0.544017 -0.520398
vn -0.658203 -0.544017 -0.520398
vn -0.667367 -0.550323 -0.501763
vn -0.839890 -0.246916 0.483339
vn 0.152400 0.698064 0.699629
vn 0.220416 0.818111 0.531142
vn -0.575746 0.716497 -0.393889
vn -0.575746 0.716497 -0.393889
vn -0.848516 0.504928 -0.158331
vn 0.152400 0.698064 0.699629
vn 0.054904 0.594856 0.801955
vn 0.152400 0.698064 0.699629
vn -0.848516 0.504928 -0.158331
vn -0.848516 0.504928 -0.158331
vn -0.945331 0.166983 0.280117
vn 0.054904 0.594856 0.801955
vn 0.156534 0.541169 0.826216
vn 0.054904 0.594856 0.801955
vn -0.945331 0.166983 0.280117
vn -0.945331 0.166983 0.280117
vn -0.908358 -0.004549 0.418168
vn 0.156534 0.541169 0.826216
vn 0.138251 0.505932 0.851422
vn 0.156534 0.541169 0.826216
vn -0.908358 -0.004549 0.418168
vn -0.908358 -0.004549 0.418168
vn -0.873240 -0.086633 0.479527
vn 0.138251 0.505932 0.851422
vn 0.107859 0.401699 0.909398
vn 0.138251 0.505932 0.851422
vn -0.873240 -0.086633 0.479527
vn -0.873240 -0.086633 0.479527
vn -0.839890 -0.246916 0.483339
vn 0.107859 0.401699 0.909398
vn 0.152400 0.698064 0.699629
vn 0.813249 0.041655 0.580424
vn 0.673907 -0.071540 0.735344
vn 0.220416 0.818111 0.531142
vn 0.935711 0.255342 0.243402
vn 0.813249 0.041655 0.580424
vn 0.152400 0.698064 0.699629
vn 0.152400 0.698064 0.699629
vn 0.054904 0.594856 0.801955
vn 0.935711 0.255342 0.243402
vn 0.930332 0.338105 0.142015
vn 0.935711 0.255342 0.243402
vn 0.054904 0.594856 0.801955
vn 0.054904 0.594856 0.801955
vn 0.156534 0.541169 0.826216
vn 0.930332 0.338105 0.142015
vn 0.922800 0.379379 0.067168
vn 0.930332 0.338105 0.142015
vn 0.156534 0.541169 0.826216
vn 0.156534 0.541169 0.826216
vn 0.138251 0.505932 0.851422
vn 0.922800 0.379379 0.067168
vn 0.898534 0.438785 0.010203
vn 0.922800 0.379379 0.067168
vn 0.138251 0.505932 0.851422
vn 0.138251 0.505932 0.851422
vn 0.107859 0.401699 0.909398
vn 0.898534 0.438785 0.010203
vn 0.834213 0.541037 -0.106616
vn 0.898534 0.438785 0.010203
vn 0.107859 0.401699 0.909398
vn 0.107859 0.401699 0.909398
vn 0.135756 0.323151 0.936560
vn 0.834213 0.541037 -0.106616
vn 0.755473 0.638908 -0.145112
vn 0.834213 0.541037 -0.106616
vn 0.135756 0.323151 0.936560
vn 0.135756 0.323151 0.936560
vn 0.192928 0.372115 0.907915
vn 0.755473 0.638908 -0.145112
vn 0.698804 0.682890 -0.212919
vn 0.755473 0.638908 -0.145112
vn 0.192928 0.372115 0.907915
vn 0.192928 0.372115 0.907915
vn 0.264266 0.469181 0.842634
vn 0.698804 0.682890 -0.212919
vn 0.642757 0.717970 -0.267175
vn 0.698804 0.682890 -0.212919
vn 0.264266 0.469181 0.842634
vn 0.264266 0.469181 0.842634
vn 0.261221 0.476854 0.839270
vn 0.642757 0.717970 -0.267175
vn 0.561665 0.818638 -0.119846
vn 0.642757 0.717970 -0.267175
vn 0.261221 0.476854 0.839270
vn 0.261221 0.476854 0.839270
vn 0.226161 0.417661 0.880006
vn 0.561665 0.818638 -0.119846
vn 0.575437 0.007021 0.817816
vn 0.586181 0.148490 0.796456
vn 0.722887 0.143977 0.675800
vn 0.722887 0.143977 0.675800
vn 0.586181 0.148490 0.796456
vn 0.615818 -0.044049 0.786656
vn 0.615818 -0.044049 0.786656
vn 0.750019 -0.079493 0.656622
vn 0.722887 0.143977 0.675800
vn 0.750019 -0.079493 0.656622
vn 0.615818 -0.044049 0.786656
vn 0.615894 -0.212487 0.758633
vn 0.615894 -0.212487 0.758633
vn 0.737494 -0.195010 0.646586
vn 0.750019 -0.079493 0.656622
vn 0.730305 0.051620 0.681168
vn 0.737494 -0.195010 0.646586
vn 0.615894 -0.212487 0.758633
vn 0.737494 -0.195010 0.646586
vn 0.730305 0.051620 0.681168
vn 0.830737 0.054544 0.553987
vn 0.833755 0.151393 0.530974
vn 0.830737 0.054544 0.553987
vn 0.730305 0.051620 0.681168
vn 0.830737 0.054544 0.553987
vn 0.833755 0.151393 0.530974
vn 0.910013 0.154546 0.384696
vn -0.122659 0.978618 -0.165111
vn 0.910013 0.154546 0.384696
vn 0.833755 0.151393 0.530974
vn 0.383009 0.016372 -0.923600
vn 0.370321 -0.085430 -0.924967
vn 0.532043 -0.092964 -0.841598
vn 0.532043 -0.092964 -0.841598
vn 0.537613 0.012274 -0.843102
vn 0.383009 0.016372 -0.923600
vn 0.383009 0.016372 -0.923600
vn 0.537613 0.012274 -0.843102
vn 0.525747 0.167071 -0.834073
vn 0.651265 0.198491 -0.732431
vn 0.525747 0.167071 -0.834073
vn 0.537613 0.012274 -0.843102
vn 0.403119 -0.662938 -0.630879
vn 0.525747 0.167071 -0.834073
vn 0.651265 0.198491 -0.732431
vn 0.525747 0.167071 -0.834073
vn 0.403119 -0.662938 -0.630879
vn 0.309685 -0.663783 -0.680799
vn 0.309685 -0.663783 -0.680799
vn 0.377221 0.172156 -0.909982
vn 0.525747 0.167071 -0.834073
vn 0.525747 0.167071 -0.834073
vn 0.377221 0.172156 -0.909982
vn 0.383009 0.016372 -0.923600
vn 0.197725 0.050517 -0.978955
vn 0.383009 0.016372 -0.923600
vn 0.377221 0.172156 -0.909982
vn 0.370321 -0.085430 -0.924967
vn 0.383009 0.016372 -0.923600
vn 0.197725 0.050517 -0.978955
vn -0.008778 -0.999909 0.010275
vn 0.129991 -0.991377 0.016573
vn 0.024322 -0.999687 0.005796
vn 0.048147 -0.972578 -0.227538
vn 0.049909 -0.956437 -0.287641
vn -0.136687 -0.696579 0.704340
vn -0.136687 -0.696579 0.704340
vn -0.265687 -0.696488 0.666569
vn 0.048147 -0.972578 -0.227538
vn 0.111153 -0.974524 -0.194801
vn 0.048147 -0.972578 -0.227538
vn -0.265687 -0.696488 0.666569
vn -0.265687 -0.696488 0.666569
vn -0.285030 -0.820428 0.495637
vn 0.111153 -0.974524 -0.194801
vn -0.357967 -0.814185 0.457124
vn 0.084701 -0.987921 -0.129760
vn 0.111153 -0.974524 -0.194801
vn -0.285030 -0.820428 0.495637
vn 0.227016 -0.959505 -0.166777
vn 0.084701 -0.987921 -0.129760
vn -0.357967 -0.814185 0.457124
vn -0.357967 -0.814185 0.457124
vn -0.541232 -0.695731 0.472257
vn 0.227016 -0.959505 -0.166777
vn 0.189625 -0.972250 -0.137010
vn 0.227016 -0.959505 -0.166777
vn -0.541232 -0.695731 0.472257
vn -0.541232 -0.695731 0.472257
vn -0.603017 -0.733009 0.314751
vn 0.189625 -0.972250 -0.137010
vn 0.049909 -0.956437 -0.287641
vn 0.048147 -0.972578 -0.227538
vn 0.008913 -0.999912 -0.009805
vn 0.048147 -0.972578 -0.227538
vn 0.111153 -0.974524 -0.194801
vn 0.008913 -0.999912 -0.009805
vn 0.092590 -0.990516 -0.101514
vn 0.008913 -0.999912 -0.009805
vn 0.111153 -0.974524 -0.194801
vn 0.111153 -0.974524 -0.194801
vn 0.084701 -0.987921 -0.129760
vn 0.092590 -0.990516 -0.101514
vn 0.084701 -0.987921 -0.129760
vn 0.227016 -0.959505 -0.166777
vn 0.092590 -0.990516 -0.101514
vn -0.008778 -0.999909 0.010275
vn 0.092590 -0.990516 -0.101514
vn 0.227016 -0.959505 -0.166777
vn 0.227016 -0.959505 -0.166777
vn 0.189625 -0.972250 -0.137010
vn -0.008778 -0.999909 0.010275
vn 0.189625 -0.972250 -0.137010
vn 0.250198 -0.966474 -0.057691
vn -0.008778 -0.999909 0.010275
vn 0.129991 -0.991377 0.016573
vn -0.008778 -0.999909 0.010275
vn 0.250198 -0.966474 -0.057691
vn 0.250198 -0.966474 -0.057691
vn 0.238627 -0.970972 -0.016437
vn 0.129991 -0.991377 0.016573
vn 0.008913 -0.999912 -0.009805
vn 0.092590 -0.990516 -0.101514
vn -0.008778 -0.999909 0.010275
vn 0.001826 -0.999933 -0.011422
vn -0.068210 -0.986934 -0.145977
vn -0.014071 -0.996329 -0.084445
vn 0.001826 -0.999933 -0.011422
vn -0.014071 -0.996329 -0.084445
vn 0.008913 -0.999912 -0.009805
vn -0.014071 -0.996329 -0.084445
vn 0.003275 -0.984185 -0.177114
vn 0.008913 -0.999912 -0.009805
s off
g bucket3
usemtl blinn7SG
f 1595/2592/3319 3054/2593/3320 3130/2594/3321
f 1598/2595/3322 1597/2596/3323 1596/2597/3324
f 1597/2596/3325 1598/2595/3326 1599/2598/3327
f 1600/2599/3328 1599/2598/3329 1598/2595/3330
f 1599/2598/3331 1600/2599/3332 1601/2600/3333
f 1602/2601/3334 1601/2600/3335 1600/2599/3336
f 1601/2600/3337 1602/2601/3338 1603/2602/3339
f 1604/2603/3340 1603/2602/3341 1602/2601/3342
f 1603/2602/3343 1604/2603/3344 1605/2604/3345
f 1596/2597/3346 1606/2605/3347 1598/2595/3348
f 1607/2606/3349 1598/2595/3350 1606/2605/3351
f 1598/2595/3352 1607/2606/3353 1600/2599/3354
f 1608/2607/3355 1600/2599/3356 1607/2606/3357
f 1600/2599/3358 1608/2607/3359 1602/2601/3360
f 1609/2608/3361 1602/2601/3362 1608/2607/3363
f 1602/2601/3364 1609/2608/3365 1604/2603/3366
f 1606/2605/3367 1733/2609/3368 1607/2606/3369
f 1610/2610/3370 1607/2606/3371 1733/2609/3372
f 1607/2606/3373 1610/2610/3374 1608/2607/3375
f 1650/2611/3376 1608/2607/3377 1610/2610/3378
f 1608/2607/3379 1650/2611/3380 1609/2608/3381
f 1733/2609/3382 1732/2612/3383 1610/2610/3384
f 1611/2613/3385 1610/2610/3386 1732/2612/3387
f 1610/2610/3388 1611/2613/3389 1650/2611/3390
f 1732/2612/3391 1612/2614/3392 1611/2613/3393
f 1615/2615/3394 1614/2616/3395 1613/2617/3396
f 1613/2617/3397 1616/2618/3398 1615/2615/3399
f 1618/2619/3400 1616/2618/3401 1617/2620/3402
f 1619/2621/3403 1617/2620/3404 1616/2618/3405
f 1616/2618/3406 1613/2617/3407 1619/2621/3408
f 1619/2621/3409 1613/2617/3410 1620/2622/3411
f 1621/2623/3412 1620/2622/3413 1613/2617/3414
f 1613/2617/3415 1614/2616/3416 1621/2623/3417
f 1622/2624/3418 1621/2623/3419 1614/2616/3420
f 1614/2616/3421 1623/2625/3422 1622/2624/3423
f 1624/2626/3424 1623/2625/3425 1614/2616/3426
f 1614/2616/3427 1615/2615/3428 1624/2626/3429
f 1626/2627/3430 1625/2628/3431 1620/2622/3432
f 1620/2622/3433 1621/2623/3434 1626/2627/3435
f 1627/2629/3436 1626/2627/3437 1621/2623/3438
f 1621/2623/3439 1622/2624/3440 1627/2629/3441
f 1628/2630/3442 1627/2629/3443 1622/2624/3444
f 1622/2624/3445 1629/2631/3446 1628/2630/3447
f 1629/2631/3448 1622/2624/3449 1623/2625/3450
f 1623/2625/3451 1630/2632/3452 1629/2631/3453
f 1631/2633/3454 1630/2632/3455 1623/2625/3456
f 1623/2625/3457 1624/2626/3458 1631/2633/3459
f 1633/2634/3460 1632/2635/3461 1628/2630/3462
f 1628/2630/3463 1634/2636/3464 1633/2634/3465
f 1634/2636/3466 1628/2630/3467 1629/2631/3468
f 1629/2631/3469 1635/2637/3470 1634/2636/3471
f 1635/2637/3472 1629/2631/3473 1630/2632/3474
f 1630/2632/3475 1636/2638/3476 1635/2637/3477
f 1637/2639/3478 1636/2638/3479 1630/2632/3480
f 1630/2632/3481 1631/2633/3482 1637/2639/3483
f 1638/2640/3484 1637/2639/3485 1631/2633/3486
f 1631/2633/3487 1639/2641/3488 1638/2640/3489
f 1642/2642/3490 1641/2643/3491 1640/2644/3492
f 1640/2644/3493 1632/2635/3494 1642/2642/3495
f 1643/2645/3496 1642/2642/3497 1632/2635/3498
f 1632/2635/3499 1633/2634/3500 1643/2645/3501
f 1644/2646/3502 1643/2645/3503 1633/2634/3504
f 1633/2634/3505 1645/2647/3506 1644/2646/3507
f 1645/2647/3508 1633/2634/3509 1634/2636/3510
f 1634/2636/3511 1646/2648/3512 1645/2647/3513
f 1646/2648/3514 1634/2636/3515 1635/2637/3516
f 1635/2637/3517 1647/2649/3518 1646/2648/3519
f 1649/2650/3520 1648/2651/3521 1641/2643/3522
f 1641/2643/3523 1642/2642/3524 1649/2650/3525
f 1730/2652/3526 1649/2650/3527 1642/2642/3528
f 1642/2642/3529 1643/2645/3530 1730/2652/3531
f 1731/2653/3532 1730/2652/3533 1643/2645/3534
f 1643/2645/3535 1644/2646/3536 1731/2653/3537
f 1611/2654/3538 1612/2655/3539 1731/2653/3540 1644/2646/3541
f 1611/2654/3542 1644/2646/3543 1645/2647/3544
f 1645/2647/3545 1650/2656/3546 1611/2654/3547
f 1650/2656/3548 1645/2647/3549 1646/2648/3550
f 1646/2648/3551 1609/2657/3552 1650/2656/3553
f 1609/2657/3554 1646/2648/3555 1647/2649/3556
f 1647/2649/3557 1604/2658/3558 1609/2657/3559
f 1605/2659/3560 1604/2658/3561 1647/2649/3562 1651/2660/3563
f 1701/2661/3564 1605/2659/3565 1651/2660/3566
f 1651/2660/3567 1652/2662/3568 1701/2661/3569
f 1700/2663/3570 1701/2661/3571 1652/2662/3572
f 1652/2662/3573 1653/2664/3574 1700/2663/3575
f 1647/2649/3576 1635/2637/3577 1636/2638/3578
f 1636/2638/3579 1651/2660/3580 1647/2649/3581
f 1652/2662/3582 1651/2660/3583 1636/2638/3584
f 1636/2638/3585 1637/2639/3586 1652/2662/3587
f 1653/2664/3588 1652/2662/3589 1637/2639/3590
f 1637/2639/3591 1638/2640/3592 1653/2664/3593
f 1655/2665/3594 1654/2666/3595 1653/2664/3596 1638/2640/3597
f 1656/2667/3598 1654/2666/3599 1655/2665/3600
f 1655/2665/3601 1657/2668/3602 1656/2667/3603
f 1658/2669/3604 1700/2663/3605 1653/2664/3606
f 1653/2664/3607 1654/2666/3608 1658/2669/3609
f 1659/2670/3610 1658/2669/3611 1654/2666/3612
f 1654/2666/3613 1656/2667/3614 1659/2670/3615
f 1660/2671/3616 1659/2670/3617 1656/2667/3618
f 1656/2667/3619 1661/2672/3620 1660/2671/3621
f 1688/2673/3622 1660/2671/3623 1661/2672/3624
f 1661/2672/3625 1689/2674/3626 1688/2673/3627
f 1689/2674/3628 1661/2672/3629 1662/2675/3630
f 1662/2675/3631 1690/2676/3632 1689/2674/3633
f 1661/2672/3634 1656/2667/3635 1657/2668/3636
f 1657/2668/3637 1662/2675/3638 1661/2672/3639
f 1662/2675/3640 1657/2668/3641 1663/2677/3642
f 1663/2677/3643 1664/2678/3644 1662/2675/3645
f 1664/2678/3646 1663/2677/3647 1665/2679/3648
f 1665/2679/3649 1666/2680/3650 1664/2678/3651
f 1666/2680/3652 1665/2679/3653 1667/2681/3654
f 1667/2681/3655 1668/2682/3656 1666/2680/3657
f 1668/2682/3658 1667/2681/3659 1669/2683/3660
f 1669/2683/3661 1670/2684/3662 1668/2682/3663
f 1690/2676/3664 1662/2675/3665 1664/2678/3666
f 1664/2678/3667 1671/2685/3668 1690/2676/3669
f 1671/2685/3670 1664/2678/3671 1666/2680/3672
f 1666/2680/3673 1676/2686/3674 1671/2685/3675
f 1676/2686/3676 1666/2680/3677 1668/2682/3678
f 1668/2682/3679 1675/2687/3680 1676/2686/3681
f 1675/2687/3682 1668/2682/3683 1670/2684/3684
f 1670/2684/3685 1672/2688/3686 1675/2687/3687
f 1680/2689/3688 1672/2688/3689 1670/2684/3690 1673/2690/3691
f 1674/2691/3692 1673/2690/3693 1670/2684/3694
f 1677/2692/3695 1676/2693/3696 1675/2694/3697
f 1675/2694/3698 1678/2695/3699 1677/2692/3700
f 1678/2695/3701 1675/2694/3702 1672/2688/3703
f 1672/2688/3704 1679/2696/3705 1678/2695/3706
f 1672/2688/3707 1680/2689/3708 1679/2696/3709
f 1680/2689/3710 1673/2690/3711 1681/2697/3712
f 1682/2698/3713 1681/2697/3714 1673/2690/3715
f 1681/2697/3716 1682/2698/3717 1683/2699/3718
f 1684/2700/3719 1683/2699/3720 1682/2698/3721
f 1680/2689/3722 1685/2701/3723 1679/2696/3724
f 1685/2701/3725 1686/2702/3726 1679/2696/3727
f 1686/2702/3728 1687/2703/3729 1679/2696/3730
f 1687/2703/3731 1688/2704/3732 1679/2696/3733
f 1688/2704/3734 1689/2705/3735 1679/2696/3736
f 1689/2705/3737 1690/2706/3738 1679/2696/3739
f 1690/2706/3740 1671/2707/3741 1679/2696/3742
f 1679/2696/3743 1671/2707/3744 1676/2693/3745
f 1673/2690/3746 1674/2691/3747 1682/2698/3748
f 1691/2708/3749 1682/2698/3750 1674/2691/3751
f 1682/2698/3752 1691/2708/3753 1684/2700/3754
f 1692/2709/3755 1684/2700/3756 1691/2708/3757
f 1684/2700/3758 1692/2709/3759 1693/2710/3760
f 1694/2711/3761 1693/2710/3762 1692/2709/3763
f 1692/2709/3764 1695/2712/3765 1694/2711/3766
f 1696/2713/3767 1694/2711/3768 1695/2712/3769
f 1695/2712/3770 1697/2714/3771 1696/2713/3772
f 1696/2713/3773 1697/2714/3774 1698/2715/3775
f 1683/2699/3776 1684/2700/3777 1699/2716/3778
f 1693/2710/3779 1699/2716/3780 1684/2700/3781
f 1699/2716/3782 1693/2710/3783 1700/2717/3784
f 1701/2718/3785 1700/2717/3786 1693/2710/3787
f 1693/2710/3788 1694/2711/3789 1701/2718/3790
f 1605/2604/3791 1701/2718/3792 1694/2711/3793
f 1694/2711/3794 1696/2713/3795 1605/2604/3796
f 1605/2604/3797 1696/2713/3798 1603/2602/3799
f 1698/2715/3800 1603/2602/3801 1696/2713/3802
f 1603/2602/3803 1698/2715/3804 1601/2600/3805
f 1700/2717/3806 1658/2719/3807 1699/2716/3808
f 1702/2720/3809 1699/2716/3810 1658/2719/3811
f 1699/2716/3812 1702/2720/3813 1683/2699/3814
f 1703/2721/3815 1683/2699/3816 1702/2720/3817
f 1683/2699/3818 1703/2721/3819 1681/2697/3820
f 1685/2722/3821 1681/2697/3822 1703/2721/3823
f 1681/2697/3824 1685/2722/3825 1680/2689/3826
f 1658/2719/3827 1659/2723/3828 1702/2720/3829
f 1660/2724/3830 1704/2725/3831 1702/2720/3832 1659/2723/3833
f 1702/2720/3834 1704/2725/3835 1703/2721/3836
f 1686/2726/3837 1703/2721/3838 1704/2725/3839
f 1703/2721/3840 1686/2726/3841 1685/2722/3842
f 1688/2727/3843 1687/2728/3844 1704/2725/3845 1660/2724/3846
f 1704/2725/3847 1687/2728/3848 1686/2726/3849
f 1705/2729/3850 1624/2626/3851 1615/2615/3852
f 1615/2615/3853 1706/2730/3854 1705/2729/3855
f 1706/2730/3856 1615/2615/3857 1616/2618/3858
f 1616/2618/3859 1618/2619/3860 1706/2730/3861
f 1639/2641/3862 1631/2633/3863 1624/2626/3864
f 1624/2626/3865 1705/2729/3866 1639/2641/3867
f 1707/2731/3868 1639/2641/3869 1705/2729/3870
f 1705/2729/3871 1708/2732/3872 1707/2731/3873
f 1708/2732/3874 1705/2729/3875 1706/2730/3876
f 1706/2730/3877 1709/2733/3878 1708/2732/3879
f 1709/2733/3880 1706/2730/3881 1618/2619/3882
f 1618/2619/3883 1710/2734/3884 1709/2733/3885
f 1710/2734/3886 1618/2619/3887 1711/2735/3888
f 1617/2620/3889 1711/2735/3890 1618/2619/3891
f 1655/2665/3892 1638/2640/3893 1639/2641/3894
f 1639/2641/3895 1707/2731/3896 1655/2665/3897
f 1657/2668/3898 1655/2665/3899 1707/2731/3900
f 1707/2731/3901 1663/2677/3902 1657/2668/3903
f 1663/2677/3904 1707/2731/3905 1708/2732/3906
f 1708/2732/3907 1665/2679/3908 1663/2677/3909
f 1665/2679/3910 1708/2732/3911 1709/2733/3912
f 1709/2733/3913 1667/2681/3914 1665/2679/3915
f 1669/2683/3916 1667/2681/3917 1709/2733/3918 1710/2734/3919
f 1669/2683/3920 1710/2734/3921 1712/2736/3922
f 1711/2735/3923 1712/2736/3924 1710/2734/3925
f 1712/2736/3926 1711/2735/3927 1713/2737/3928
f 1714/2738/3929 1713/2737/3930 1711/2735/3931
f 1711/2735/3932 1617/2620/3933 1714/2738/3934
f 1715/2739/3935 1714/2738/3936 1617/2620/3937
f 1617/2620/3938 1619/2621/3939 1715/2739/3940
f 1715/2739/3941 1619/2621/3942 1716/2740/3943
f 1620/2622/3944 1716/2740/3945 1619/2621/3946
f 1716/2740/3947 1620/2622/3948 1625/2628/3949
f 1670/2684/3950 1669/2683/3951 1674/2691/3952
f 1712/2736/3953 1674/2691/3954 1669/2683/3955
f 1674/2691/3956 1712/2736/3957 1691/2708/3958
f 1713/2737/3959 1691/2708/3960 1712/2736/3961
f 1691/2708/3962 1713/2737/3963 1692/2709/3964
f 1695/2712/3965 1692/2709/3966 1713/2737/3967
f 1713/2737/3968 1714/2738/3969 1695/2712/3970
f 1697/2714/3971 1695/2712/3972 1714/2738/3973
f 1714/2738/3974 1715/2739/3975 1697/2714/3976
f 1697/2714/3977 1715/2739/3978 1717/2741/3979
f 1717/2741/3980 1698/2715/3981 1697/2714/3982
f 1698/2715/3983 1717/2741/3984 1718/2742/3985
f 1719/2743/3986 1718/2742/3987 1717/2741/3988
f 1718/2742/3989 1719/2743/3990 1720/2744/3991
f 1625/2628/3992 1721/2745/3993 1720/2744/3994 1719/2743/3995
f 1720/2744/3996 1721/2745/3997 1722/2746/3998
f 1723/2747/3999 1722/2746/4000 1721/2745/4001
f 1721/2745/4002 1724/2748/4003 1723/2747/4004
f 1641/2643/4005 1723/2747/4006 1724/2748/4007
f 1724/2748/4008 1640/2644/4009 1641/2643/4010
f 1718/2742/4011 1601/2600/4012 1698/2715/4013
f 1601/2600/4014 1718/2742/4015 1599/2598/4016
f 1720/2744/4017 1599/2598/4018 1718/2742/4019
f 1599/2598/4020 1720/2744/4021 1597/2596/4022
f 1722/2746/4023 1597/2596/4024 1720/2744/4025
f 1597/2596/4026 1722/2746/4027 1725/2749/4028
f 1726/2750/4029 1725/2749/4030 1722/2746/4031
f 1722/2746/4032 1723/2747/4033 1726/2750/4034
f 1648/2651/4035 1726/2750/4036 1723/2747/4037
f 1723/2747/4038 1641/2643/4039 1648/2651/4040
f 1728/2751/4041 1727/2752/4042 1725/2749/4043
f 1725/2749/4044 1726/2753/4045 1728/2751/4046
f 1729/2754/4047 1728/2751/4048 1726/2753/4049
f 1726/2753/4050 1648/2755/4051 1729/2754/4052
f 1648/2755/4053 1649/2756/4054 1727/2752/4055
f 1730/2757/4056 1727/2752/4057 1649/2756/4058
f 1731/2758/4059 1727/2752/4060 1730/2757/4061
f 1612/2759/4062 1727/2752/4063 1731/2758/4064
f 1732/2760/4065 1727/2752/4066 1612/2759/4067
f 1733/2761/4068 1727/2752/4069 1732/2760/4070
f 1606/2762/4071 1727/2752/4072 1733/2761/4073
f 1596/2597/4074 1727/2752/4075 1606/2762/4076
f 1725/2749/4077 1727/2752/4078 1596/2597/4079
f 1725/2749/4080 1596/2597/4081 1597/2596/4082
f 1716/2740/4083 1717/2741/4084 1715/2739/4085
f 1717/2741/4086 1716/2740/4087 1719/2743/4088
f 1625/2628/4089 1719/2743/4090 1716/2740/4091
f 1724/2748/4092 1721/2745/4093 1625/2628/4094
f 1625/2628/4095 1626/2627/4096 1724/2748/4097
f 1640/2644/4098 1724/2748/4099 1626/2627/4100
f 1626/2627/4101 1627/2629/4102 1640/2644/4103
f 1632/2635/4104 1640/2644/4105 1627/2629/4106
f 1627/2629/4107 1628/2630/4108 1632/2635/4109
f 1736/2763/4110 1735/2764/4111 1734/2765/4112
f 1737/2766/4113 1734/2765/4114 1735/2764/4115
f 1735/2764/4116 1738/2767/4117 1737/2766/4118
f 1739/2768/4119 1737/2766/4120 1738/2767/4121
f 1738/2767/4122 1740/2769/4123 1739/2768/4124
f 1741/2770/4125 1739/2768/4126 1740/2769/4127
f 1740/2769/4128 1742/2771/4129 1741/2770/4130
f 1743/2772/4131 1741/2770/4132 1742/2771/4133
f 1742/2771/4134 1744/2773/4135 1743/2772/4136
f 1745/2774/4137 1743/2772/4138 1744/2773/4139
f 1744/2773/4140 1746/2775/4141 1745/2774/4142
f 1747/2776/4143 1745/2774/4144 1746/2775/4145
f 1746/2775/4146 1748/2777/4147 1747/2776/4148
f 1751/2778/4149 1750/2779/4150 1749/2780/4151
f 1750/2779/4152 1751/2778/4153 1748/2777/4154
f 1748/2777/4155 1752/2781/4156 1750/2779/4157
f 1752/2781/4158 1748/2777/4159 1746/2775/4160
f 1746/2775/4161 1753/2782/4162 1752/2781/4163
f 1753/2782/4164 1746/2775/4165 1744/2773/4166
f 1744/2773/4167 1754/2783/4168 1753/2782/4169
f 1754/2783/4170 1744/2773/4171 1742/2771/4172
f 1742/2771/4173 1755/2784/4174 1754/2783/4175
f 1755/2784/4176 1742/2771/4177 1740/2769/4178
f 1749/2780/4179 1757/2785/4180 1756/2786/4181
f 1757/2785/4182 1749/2780/4183 1750/2779/4184
f 1750/2779/4185 1758/2787/4186 1757/2785/4187
f 1758/2787/4188 1750/2779/4189 1752/2781/4190
f 1752/2781/4191 1759/2788/4192 1758/2787/4193
f 1759/2788/4194 1752/2781/4195 1753/2782/4196
f 1753/2782/4197 1760/2789/4198 1759/2788/4199
f 1760/2789/4200 1753/2782/4201 1754/2783/4202
f 1754/2783/4203 1761/2790/4204 1760/2789/4205
f 3026/2791/4206 1761/2790/4207 1754/2783/4208 1755/2784/4209
f 1760/2789/4210 1763/2792/4211 1762/2793/4212
f 1762/2793/4213 1759/2788/4214 1760/2789/4215
f 1759/2788/4216 1762/2793/4217 1764/2794/4218
f 1764/2794/4219 1758/2787/4220 1759/2788/4221
f 1758/2787/4222 1764/2794/4223 1765/2795/4224
f 1765/2795/4225 1757/2785/4226 1758/2787/4227
f 1757/2785/4228 1765/2795/4229 1766/2796/4230
f 1766/2796/4231 1756/2786/4232 1757/2785/4233
f 1756/2786/4234 1766/2796/4235 1767/2797/4236
f 1767/2797/4237 1768/2798/4238 1756/2786/4239
f 1764/2794/4240 1770/2799/4241 1769/2800/4242
f 1769/2800/4243 1765/2795/4244 1764/2794/4245
f 1765/2795/4246 1769/2800/4247 1771/2801/4248
f 1771/2801/4249 1766/2796/4250 1765/2795/4251
f 1766/2796/4252 1771/2801/4253 1772/2802/4254
f 1772/2802/4255 1767/2797/4256 1766/2796/4257
f 1767/2797/4258 1772/2802/4259 1773/2803/4260
f 1773/2803/4261 1774/2804/4262 1767/2797/4263
f 1774/2804/4264 1773/2803/4265 1775/2805/4266
f 1775/2805/4267 1776/2806/4268 1774/2804/4269
f 1778/2807/4270 1777/2808/4271 1775/2805/4272
f 1775/2805/4273 1779/2809/4274 1778/2807/4275
f 1779/2809/4276 1775/2805/4277 1773/2803/4278
f 1773/2803/4279 1780/2810/4280 1779/2809/4281
f 1780/2810/4282 1773/2803/4283 1772/2802/4284
f 1772/2802/4285 1781/2811/4286 1780/2810/4287
f 1781/2811/4288 1772/2802/4289 1771/2801/4290
f 1771/2801/4291 1782/2812/4292 1781/2811/4293
f 1782/2812/4294 1771/2801/4295 1769/2800/4296
f 1769/2800/4297 1783/2813/4298 1782/2812/4299
f 1778/2807/4300 1779/2809/4301 1784/2814/4302
f 1785/2815/4303 1784/2814/4304 1779/2809/4305
f 1779/2809/4306 1780/2810/4307 1785/2815/4308
f 1786/2816/4309 1785/2815/4310 1780/2810/4311
f 1780/2810/4312 1781/2811/4313 1786/2816/4314
f 1787/2817/4315 1786/2816/4316 1781/2811/4317
f 1781/2811/4318 1782/2812/4319 1787/2817/4320
f 1789/2818/4321 1787/2817/4322 1788/2819/4323
f 1787/2817/4324 1789/2818/4325 1790/2820/4326
f 1790/2820/4327 1786/2816/4328 1787/2817/4329
f 1786/2816/4330 1790/2820/4331 1791/2821/4332
f 1791/2821/4333 1785/2815/4334 1786/2816/4335
f 1785/2815/4336 1791/2821/4337 1792/2822/4338
f 1792/2822/4339 1784/2814/4340 1785/2815/4341
f 1784/2814/4342 1792/2822/4343 1793/2823/4344
f 1793/2823/4345 1794/2824/4346 1784/2814/4347
f 1794/2824/4348 1793/2823/4349 1795/2825/4350
f 1797/2826/4351 1795/2825/4352 1796/2827/4353
f 1798/2828/4354 1796/2827/4355 1795/2825/4356
f 1795/2825/4357 1793/2823/4358 1798/2828/4359
f 1799/2829/4360 1798/2828/4361 1793/2823/4362
f 1793/2823/4363 1792/2822/4364 1799/2829/4365
f 1791/2821/4366 1800/2830/4367 1799/2829/4368 1792/2822/4369
f 1801/2831/4370 1800/2830/4371 1791/2821/4372
f 1791/2821/4373 1790/2820/4374 1801/2831/4375
f 1802/2832/4376 1801/2831/4377 1790/2820/4378
f 1805/2833/4379 1804/2834/4380 1803/2835/4381
f 1803/2835/4382 1802/2832/4383 1805/2833/4384
f 1802/2832/4385 1803/2835/4386 1806/2836/4387
f 1806/2836/4388 1801/2831/4389 1802/2832/4390
f 1801/2831/4391 1806/2836/4392 1807/2837/4393
f 1807/2837/4394 1800/2830/4395 1801/2831/4396
f 1800/2830/4397 1807/2837/4398 1808/2838/4399
f 1808/2838/4400 1799/2829/4401 1800/2830/4402
f 1799/2829/4403 1808/2838/4404 1809/2839/4405
f 1809/2839/4406 1798/2828/4407 1799/2829/4408
f 1812/2840/4409 1811/2841/4410 1810/2842/4411
f 1810/2842/4412 1809/2839/4413 1812/2840/4414
f 1813/2843/4415 1812/2840/4416 1809/2839/4417
f 1809/2839/4418 1808/2838/4419 1813/2843/4420
f 1814/2844/4421 1813/2843/4422 1808/2838/4423
f 1808/2838/4424 1807/2837/4425 1814/2844/4426
f 1815/2845/4427 1814/2844/4428 1807/2837/4429
f 1807/2837/4430 1806/2836/4431 1815/2845/4432
f 1816/2846/4433 1815/2845/4434 1806/2836/4435
f 1806/2836/4436 1803/2835/4437 1816/2846/4438
f 3418/2847/4439 3130/2848/4440 1817/2849/4441
f 1817/2849/4442 1811/2841/4443 3418/2847/4444
f 1811/2841/4445 1812/2840/4446 3418/2847/4447
f 1818/2850/4448 3418/2847/4449 1812/2840/4450
f 1812/2840/4451 1813/2843/4452 1818/2850/4453
f 1813/2843/4454 1814/2844/4455 1818/2850/4456
f 3419/2851/4457 1818/2850/4458 1814/2844/4459
f 1814/2844/4460 1815/2845/4461 3419/2851/4462
f 1815/2845/4463 1816/2846/4464 3419/2851/4465
f 3197/2852/4466 3419/2851/4467 1816/2846/4468
f 1821/2853/4469 1820/2854/4470 1819/2855/4471
f 1819/2855/4472 1822/2856/4473 1821/2853/4474
f 1823/2857/4475 1821/2853/4476 1822/2856/4477
f 1822/2856/4478 1824/2858/4479 1823/2857/4480
f 1825/2859/4481 1823/2857/4482 1824/2858/4483
f 1824/2858/4484 1826/2860/4485 1817/2849/4486 1825/2859/4487
f 1826/2860/4488 1827/2861/4489 1817/2849/4490
f 1810/2842/4491 1811/2841/4492 1817/2849/4493 1827/2861/4494
f 1798/2828/4495 1809/2839/4496 1810/2842/4497
f 1810/2842/4498 1796/2827/4499 1798/2828/4500
f 1796/2827/4501 1810/2842/4502 1827/2861/4503
f 1827/2861/4504 1828/2862/4505 1796/2827/4506
f 1828/2862/4507 1827/2861/4508 1826/2860/4509
f 1826/2860/4510 1829/2863/4511 1828/2862/4512
f 1829/2863/4513 1826/2860/4514 1824/2858/4515
f 1824/2858/4516 1830/2864/4517 1829/2863/4518
f 1830/2864/4519 1824/2858/4520 1822/2856/4521
f 1822/2856/4522 1831/2865/4523 1830/2864/4524
f 1834/2866/4525 1833/2867/4526 1832/2868/4527
f 1831/2865/4528 1832/2868/4529 1833/2867/4530
f 1833/2867/4531 1835/2869/4532 1831/2865/4533
f 1830/2864/4534 1831/2865/4535 1835/2869/4536
f 1835/2869/4537 1836/2870/4538 1830/2864/4539
f 1829/2863/4540 1830/2864/4541 1836/2870/4542
f 1836/2870/4543 1837/2871/4544 1829/2863/4545
f 1828/2862/4546 1829/2863/4547 1837/2871/4548
f 1837/2871/4549 1797/2826/4550 1828/2862/4551
f 1796/2827/4552 1828/2862/4553 1797/2826/4554
f 1795/2825/4555 1838/2872/4556 1794/2824/4557
f 1838/2872/4558 1795/2825/4559 1797/2826/4560
f 1797/2826/4561 1839/2873/4562 1838/2872/4563
f 1839/2873/4564 1797/2826/4565 1837/2871/4566
f 1837/2871/4567 1840/2874/4568 1839/2873/4569
f 1840/2874/4570 1837/2871/4571 1836/2870/4572
f 1836/2870/4573 1841/2875/4574 1840/2874/4575
f 1841/2875/4576 1836/2870/4577 1835/2869/4578
f 1835/2869/4579 1842/2876/4580 1841/2875/4581
f 1842/2876/4582 1835/2869/4583 1833/2867/4584
f 1844/2877/4585 1843/2878/4586 1841/2875/4587
f 1840/2874/4588 1841/2875/4589 1843/2878/4590
f 1843/2878/4591 1845/2879/4592 1840/2874/4593
f 1839/2873/4594 1840/2874/4595 1845/2879/4596
f 1845/2879/4597 1846/2880/4598 1839/2873/4599
f 1838/2872/4600 1839/2873/4601 1846/2880/4602
f 1846/2880/4603 1847/2881/4604 1838/2872/4605
f 1794/2824/4606 1838/2872/4607 1847/2881/4608
f 1847/2881/4609 1778/2807/4610 1794/2824/4611
f 1784/2814/4612 1794/2824/4613 1778/2807/4614
f 1844/2877/4615 1849/2882/4616 1848/2883/4617
f 1848/2883/4618 1843/2878/4619 1844/2877/4620
f 1843/2878/4621 1848/2883/4622 1850/2884/4623
f 1850/2884/4624 1845/2879/4625 1843/2878/4626
f 1845/2879/4627 1850/2884/4628 1851/2885/4629
f 1851/2885/4630 1846/2880/4631 1845/2879/4632
f 1846/2880/4633 1851/2885/4634 1852/2886/4635
f 1852/2886/4636 1847/2881/4637 1846/2880/4638
f 1847/2881/4639 1852/2886/4640 1777/2808/4641
f 1777/2808/4642 1778/2807/4643 1847/2881/4644
f 1776/2806/4645 1775/2805/4646 1777/2808/4647
f 1777/2808/4648 1853/2887/4649 1776/2806/4650
f 1853/2887/4651 1777/2808/4652 1852/2886/4653
f 1852/2886/4654 1854/2888/4655 1853/2887/4656
f 1854/2888/4657 1852/2886/4658 1851/2885/4659
f 1851/2885/4660 1855/2889/4661 1854/2888/4662
f 1855/2889/4663 1851/2885/4664 1850/2884/4665
f 1850/2884/4666 1856/2890/4667 1855/2889/4668
f 1856/2890/4669 1850/2884/4670 1848/2883/4671
f 1848/2883/4672 1857/2891/4673 1856/2890/4674
f 1768/2798/4675 1767/2797/4676 1774/2804/4677
f 1774/2804/4678 1858/2892/4679 1768/2798/4680
f 1858/2892/4681 1774/2804/4682 1776/2806/4683
f 1776/2806/4684 1859/2893/4685 1858/2892/4686
f 1859/2893/4687 1776/2806/4688 1853/2887/4689
f 1853/2887/4690 1860/2894/4691 1859/2893/4692
f 1860/2894/4693 1853/2887/4694 1854/2888/4695
f 1854/2888/4696 1861/2895/4697 1860/2894/4698
f 1861/2895/4699 1854/2888/4700 1855/2889/4701
f 1855/2889/4702 1862/2896/4703 1861/2895/4704
f 1863/2897/4705 1860/2894/4706 1861/2895/4707
f 1860/2894/4708 1863/2897/4709 1864/2898/4710
f 1864/2898/4711 1859/2893/4712 1860/2894/4713
f 1859/2893/4714 1864/2898/4715 1865/2899/4716
f 1865/2899/4717 1858/2892/4718 1859/2893/4719
f 1858/2892/4720 1865/2899/4721 1866/2900/4722
f 1866/2900/4723 1768/2798/4724 1858/2892/4725
f 1768/2798/4726 1866/2900/4727 1867/2901/4728
f 1867/2901/4729 1756/2786/4730 1768/2798/4731
f 1756/2786/4732 1867/2901/4733 1749/2780/4734
f 1868/2902/4735 1864/2898/4736 1863/2897/4737
f 1864/2898/4738 1868/2902/4739 1869/2903/4740
f 1869/2903/4741 1865/2899/4742 1864/2898/4743
f 1865/2899/4744 1869/2903/4745 1870/2904/4746
f 1870/2904/4747 1866/2900/4748 1865/2899/4749
f 1866/2900/4750 1870/2904/4751 1871/2905/4752
f 1871/2905/4753 1867/2901/4754 1866/2900/4755
f 1867/2901/4756 1871/2905/4757 1872/2906/4758
f 1872/2906/4759 1749/2780/4760 1867/2901/4761
f 1749/2780/4762 1872/2906/4763 1751/2778/4764
f 1873/2907/4765 1747/2776/4766 1748/2777/4767
f 1748/2777/4768 1751/2778/4769 1873/2907/4770
f 1874/2908/4771 1873/2907/4772 1751/2778/4773
f 1751/2778/4774 1872/2906/4775 1874/2908/4776
f 1875/2909/4777 1874/2908/4778 1872/2906/4779
f 1872/2906/4780 1871/2905/4781 1875/2909/4782
f 1876/2910/4783 1875/2909/4784 1871/2905/4785
f 1871/2905/4786 1870/2904/4787 1876/2910/4788
f 1877/2911/4789 1880/2912/4790 1876/2910/4791 1870/2904/4792
f 1870/2904/4793 1869/2903/4794 1877/2911/4795
f 1874/2908/4796 1875/2909/4797 1878/2913/4798
f 1879/2914/4799 1878/2913/4800 1875/2909/4801
f 1875/2909/4802 1876/2910/4803 1879/2914/4804
f 1880/2912/4805 1879/2914/4806 1876/2910/4807
f 1881/2915/4808 1880/2912/4809 1877/2911/4810
f 1877/2911/4811 1882/2916/4812 1881/2915/4813
f 1883/2917/4814 1881/2915/4815 1882/2916/4816
f 1882/2916/4817 1884/2918/4818 1883/2917/4819
f 1885/2919/4820 1883/2917/4821 1884/2918/4822
f 1881/2915/4823 1887/2920/4824 1886/2921/4825
f 1886/2921/4826 1880/2912/4827 1881/2915/4828
f 1880/2912/4829 1886/2921/4830 1888/2922/4831
f 1888/2922/4832 1879/2914/4833 1880/2912/4834
f 1879/2914/4835 1888/2922/4836 1889/2923/4837
f 1889/2923/4838 1878/2913/4839 1879/2914/4840
f 1878/2913/4841 1889/2923/4842 1890/2924/4843
f 1890/2924/4844 1891/2925/4845 1878/2913/4846
f 1891/2925/4847 1890/2924/4848 1892/2926/4849
f 1892/2926/4850 1893/2927/4851 1891/2925/4852
f 1886/2921/4853 1895/2928/4854 1894/2929/4855
f 1894/2929/4856 1888/2922/4857 1886/2921/4858
f 1888/2922/4859 1894/2929/4860 1896/2930/4861
f 1896/2930/4862 1889/2923/4863 1888/2922/4864
f 1889/2923/4865 1896/2930/4866 1897/2931/4867
f 1897/2931/4868 1890/2924/4869 1889/2923/4870
f 1890/2924/4871 1897/2931/4872 1898/2932/4873
f 1898/2932/4874 1892/2926/4875 1890/2924/4876
f 1892/2926/4877 1898/2932/4878 1899/2933/4879
f 1899/2933/4880 1900/2934/4881 1892/2926/4882
f 1901/2935/4883 1896/2930/4884 1894/2929/4885
f 1896/2930/4886 1901/2935/4887 1902/2936/4888
f 1902/2936/4889 1897/2931/4890 1896/2930/4891
f 1897/2931/4892 1902/2936/4893 1903/2937/4894
f 1903/2937/4895 1898/2932/4896 1897/2931/4897
f 1898/2932/4898 1903/2937/4899 1904/2938/4900
f 1904/2938/4901 1899/2933/4902 1898/2932/4903
f 1899/2933/4904 1904/2938/4905 1905/2939/4906
f 1905/2939/4907 1906/2940/4908 1899/2933/4909
f 1906/2940/4910 1905/2939/4911 1907/2941/4912
f 1905/2939/4913 1904/2938/4914 1908/2942/4915
f 1903/2937/4916 1909/2943/4917 1908/2942/4918 1904/2938/4919
f 1910/2944/4920 1909/2943/4921 1903/2937/4922
f 1903/2937/4923 1902/2936/4924 1910/2944/4925
f 1911/2945/4926 1910/2944/4927 1902/2936/4928
f 1902/2936/4929 1901/2935/4930 1911/2945/4931
f 1912/2946/4932 1911/2945/4933 1901/2935/4934
f 1901/2935/4935 1913/2947/4936 1912/2946/4937
f 1914/2948/4938 1912/2946/4939 1913/2947/4940
f 1917/2949/4941 1916/2950/4942 1915/2951/4943
f 3346/2952/4944 1916/2950/4945 1917/2949/4946
f 3346/2952/4947 1917/2949/4948 1908/2942/4949
f 3347/2953/4950 3346/2952/4951 1908/2942/4952
f 1908/2942/4953 1909/2943/4954 3347/2953/4955
f 1918/2954/4956 3347/2953/4957 1909/2943/4958
f 1909/2943/4959 1910/2944/4960 1918/2954/4961
f 1919/2955/4962 1918/2954/4963 1910/2944/4964
f 1910/2944/4965 1911/2945/4966 1919/2955/4967
f 1920/2956/4968 1919/2955/4969 1911/2945/4970
f 1922/2957/4971 1907/2941/4972 1921/2958/4973
f 1921/2958/4974 1907/2941/4975 1905/2939/4976
f 1905/2939/4977 1923/2959/4978 1921/2958/4979
f 1908/2942/4980 1923/2959/4981 1905/2939/4982
f 1917/2949/4983 1923/2959/4984 1908/2942/4985
f 1923/2959/4986 1917/2949/4987 1924/2960/4988
f 1915/2951/4989 1924/2960/4990 1917/2949/4991
f 1925/2961/4992 1924/2960/4993 1915/2951/4994
f 1915/2951/4995 1926/2962/4996 1925/2961/4997
f 1928/2963/4998 1927/2964/4999 1921/2958/5000
f 1921/2958/5001 1923/2959/5002 1928/2963/5003
f 1924/2960/5004 1928/2963/5005 1923/2959/5006
f 1924/2960/5007 1925/2961/5008 1929/2965/5009
f 1929/2965/5010 1928/2963/5011 1924/2960/5012
f 1928/2963/5013 1929/2965/5014 1930/2966/5015
f 1930/2966/5016 1927/2964/5017 1928/2963/5018
f 1927/2964/5019 1930/2966/5020 1931/2967/5021
f 1931/2967/5022 1932/2968/5023 1927/2964/5024
f 1921/2958/5025 1927/2964/5026 1932/2968/5027
f 1932/2968/5028 1933/2969/5029 1921/2958/5030
f 1921/2958/5031 1933/2969/5032 1922/2957/5033
f 1934/2970/5034 1922/2957/5035 1933/2969/5036
f 1936/2971/5037 1935/2972/5038 1932/2968/5039
f 1932/2968/5040 1931/2967/5041 1936/2971/5042
f 1936/2971/5043 1931/2967/5044 1937/2973/5045
f 1938/2974/5046 1937/2973/5047 1931/2967/5048
f 1931/2967/5049 1930/2966/5050 1938/2974/5051
f 2333/2975/5052 1938/2974/5053 1930/2966/5054
f 1930/2966/5055 1929/2965/5056 2333/2975/5057
f 1939/2976/5058 2333/2975/5059 1929/2965/5060
f 1929/2965/5061 1925/2961/5062 1939/2976/5063
f 2328/2977/5064 1939/2976/5065 1925/2961/5066
f 1925/2961/5067 1926/2962/5068 2328/2977/5069
f 2326/2978/5070 2328/2977/5071 1926/2962/5072
f 1926/2962/5073 1940/2979/5074 2326/2978/5075
f 1941/2980/5076 2326/2978/5077 1940/2979/5078
f 1940/2979/5079 1942/2981/5080 1941/2980/5081
f 2330/2982/5082 1941/2980/5083 1942/2981/5084
f 1942/2981/5085 1936/2971/5086 2330/2982/5087
f 1937/2973/5088 2330/2982/5089 1936/2971/5090
f 3343/2983/5091 1944/2984/5092 1943/2985/5093
f 1943/2985/5094 1944/2984/5095 1935/2972/5096
f 1935/2972/5097 1945/2986/5098 1943/2985/5099
f 1945/2986/5100 1935/2972/5101 1936/2971/5102
f 1936/2971/5103 1942/2981/5104 1945/2986/5105
f 1945/2986/5106 1942/2981/5107 1940/2979/5108
f 1940/2979/5109 1946/2987/5110 1945/2986/5111
f 1946/2987/5112 1940/2979/5113 1926/2962/5114
f 1926/2962/5115 1915/2951/5116 1946/2987/5117
f 1946/2987/5118 1915/2951/5119 1916/2950/5120
f 1943/2985/5121 1945/2986/5122 1946/2987/5123
f 1946/2987/5124 1947/2988/5125 1943/2985/5126
f 1916/2950/5127 1947/2988/5128 1946/2987/5129
f 1950/2989/5130 1949/2990/5131 1948/2991/5132
f 1948/2991/5133 1949/2990/5134 1951/2992/5135
f 1952/2993/5136 1951/2992/5137 1949/2990/5138
f 1951/2992/5139 1952/2993/5140 3342/2994/5141
f 3343/2983/5142 3342/2994/5143 1952/2993/5144
f 1952/2993/5145 1953/2995/5146 3343/2983/5147
f 3343/2983/5148 1953/2995/5149 1944/2984/5150
f 1953/2995/5151 1933/2969/5152 1944/2984/5153
f 1935/2972/5154 1944/2984/5155 1933/2969/5156
f 1933/2969/5157 1932/2968/5158 1935/2972/5159
f 3342/2994/5160 1954/2996/5161 1951/2992/5162
f 1933/2969/5163 1953/2995/5164 1934/2970/5165
f 1955/2997/5166 1934/2970/5167 1953/2995/5168
f 1953/2995/5169 1952/2993/5170 1955/2997/5171
f 1949/2990/5172 1955/2997/5173 1952/2993/5174
f 1954/2996/5175 1957/2998/5176 1956/2999/5177
f 1956/2999/5178 1951/2992/5179 1954/2996/5180
f 1951/2992/5181 1956/2999/5182 1948/2991/5183
f 1957/2998/5184 3339/3000/5185 1958/3001/5186
f 1958/3001/5187 1956/2999/5188 1957/2998/5189
f 1956/2999/5190 1958/3001/5191 1959/3002/5192
f 1959/3002/5193 1948/2991/5194 1956/2999/5195
f 1960/3003/5196 1948/2991/5197 1959/3002/5198
f 3339/3000/5199 3337/3004/5200 1961/3005/5201
f 1961/3005/5202 1958/3001/5203 3339/3000/5204
f 1958/3001/5205 1961/3005/5206 1962/3006/5207
f 1962/3006/5208 1959/3002/5209 1958/3001/5210
f 1963/3007/5211 1959/3002/5212 1962/3006/5213
f 1959/3002/5214 1963/3007/5215 1960/3003/5216
f 1964/3008/5217 1960/3003/5218 1963/3007/5219
f 3337/3004/5220 3334/3009/5221 1965/3010/5222
f 1965/3010/5223 1961/3005/5224 3337/3004/5225
f 1961/3005/5226 1965/3010/5227 1966/3011/5228
f 1966/3011/5229 1962/3006/5230 1961/3005/5231
f 1971/3012/5232 1967/3013/5233 1962/3006/5234 1966/3011/5235
f 1962/3006/5236 1967/3013/5237 1963/3007/5238
f 1968/3014/5239 1963/3007/5240 1967/3013/5241
f 1963/3007/5242 1968/3014/5243 1964/3008/5244
f 1969/3015/5245 1964/3008/5246 1968/3014/5247
f 1968/3014/5248 1970/3016/5249 1969/3015/5250
f 1973/3017/5251 1972/3018/5252 1970/3016/5253
f 1970/3016/5254 1972/3018/5255 1974/3019/5256
f 1970/3016/5257 1968/3014/5258 1973/3017/5259
f 1967/3013/5260 1973/3017/5261 1968/3014/5262
f 1973/3017/5263 1967/3013/5264 1971/3012/5265
f 1971/3012/5266 1975/3020/5267 1973/3017/5268
f 1972/3018/5269 1973/3017/5270 1975/3020/5271
f 1975/3020/5272 1976/3021/5273 1972/3018/5274
f 1972/3018/5275 1976/3021/5276 1977/3022/5277
f 1977/3022/5278 1974/3019/5279 1972/3018/5280
f 1980/3023/5281 1974/3019/5282 1977/3022/5283 1978/3024/5284
f 1969/3015/5285 1970/3016/5286 1979/3025/5287
f 1974/3019/5288 1979/3025/5289 1970/3016/5290
f 1979/3025/5291 1974/3019/5292 1980/3023/5293
f 1982/3026/5294 1981/3027/5295 1980/3023/5296 1978/3024/5297
f 1983/3028/5298 1981/3027/5299 1982/3026/5300
f 1982/3026/5301 1984/3029/5302 1983/3028/5303
f 1985/3030/5304 1983/3028/5305 1984/3029/5306
f 1984/3029/5307 1986/3031/5308 1985/3030/5309
f 1989/3032/5310 1988/3033/5311 1987/3034/5312
f 1990/3035/5313 1988/3033/5314 1989/3032/5315
f 1989/3032/5316 1991/3036/5317 1990/3035/5318
f 1985/3030/5319 1990/3035/5320 1991/3036/5321
f 1991/3036/5322 1992/3037/5323 1985/3030/5324
f 1983/3028/5325 1985/3030/5326 1992/3037/5327
f 1992/3037/5328 1993/3038/5329 1983/3028/5330
f 1981/3027/5331 1983/3028/5332 1993/3038/5333
f 1993/3038/5334 1994/3039/5335 1981/3027/5336
f 1980/3023/5337 1981/3027/5338 1994/3039/5339
f 1990/3035/5340 1985/3030/5341 1986/3031/5342
f 1986/3031/5343 1995/3040/5344 1990/3035/5345
f 1988/3033/5346 1990/3035/5347 1995/3040/5348
f 1995/3040/5349 1996/3041/5350 1988/3033/5351
f 1988/3033/5352 1996/3041/5353 1997/3042/5354
f 2041/3043/5355 2000/3044/5356 1999/3045/5357 1998/3046/5358
f 2001/3047/5359 1998/3046/5360 1999/3045/5361
f 1999/3045/5362 2002/3048/5363 2001/3047/5364
f 2003/3049/5365 2001/3047/5366 2002/3048/5367
f 2002/3048/5368 2004/3050/5369 2003/3049/5370
f 2178/3051/5371 2003/3049/5372 2004/3050/5373
f 2004/3050/5374 2179/3052/5375 2178/3051/5376
f 1997/3042/5377 2179/3052/5378 2004/3050/5379
f 2004/3050/5380 1987/3034/5381 1997/3042/5382
f 1997/3042/5383 1987/3034/5384 1988/3033/5385
f 1994/3039/5386 1993/3038/5387 2005/3053/5388
f 2006/3054/5389 2005/3053/5390 1993/3038/5391
f 1993/3038/5392 1992/3037/5393 2006/3054/5394
f 2007/3055/5395 2006/3054/5396 1992/3037/5397
f 1992/3037/5398 1991/3036/5399 2007/3055/5400
f 2008/3056/5401 2007/3055/5402 1991/3036/5403
f 1991/3036/5404 1989/3032/5405 2008/3056/5406
f 2008/3056/5407 1989/3032/5408 2009/3057/5409
f 1987/3034/5410 2009/3057/5411 1989/3032/5412
f 2002/3048/5413 2009/3057/5414 1987/3034/5415
f 1987/3034/5416 2004/3050/5417 2002/3048/5418
f 2009/3057/5419 2002/3048/5420 1999/3045/5421
f 1999/3045/5422 2010/3058/5423 2009/3057/5424
f 2009/3057/5425 2010/3058/5426 2008/3056/5427
f 2011/3059/5428 2008/3056/5429 2010/3058/5430
f 2007/3055/5431 2008/3056/5432 2011/3059/5433
f 2011/3059/5434 2012/3060/5435 2007/3055/5436
f 2006/3054/5437 2007/3055/5438 2012/3060/5439
f 2012/3060/5440 2013/3061/5441 2006/3054/5442
f 2005/3053/5443 2006/3054/5444 2013/3061/5445
f 2013/3061/5446 2014/3062/5447 2005/3053/5448
f 2010/3058/5449 1999/3045/5450 2000/3044/5451
f 2000/3044/5452 2015/3063/5453 2010/3058/5454
f 2010/3058/5455 2015/3063/5456 2011/3059/5457
f 2016/3064/5458 2011/3059/5459 2015/3063/5460
f 2012/3060/5461 2011/3059/5462 2016/3064/5463
f 2016/3064/5464 2017/3065/5465 2012/3060/5466
f 2013/3061/5467 2012/3060/5468 2017/3065/5469
f 2017/3065/5470 2018/3066/5471 2013/3061/5472
f 2018/3066/5473 2017/3065/5474 2019/3067/5475
f 2019/3067/5476 2020/3068/5477 2018/3066/5478
f 2022/3069/5479 2021/3070/5480 2019/3067/5481
f 2019/3067/5482 2023/3071/5483 2022/3069/5484
f 2023/3071/5485 2019/3067/5486 2017/3065/5487
f 2017/3065/5488 2016/3064/5489 2023/3071/5490
f 2023/3071/5491 2016/3064/5492 2024/3072/5493
f 2015/3063/5494 2024/3072/5495 2016/3064/5496
f 2025/3073/5497 2024/3072/5498 2015/3063/5499
f 2015/3063/5500 2000/3044/5501 2025/3073/5502
f 2028/3074/5503 2027/3075/5504 2026/3076/5505
f 2026/3076/5506 2022/3069/5507 2028/3074/5508
f 2029/3077/5509 2028/3074/5510 2022/3069/5511
f 2022/3069/5512 2023/3071/5513 2029/3077/5514
f 2024/3072/5515 2029/3077/5516 2023/3071/5517
f 2024/3072/5518 2025/3073/5519 2030/3078/5520
f 2030/3078/5521 2029/3077/5522 2024/3072/5523
f 2029/3077/5524 2030/3078/5525 2031/3079/5526
f 2031/3079/5527 2028/3074/5528 2029/3077/5529
f 2028/3074/5530 2031/3079/5531 2032/3080/5532
f 2032/3080/5533 2027/3075/5534 2028/3074/5535
f 2027/3075/5536 2032/3080/5537 2033/3081/5538
f 2033/3081/5539 2034/3082/5540 2027/3075/5541
f 2034/3082/5542 2033/3081/5543 2035/3083/5544
f 2035/3083/5545 2036/3084/5546 2034/3082/5547
f 2033/3081/5548 2032/3080/5549 2037/3085/5550
f 2038/3086/5551 2037/3085/5552 2032/3080/5553
f 2032/3080/5554 2031/3079/5555 2038/3086/5556
f 2039/3087/5557 2038/3086/5558 2031/3079/5559
f 2031/3079/5560 2030/3078/5561 2039/3087/5562
f 2040/3088/5563 2039/3087/5564 2030/3078/5565
f 2030/3078/5566 2025/3073/5567 2040/3088/5568
f 2041/3043/5569 2040/3088/5570 2025/3073/5571
f 2025/3073/5572 2000/3044/5573 2041/3043/5574
f 2001/3047/5575 2043/3089/5576 2042/3090/5577
f 2042/3090/5578 1998/3046/5579 2001/3047/5580
f 1998/3046/5581 2042/3090/5582 2044/3091/5583
f 2044/3091/5584 2041/3043/5585 1998/3046/5586
f 2041/3043/5587 2044/3091/5588 2045/3092/5589
f 2045/3092/5590 2040/3088/5591 2041/3043/5592
f 2040/3088/5593 2045/3092/5594 2046/3093/5595
f 2046/3093/5596 2039/3087/5597 2040/3088/5598
f 2039/3087/5599 2046/3093/5600 2047/3094/5601
f 2047/3094/5602 2038/3086/5603 2039/3087/5604
f 2050/3095/5605 2049/3096/5606 2048/3097/5607
f 2048/3097/5608 2047/3094/5609 2050/3095/5610
f 2051/3098/5611 2050/3095/5612 2047/3094/5613
f 2047/3094/5614 2046/3093/5615 2051/3098/5616
f 2052/3099/5617 2051/3098/5618 2046/3093/5619
f 2046/3093/5620 2045/3092/5621 2052/3099/5622
f 2053/3100/5623 2052/3099/5624 2045/3092/5625
f 2045/3092/5626 2044/3091/5627 2053/3100/5628
f 2054/3101/5629 2053/3100/5630 2044/3091/5631
f 2044/3091/5632 2042/3090/5633 2054/3101/5634
f 2051/3098/5635 2052/3099/5636 2055/3102/5637
f 3284/3103/5638 2055/3102/5639 2052/3099/5640
f 2052/3099/5641 2053/3100/5642 3284/3103/5643
f 2053/3100/5644 2054/3101/5645 3284/3103/5646
f 3249/3104/5647 3284/3103/5648 2054/3101/5649
f 2054/3101/5650 2056/3105/5651 3249/3104/5652
f 2056/3105/5653 2057/3106/5654 3249/3104/5655
f 3248/3107/5656 3249/3104/5657 2057/3106/5658
f 2057/3106/5659 2180/3108/5660 3248/3107/5661
f 2056/3105/5662 2054/3101/5663 2042/3090/5664
f 2042/3090/5665 2043/3089/5666 2057/3106/5667 2056/3105/5668
f 2043/3089/5669 2058/3109/5670 2057/3106/5671
f 2180/3108/5672 2057/3106/5673 2058/3109/5674
f 2058/3109/5675 2177/3110/5676 2180/3108/5677
f 2178/3051/5678 2177/3110/5679 2058/3109/5680
f 2058/3109/5681 2003/3049/5682 2178/3051/5683
f 2003/3049/5684 2058/3109/5685 2043/3089/5686
f 2043/3089/5687 2001/3047/5688 2003/3049/5689
f 2911/3111/5690 2907/3112/5691 2908/3113/5692
f 2911/3111/5693 2908/3113/5694 2910/3114/5695
f 2908/3113/5696 2909/3115/5697 2910/3114/5698
f 2061/3116/5699 2060/3117/5700 2059/3118/5701
f 2064/3119/5702 2063/3120/5703 2062/3121/5704
f 2062/3121/5705 2065/3122/5706 2064/3119/5707
f 2066/3123/5708 2064/3119/5709 2065/3122/5710
f 2065/3122/5711 2067/3124/5712 2066/3123/5713
f 2066/3123/5714 2067/3124/5715 2061/3116/5716
f 2060/3117/5717 2061/3116/5718 2067/3124/5719
f 2067/3124/5720 2068/3125/5721 2060/3117/5722
f 2060/3117/5723 2068/3125/5724 2069/3126/5725
f 2069/3126/5726 2068/3125/5727 2070/3127/5728
f 2070/3127/5729 2071/3128/5730 2069/3126/5731
f 2071/3128/5732 2070/3127/5733 2072/3129/5734
f 2065/3122/5735 2062/3121/5736 2072/3129/5737
f 2072/3129/5738 2070/3127/5739 2065/3122/5740
f 2067/3124/5741 2065/3122/5742 2070/3127/5743
f 2070/3127/5744 2068/3125/5745 2067/3124/5746
f 2075/3130/5747 2074/3131/5748 2073/3132/5749
f 2076/3133/5750 2073/3132/5751 2074/3131/5752
f 2063/3120/5753 2073/3132/5754 2076/3133/5755
f 2076/3133/5756 2062/3121/5757 2063/3120/5758
f 2062/3121/5759 2076/3133/5760 2077/3134/5761
f 2077/3134/5762 2072/3129/5763 2062/3121/5764
f 2078/3135/5765 2072/3129/5766 2077/3134/5767
f 2072/3129/5768 2078/3135/5769 2071/3128/5770
f 2071/3128/5771 2078/3135/5772 2079/3136/5773
f 2079/3136/5774 2080/3137/5775 2071/3128/5776
f 2077/3134/5777 2076/3133/5778 2081/3138/5779
f 2074/3131/5780 2081/3138/5781 2076/3133/5782
f 2083/3139/5783 2082/3140/5784 2081/3138/5785
f 2082/3140/5786 2084/3141/5787 2081/3138/5788
f 2081/3138/5789 2084/3141/5790 2077/3134/5791
f 2085/3142/5792 2077/3134/5793 2084/3141/5794
f 2077/3134/5795 2085/3142/5796 2078/3135/5797
f 2078/3135/5798 2085/3142/5799 2086/3143/5800
f 2086/3143/5801 2079/3136/5802 2078/3135/5803
f 2079/3136/5804 2086/3143/5805 2087/3144/5806
f 2087/3144/5807 2088/3145/5808 2079/3136/5809
f 2088/3145/5810 2087/3144/5811 2089/3146/5812
f 2084/3141/5813 2082/3140/5814 2090/3147/5815
f 2091/3148/5816 2090/3147/5817 2082/3140/5818
f 2090/3147/5819 2091/3148/5820 2092/3149/5821
f 2651/3150/5822 2648/3151/5823 2093/3152/5824
f 2094/3153/5825 2093/3152/5826 2648/3151/5827
f 2648/3151/5828 2649/3154/5829 2094/3153/5830
f 2095/3155/5831 2094/3153/5832 2649/3154/5833
f 2096/3156/5834 2094/3153/5835 2095/3155/5836
f 2095/3155/5837 2092/3149/5838 2096/3156/5839
f 2097/3157/5840 2096/3156/5841 2092/3149/5842
f 2092/3149/5843 2091/3148/5844 2097/3157/5845
f 2097/3157/5846 2091/3148/5847 2083/3139/5848
f 2082/3140/5849 2083/3139/5850 2091/3148/5851
f 2099/3158/5852 2098/3159/5853 2097/3157/5854
f 2096/3156/5855 2097/3157/5856 2098/3159/5857
f 2098/3159/5858 2100/3160/5859 2096/3156/5860
f 2094/3153/5861 2096/3156/5862 2100/3160/5863
f 2100/3160/5864 2093/3152/5865 2094/3153/5866
f 2101/3161/5867 2093/3152/5868 2100/3160/5869
f 2100/3160/5870 2102/3162/5871 2101/3161/5872
f 2101/3161/5873 2102/3162/5874 2103/3163/5875
f 2103/3163/5876 2102/3162/5877 2104/3164/5878
f 2104/3164/5879 2105/3165/5880 2103/3163/5881
f 2087/3144/5882 2086/3143/5883 2106/3166/5884
f 2106/3166/5885 2107/3167/5886 2087/3144/5887
f 2107/3167/5888 2106/3166/5889 2108/3168/5890
f 2107/3167/5891 2108/3168/5892 2099/3158/5893
f 2099/3158/5894 2108/3168/5895 2104/3164/5896
f 2104/3164/5897 2098/3159/5898 2099/3158/5899
f 2098/3159/5900 2104/3164/5901 2102/3162/5902
f 2102/3162/5903 2100/3160/5904 2098/3159/5905
f 2104/3164/5906 2108/3168/5907 2106/3166/5908
f 2110/3169/5909 2107/3167/5910 2109/3170/5911
f 2111/3171/5912 2109/3170/5913 2107/3167/5914
f 2111/3171/5915 2107/3167/5916 2099/3158/5917
f 2112/3172/5918 2111/3171/5919 2099/3158/5920
f 2112/3172/5921 2099/3158/5922 2097/3157/5923
f 2113/3173/5924 2112/3172/5925 2097/3157/5926
f 2113/3173/5927 2097/3157/5928 2083/3139/5929
f 2114/3174/5930 2113/3173/5931 2083/3139/5932
f 2114/3174/5933 2083/3139/5934 2081/3138/5935
f 2115/3175/5936 2114/3174/5937 2081/3138/5938
f 2081/3138/5939 2074/3131/5940 2115/3175/5941
f 2116/3176/5942 2115/3175/5943 2074/3131/5944
f 2074/3131/5945 2075/3130/5946 2116/3176/5947
f 3359/3177/5948 2116/3176/5949 2075/3130/5950
f 2073/3132/5951 2117/3178/5952 2075/3130/5953
f 2118/3179/5954 2075/3130/5955 2117/3178/5956
f 2075/3130/5957 2118/3179/5958 3359/3177/5959
f 2119/3180/5960 3359/3177/5961 2118/3179/5962
f 2118/3179/5963 2120/3181/5964 2119/3180/5965
f 3360/3182/5966 2119/3180/5967 2120/3181/5968
f 2120/3181/5969 2121/3183/5970 3360/3182/5971
f 2122/3184/5972 3360/3182/5973 2121/3183/5974
f 2121/3183/5975 2123/3185/5976 2122/3184/5977
f 3361/3186/5978 2122/3184/5979 2123/3185/5980
f 2126/3187/5981 2125/3188/5982 2124/3189/5983
f 2124/3189/5984 2127/3190/5985 2126/3187/5986
f 2128/3191/5987 2126/3187/5988 2127/3190/5989
f 2127/3190/5990 2129/3192/5991 2128/3191/5992
f 2117/3178/5993 2128/3191/5994 2129/3192/5995
f 2129/3192/5996 2130/3193/5997 2117/3178/5998
f 2117/3178/5999 2130/3193/6000 2118/3179/6001
f 2120/3181/6002 2118/3179/6003 2130/3193/6004
f 2130/3193/6005 2131/3194/6006 2120/3181/6007
f 2121/3183/6008 2120/3181/6009 2131/3194/6010
f 2127/3190/6011 2124/3189/6012 2132/3195/6013
f 2132/3195/6014 2133/3196/6015 2127/3190/6016
f 2129/3192/6017 2127/3190/6018 2133/3196/6019
f 2133/3196/6020 2134/3197/6021 2129/3192/6022
f 2130/3193/6023 2129/3192/6024 2134/3197/6025
f 2134/3197/6026 2131/3194/6027 2130/3193/6028
f 2131/3194/6029 2134/3197/6030 2135/3198/6031
f 2135/3198/6032 2136/3199/6033 2131/3194/6034
f 2136/3199/6035 2135/3198/6036 2137/3200/6037
f 2137/3200/6038 2138/3201/6039 2136/3199/6040
f 2131/3194/6041 2136/3199/6042 2121/3183/6043
f 2123/3185/6044 2121/3183/6045 2136/3199/6046
f 2136/3199/6047 2138/3201/6048 2123/3185/6049
f 2139/3202/6050 2123/3185/6051 2138/3201/6052
f 2138/3201/6053 2140/3203/6054 2139/3202/6055
f 2141/3204/6056 2140/3203/6057 2138/3201/6058
f 2138/3201/6059 2137/3200/6060 2141/3204/6061
f 2142/3205/6062 2141/3204/6063 2137/3200/6064
f 2137/3200/6065 2143/3206/6066 2142/3205/6067
f 2144/3207/6068 2142/3205/6069 2143/3206/6070
f 2123/3185/6071 2139/3202/6072 3361/3186/6073
f 3334/3208/6074 3361/3186/6075 2139/3202/6076
f 2139/3202/6077 1965/3209/6078 3334/3208/6079
f 1965/3209/6080 2139/3202/6081 2140/3203/6082
f 2140/3203/6083 1966/3210/6084 1965/3209/6085
f 1971/3211/6086 1966/3210/6087 2140/3203/6088
f 2140/3203/6089 2141/3204/6090 1971/3211/6091
f 1975/3212/6092 1971/3211/6093 2141/3204/6094
f 2141/3204/6095 2142/3205/6096 1975/3212/6097
f 1976/3213/6098 1975/3212/6099 2142/3205/6100
f 2142/3205/6101 2144/3207/6102 1976/3213/6103
f 1976/3213/6104 2144/3207/6105 2145/3214/6106
f 2146/3215/6107 2145/3214/6108 2144/3207/6109
f 2145/3214/6110 2146/3215/6111 2147/3216/6112
f 2148/3217/6113 2147/3216/6114 2146/3215/6115
f 2149/3218/6116 2147/3216/6117 2148/3217/6118
f 2148/3217/6119 2150/3219/6120 2149/3218/6121
f 2151/3220/6122 2149/3218/6123 2150/3219/6124
f 2150/3219/6125 2152/3221/6126 2151/3220/6127
f 2153/3222/6128 2151/3220/6129 2152/3221/6130
f 2147/3216/6131 2149/3218/6132 2154/3223/6133
f 2154/3223/6134 2155/3224/6135 2147/3216/6136
f 2147/3216/6137 2155/3224/6138 2145/3214/6139
f 1977/3225/6140 2145/3214/6141 2155/3224/6142
f 2145/3214/6143 1977/3225/6144 1976/3213/6145
f 2158/3226/6146 2157/3227/6147 2156/3228/6148
f 2159/3229/6149 2156/3228/6150 2157/3227/6151
f 2160/3230/6152 2156/3228/6153 2159/3229/6154
f 2159/3229/6155 2161/3231/6156 2160/3230/6157
f 2153/3222/6158 2160/3230/6159 2161/3231/6160
f 2161/3231/6161 2162/3232/6162 2153/3222/6163
f 2151/3220/6164 2153/3222/6165 2162/3232/6166
f 2162/3232/6167 2163/3233/6168 2151/3220/6169
f 2149/3218/6170 2151/3220/6171 2163/3233/6172
f 2163/3233/6173 2154/3223/6174 2149/3218/6175
f 2155/3224/6176 1978/3234/6177 1977/3225/6178
f 1982/3235/6179 1978/3234/6180 2155/3224/6181
f 2155/3224/6182 2154/3223/6183 1982/3235/6184
f 1984/3236/6185 1982/3235/6186 2154/3223/6187
f 2154/3223/6188 2163/3233/6189 1984/3236/6190
f 1986/3237/6191 1984/3236/6192 2163/3233/6193
f 2163/3233/6194 2162/3232/6195 1986/3237/6196
f 1995/3238/6197 1986/3237/6198 2162/3232/6199
f 2162/3232/6200 2161/3231/6201 1995/3238/6202
f 1996/3239/6203 1995/3238/6204 2161/3231/6205
f 2161/3231/6206 2159/3229/6207 1996/3239/6208
f 1996/3239/6209 2159/3229/6210 2164/3240/6211
f 2157/3227/6212 2164/3240/6213 2159/3229/6214
f 2165/3241/6215 2164/3240/6216 2157/3227/6217
f 2157/3227/6218 2166/3242/6219 2165/3241/6220
f 2165/3241/6221 2166/3242/6222 2167/3243/6223
f 2168/3244/6224 2167/3243/6225 2166/3242/6226
f 2169/3245/6227 2167/3243/6228 2168/3244/6229
f 2168/3244/6230 2170/3246/6231 2169/3245/6232
f 2169/3245/6233 2170/3246/6234 2171/3247/6235
f 2171/3247/6236 2172/3248/6237 2169/3245/6238
f 2173/3249/6239 2169/3245/6240 2172/3248/6241
f 2167/3243/6242 2169/3245/6243 2173/3249/6244
f 2173/3249/6245 2174/3250/6246 2167/3243/6247
f 2167/3243/6248 2174/3250/6249 2165/3241/6250
f 2175/3251/6251 2171/3247/6252 2170/3246/6253
f 2171/3247/6254 2175/3251/6255 3214/3252/6256
f 3214/3252/6257 3215/3253/6258 2171/3247/6259
f 2172/3248/6260 2171/3247/6261 3215/3253/6262
f 2176/3254/6263 2172/3248/6264 3215/3253/6265
f 2172/3248/6266 2176/3254/6267 2173/3249/6268
f 2177/3255/6269 2173/3249/6270 2176/3254/6271
f 2174/3250/6272 2173/3249/6273 2177/3255/6274
f 2177/3255/6275 2178/3256/6276 2174/3250/6277
f 2174/3250/6278 2178/3256/6279 2179/3257/6280
f 3215/3253/6281 3248/3258/6282 2176/3254/6283
f 2180/3259/6284 2176/3254/6285 3248/3258/6286
f 2176/3254/6287 2180/3259/6288 2177/3255/6289
f 2179/3257/6290 2165/3241/6291 2174/3250/6292
f 2164/3240/6293 2165/3241/6294 2179/3257/6295
f 2179/3257/6296 1997/3260/6297 2164/3240/6298
f 2164/3240/6299 1997/3260/6300 1996/3239/6301
f 2183/3261/6302 2182/3262/6303 2181/3263/6304
f 2183/3261/6305 2181/3263/6306 2185/3264/6307 2184/3265/6308
f 2188/3266/6309 2187/3267/6310 2186/3268/6311
f 2187/3267/6312 2188/3266/6313 2184/3265/6314
f 2184/3265/6315 2189/3269/6316 2187/3267/6317
f 2190/3270/6318 2189/3269/6319 2184/3265/6320 2185/3264/6321
f 2190/3270/6322 2185/3264/6323 2181/3263/6324
f 2181/3263/6325 2191/3271/6326 2190/3270/6327
f 2192/3272/6328 2191/3271/6329 2181/3263/6330 2182/3262/6331
f 2192/3272/6332 2182/3262/6333 2183/3261/6334
f 2189/3269/6335 2194/3273/6336 2193/3274/6337
f 2194/3273/6338 2189/3269/6339 2190/3270/6340
f 2190/3270/6341 2195/3275/6342 2194/3273/6343
f 2195/3275/6344 2190/3270/6345 2191/3271/6346
f 2191/3271/6347 2196/3276/6348 2195/3275/6349
f 2196/3276/6350 2191/3271/6351 2192/3272/6352
f 2192/3272/6353 2197/3277/6354 2196/3276/6355
f 2197/3277/6356 2192/3272/6357 2198/3278/6358
f 2198/3278/6359 2199/3279/6360 2197/3277/6361
f 2199/3279/6362 2198/3278/6363 2200/3280/6364
f 3328/3281/6365 2201/3282/6366 2193/3274/6367
f 2193/3274/6368 2202/3283/6369 3328/3281/6370
f 2202/3283/6371 2193/3274/6372 2194/3273/6373
f 2194/3273/6374 2203/3284/6375 2202/3283/6376
f 2203/3284/6377 2194/3273/6378 2195/3275/6379
f 2195/3275/6380 2204/3285/6381 2203/3284/6382
f 2204/3285/6383 2195/3275/6384 2196/3276/6385
f 2196/3276/6386 2205/3286/6387 2204/3285/6388
f 2205/3286/6389 2196/3276/6390 2197/3277/6391
f 2197/3277/6392 2206/3287/6393 2205/3286/6394
f 2209/3288/6395 2208/3289/6396 2207/3290/6397
f 2208/3289/6398 2209/3288/6399 2210/3291/6400
f 2210/3291/6401 2211/3292/6402 2208/3289/6403
f 2211/3292/6404 2210/3291/6405 2212/3293/6406
f 2212/3293/6407 2213/3294/6408 2211/3292/6409
f 2213/3294/6410 2212/3293/6411 2186/3268/6412
f 2186/3268/6413 2201/3282/6414 2213/3294/6415
f 2193/3274/6416 2201/3282/6417 2186/3268/6418 2187/3267/6419
f 2193/3274/6420 2187/3267/6421 2189/3269/6422
f 2226/3295/6423 2214/3296/6424 2207/3290/6425
f 2207/3290/6426 2215/3297/6427 2226/3295/6428
f 2215/3297/6429 2207/3290/6430 2208/3289/6431
f 2208/3289/6432 2216/3298/6433 2215/3297/6434
f 2216/3298/6435 2208/3289/6436 2211/3292/6437
f 2211/3292/6438 3326/3299/6439 2216/3298/6440
f 3326/3299/6441 2211/3292/6442 2213/3294/6443
f 2213/3294/6444 3327/3300/6445 3326/3299/6446
f 3327/3300/6447 2213/3294/6448 2201/3282/6449
f 2201/3282/6450 3328/3281/6451 3327/3300/6452
f 2219/3301/6453 2218/3302/6454 2217/3303/6455
f 2218/3302/6456 2219/3301/6457 2220/3304/6458
f 2220/3304/6459 2221/3305/6460 2218/3302/6461
f 2221/3305/6462 2220/3304/6463 2222/3306/6464
f 2222/3306/6465 2223/3307/6466 2221/3305/6467
f 2223/3307/6468 2222/3306/6469 2224/3308/6470
f 2224/3308/6471 2214/3296/6472 2223/3307/6473
f 2214/3296/6474 2224/3308/6475 2225/3309/6476
f 2225/3309/6477 2207/3290/6478 2214/3296/6479
f 2207/3290/6480 2225/3309/6481 2209/3288/6482
f 2266/3310/6483 2223/3307/6484 2214/3296/6485
f 2214/3296/6486 2226/3311/6487 2266/3310/6488
f 2227/3312/6489 2225/3309/6490 2224/3308/6491
f 2225/3309/6492 2227/3312/6493 2228/3313/6494
f 2228/3313/6495 2209/3288/6496 2225/3309/6497
f 2209/3288/6498 2228/3313/6499 2229/3314/6500
f 2229/3314/6501 2210/3291/6502 2209/3288/6503
f 2210/3291/6504 2229/3314/6505 2230/3315/6506
f 2230/3315/6507 2212/3293/6508 2210/3291/6509
f 2186/3268/6510 2212/3293/6511 2230/3315/6512 2231/3316/6513
f 2186/3268/6514 2231/3316/6515 2188/3266/6516
f 2188/3266/6517 2231/3316/6518 2184/3265/6519
f 2229/3314/6520 2228/3313/6521 2227/3312/6522
f 2229/3314/6523 2227/3312/6524 2232/3317/6525
f 2227/3312/6526 2233/3318/6527 2232/3317/6528
f 2231/3316/6529 2230/3315/6530 2229/3314/6531
f 2231/3316/6532 2229/3314/6533 2184/3265/6534
f 2229/3314/6535 2232/3317/6536 2184/3265/6537
f 2232/3317/6538 2183/3261/6539 2184/3265/6540
f 2232/3317/6541 2234/3319/6542 2183/3261/6543
f 2234/3319/6544 2235/3320/6545 3269/3321/6546 2183/3261/6547
f 2234/3319/6548 2236/3322/6549 3261/3323/6550 2235/3320/6551
f 2234/3319/6552 2237/3324/6553 2236/3322/6554
f 2234/3319/6555 2238/3325/6556 2237/3324/6557
f 2232/3317/6558 2240/3326/6559 2239/3327/6560
f 2232/3317/6561 2239/3327/6562 2241/3328/6563
f 2232/3317/6564 2241/3328/6565 2234/3319/6566
f 2241/3328/6567 2242/3329/6568 2234/3319/6569
f 2242/3329/6570 2243/3330/6571 2234/3319/6572
f 2241/3328/6573 2244/3331/6574 2242/3329/6575
f 2239/3327/6576 2245/3332/6577 2241/3328/6578
f 2238/3325/6579 2234/3319/6580 2247/3333/6581 2246/3334/6582
f 2247/3333/6583 2234/3319/6584 2243/3330/6585
f 2243/3330/6586 2248/3335/6587 2247/3333/6588
f 2249/3336/6589 2248/3335/6590 2243/3330/6591 2242/3329/6592
f 2249/3336/6593 2242/3329/6594 2244/3331/6595
f 2244/3331/6596 2250/3337/6597 2249/3336/6598
f 2250/3337/6599 2244/3331/6600 2241/3328/6601
f 2241/3328/6602 2251/3338/6603 2250/3337/6604
f 2251/3338/6605 2241/3328/6606 2245/3332/6607
f 2248/3335/6608 2253/3339/6609 2252/3340/6610
f 2253/3339/6611 2248/3335/6612 2249/3336/6613
f 2249/3336/6614 2254/3341/6615 2253/3339/6616
f 2254/3341/6617 2249/3336/6618 2250/3337/6619
f 2250/3337/6620 2255/3342/6621 2254/3341/6622
f 2255/3342/6623 2250/3337/6624 2251/3338/6625
f 2251/3338/6626 2256/3343/6627 2255/3342/6628
f 2256/3343/6629 2251/3338/6630 2257/3344/6631
f 2257/3344/6632 2217/3303/6633 2256/3343/6634
f 2217/3303/6635 2257/3344/6636 2219/3301/6637
f 2509/3345/6638 2258/3346/6639 2252/3340/6640
f 2252/3340/6641 2259/3347/6642 2509/3345/6643
f 2259/3347/6644 2252/3340/6645 2253/3339/6646
f 2253/3339/6647 2520/3348/6648 2259/3347/6649
f 2520/3348/6650 2253/3339/6651 2254/3341/6652
f 2254/3341/6653 2260/3349/6654 2520/3348/6655
f 2260/3349/6656 2254/3341/6657 2255/3342/6658
f 2255/3342/6659 2261/3350/6660 2260/3349/6661
f 2261/3350/6662 2255/3342/6663 2256/3343/6664
f 2256/3343/6665 2262/3351/6666 2261/3350/6667
f 2262/3351/6668 2256/3343/6669 2217/3303/6670
f 2217/3303/6671 2263/3352/6672 2262/3351/6673
f 2263/3352/6674 2217/3303/6675 2218/3302/6676
f 2218/3302/6677 2264/3353/6678 2263/3352/6679
f 2264/3353/6680 2218/3302/6681 2221/3305/6682
f 2221/3305/6683 2265/3354/6684 2264/3353/6685
f 2265/3354/6686 2221/3305/6687 2223/3307/6688
f 2223/3307/6689 2266/3355/6690 2265/3354/6691
f 2236/3322/6692 2269/3356/6693 2268/3357/6694 2267/3358/6695
f 2272/3359/6696 2271/3360/6697 2270/3361/6698
f 2271/3360/6699 2272/3359/6700 2267/3358/6701
f 2236/3322/6702 2267/3358/6703 2272/3359/6704
f 2237/3324/6705 2269/3356/6706 2236/3322/6707
f 2268/3357/6708 2269/3356/6709 2237/3324/6710
f 2237/3324/6711 2273/3362/6712 2268/3357/6713
f 2273/3362/6714 2237/3324/6715 2238/3325/6716
f 2238/3325/6717 2246/3334/6718 2273/3362/6719
f 2267/3358/6720 2274/3363/6721 2271/3360/6722
f 2275/3364/6723 2274/3363/6724 2267/3358/6725 2268/3357/6726
f 2275/3364/6727 2268/3357/6728 2273/3362/6729
f 2273/3362/6730 2276/3365/6731 2275/3364/6732
f 2276/3365/6733 2273/3362/6734 2246/3334/6735
f 2246/3334/6736 2258/3346/6737 2276/3365/6738
f 2258/3346/6739 2246/3334/6740 2247/3333/6741
f 2247/3333/6742 2252/3340/6743 2258/3346/6744
f 2252/3340/6745 2247/3333/6746 2248/3335/6747
f 3332/3366/6748 2270/3361/6749 2271/3360/6750
f 2271/3360/6751 2277/3367/6752 3332/3366/6753
f 3333/3368/6754 2277/3367/6755 2271/3360/6756 2274/3363/6757
f 3333/3368/6758 2274/3363/6759 2275/3364/6760
f 2275/3364/6761 2507/3369/6762 3333/3368/6763
f 2508/3370/6764 2507/3369/6765 2275/3364/6766 2276/3365/6767
f 2508/3370/6768 2276/3365/6769 2258/3346/6770
f 2258/3346/6771 2509/3345/6772 2508/3370/6773
f 2280/3371/6774 2279/3372/6775 2278/3373/6776
f 2279/3372/6777 2280/3371/6778 2281/3374/6779
f 2282/3375/6780 2281/3374/6781 2280/3371/6782
f 2281/3374/6783 2282/3375/6784 2283/3376/6785
f 2283/3376/6786 2284/3377/6787 2281/3374/6788
f 2285/3378/6789 2281/3374/6790 2284/3377/6791
f 2284/3377/6792 2286/3379/6793 2285/3378/6794
f 2281/3374/6795 2285/3378/6796 2279/3372/6797
f 2287/3380/6798 2283/3376/6799 2282/3375/6800
f 2289/3381/6801 2287/3380/6802 2288/3382/6803
f 2282/3375/6804 2288/3382/6805 2287/3380/6806
f 2288/3382/6807 2282/3375/6808 2290/3383/6809
f 2280/3371/6810 2290/3383/6811 2282/3375/6812
f 2293/3384/6813 2290/3383/6814 2280/3371/6815 2291/3385/6816
f 2278/3373/6817 2291/3385/6818 2280/3371/6819
f 2291/3385/6820 2278/3373/6821 2645/3386/6822
f 2645/3386/6823 2292/3387/6824 2291/3385/6825
f 2292/3387/6826 2645/3386/6827 2638/3388/6828
f 2293/3384/6829 2291/3385/6830 2292/3387/6831
f 2294/3389/6832 2290/3383/6833 2293/3384/6834
f 2290/3383/6835 2294/3389/6836 2288/3382/6837
f 2295/3390/6838 2288/3382/6839 2294/3389/6840
f 2288/3382/6841 2295/3390/6842 2289/3381/6843
f 2296/3391/6844 2289/3381/6845 2295/3390/6846
f 2298/3392/6847 2293/3384/6848 2297/3393/6849
f 2292/3387/6850 2297/3393/6851 2293/3384/6852
f 2297/3393/6853 2292/3387/6854 2299/3394/6855
f 2638/3388/6856 2299/3394/6857 2292/3387/6858
f 2299/3394/6859 2638/3388/6860 2639/3395/6861
f 2302/3396/6862 2301/3397/6863 2300/3398/6864
f 2298/3392/6865 2300/3398/6866 2301/3397/6867
f 2300/3398/6868 2298/3392/6869 2303/3399/6870
f 2297/3393/6871 2303/3399/6872 2298/3392/6873
f 2303/3399/6874 2297/3393/6875 2304/3400/6876
f 2299/3394/6877 2304/3400/6878 2297/3393/6879
f 2304/3400/6880 2299/3394/6881 2305/3401/6882
f 2639/3395/6883 2305/3401/6884 2299/3394/6885
f 2305/3401/6886 2639/3395/6887 2306/3402/6888
f 2306/3402/6889 2307/3403/6890 2305/3401/6891
f 2309/3404/6892 2300/3398/6893 2308/3405/6894
f 2303/3399/6895 2308/3405/6896 2300/3398/6897
f 2308/3405/6898 2303/3399/6899 2310/3406/6900
f 2304/3400/6901 2310/3406/6902 2303/3399/6903
f 2310/3406/6904 2304/3400/6905 2311/3407/6906
f 2305/3401/6907 2311/3407/6908 2304/3400/6909
f 2311/3407/6910 2305/3401/6911 2307/3403/6912
f 2307/3403/6913 2312/3408/6914 2311/3407/6915
f 2312/3408/6916 2307/3403/6917 2313/3409/6918
f 2313/3409/6919 2314/3410/6920 2312/3408/6921
f 2309/3404/6922 2316/3411/6923 2315/3412/6924
f 2308/3405/6925 2316/3411/6926 2309/3404/6927
f 2316/3411/6928 2308/3405/6929 2317/3413/6930
f 2310/3406/6931 2317/3413/6932 2308/3405/6933
f 2317/3413/6934 2310/3406/6935 2318/3414/6936
f 2311/3407/6937 2318/3414/6938 2310/3406/6939
f 2318/3414/6940 2311/3407/6941 2312/3408/6942
f 2312/3408/6943 2319/3415/6944 2318/3414/6945
f 2319/3415/6946 2312/3408/6947 2314/3410/6948
f 2314/3410/6949 2320/3416/6950 2319/3415/6951
f 2322/3417/6952 2317/3413/6953 2321/3418/6954
f 2318/3414/6955 2321/3418/6956 2317/3413/6957
f 2321/3418/6958 2318/3414/6959 2323/3419/6960
f 2318/3414/6961 2319/3415/6962 2323/3419/6963
f 2323/3419/6964 2319/3415/6965 2324/3420/6966
f 2325/3421/6967 2324/3420/6968 2319/3415/6969
f 1941/3422/6970 2324/3420/6971 2325/3421/6972
f 2325/3421/6973 2326/3423/6974 1941/3422/6975
f 2326/3423/6976 2325/3421/6977 2327/3424/6978
f 2327/3424/6979 2328/3425/6980 2326/3423/6981
f 2324/3420/6982 2329/3426/6983 2323/3419/6984
f 2329/3426/6985 2324/3420/6986 1941/3422/6987
f 1941/3422/6988 2330/3427/6989 2329/3426/6990
f 2331/3428/6991 2329/3426/6992 2330/3427/6993
f 2330/3427/6994 1937/3429/6995 2331/3428/6996
f 2331/3428/6997 1937/3429/6998 1938/3430/6999
f 1938/3430/7000 2332/3431/7001 2331/3428/7002
f 2332/3431/7003 1938/3430/7004 2333/3432/7005
f 1939/3433/7006 2328/3425/7007 2327/3424/7008
f 2327/3424/7009 2334/3434/7010 1939/3433/7011
f 2333/3432/7012 1939/3433/7013 2334/3434/7014
f 2334/3434/7015 2335/3435/7016 2333/3432/7017
f 2333/3432/7018 2335/3435/7019 2332/3431/7020
f 2336/3436/7021 2332/3431/7022 2335/3435/7023
f 2331/3428/7024 2332/3431/7025 2336/3436/7026
f 2336/3436/7027 2337/3437/7028 2331/3428/7029
f 2329/3426/7030 2331/3428/7031 2337/3437/7032
f 2337/3437/7033 2323/3419/7034 2329/3426/7035
f 2337/3437/7036 2339/3438/7037 2338/3439/7038
f 2340/3440/7039 2339/3438/7040 2337/3437/7041
f 2337/3437/7042 2336/3436/7043 2340/3440/7044
f 2340/3440/7045 2336/3436/7046 2341/3441/7047
f 2335/3435/7048 2341/3441/7049 2336/3436/7050
f 2341/3441/7051 2335/3435/7052 2334/3434/7053
f 2334/3434/7054 2342/3442/7055 2341/3441/7056
f 2342/3442/7057 2334/3434/7058 2327/3424/7059
f 2327/3424/7060 2343/3443/7061 2342/3442/7062
f 2343/3443/7063 2327/3424/7064 2325/3421/7065
f 2325/3421/7066 2320/3416/7067 2343/3443/7068
f 2319/3415/7069 2320/3416/7070 2325/3421/7071
f 2341/3441/7072 2344/3444/7073 2340/3440/7074
f 2346/3445/7075 2345/3446/7076 2340/3440/7077
f 2340/3440/7078 2344/3444/7079 2346/3445/7080
f 2347/3447/7081 2346/3445/7082 2344/3444/7083
f 2344/3444/7084 2348/3448/7085 2347/3447/7086
f 2348/3448/7087 2344/3444/7088 2341/3441/7089
f 2341/3441/7090 2349/3449/7091 2348/3448/7092
f 2341/3441/7093 2342/3442/7094 2349/3449/7095
f 2342/3442/7096 2350/3450/7097 2349/3449/7098
f 2342/3442/7099 2343/3443/7100 2350/3450/7101
f 2348/3448/7102 2349/3449/7103 2351/3451/7104
f 2349/3449/7105 2350/3450/7106 2352/3452/7107
f 2352/3452/7108 2351/3451/7109 2349/3449/7110
f 2351/3451/7111 2352/3452/7112 2353/3453/7113
f 2320/3416/7114 2314/3410/7115 2354/3454/7116
f 2354/3454/7117 2343/3443/7118 2320/3416/7119
f 2343/3443/7120 2354/3454/7121 2355/3455/7122
f 2355/3455/7123 2350/3450/7124 2343/3443/7125
f 2350/3450/7126 2355/3455/7127 2356/3456/7128
f 2356/3456/7129 2352/3452/7130 2350/3450/7131
f 2353/3453/7132 2352/3452/7133 2356/3456/7134 2357/3457/7135
f 2353/3453/7136 2357/3457/7137 2358/3458/7138
f 2358/3458/7139 2359/3459/7140 2353/3453/7141
f 2314/3410/7142 2313/3409/7143 2360/3460/7144
f 2360/3460/7145 2354/3454/7146 2314/3410/7147
f 2354/3454/7148 2360/3460/7149 2361/3461/7150
f 2361/3461/7151 2355/3455/7152 2354/3454/7153
f 2355/3455/7154 2361/3461/7155 2362/3462/7156
f 2362/3462/7157 2356/3456/7158 2355/3455/7159
f 2356/3456/7160 2362/3462/7161 2363/3463/7162
f 2363/3463/7163 2357/3457/7164 2356/3456/7165
f 2357/3457/7166 2363/3463/7167 2364/3464/7168
f 2364/3464/7169 2358/3458/7170 2357/3457/7171
f 2307/3403/7172 2306/3402/7173 2641/3465/7174
f 2641/3465/7175 2313/3409/7176 2307/3403/7177
f 2313/3409/7178 2641/3465/7179 2643/3466/7180
f 2643/3466/7181 2360/3460/7182 2313/3409/7183
f 2360/3460/7184 2643/3466/7185 2633/3467/7186
f 2633/3467/7187 2361/3461/7188 2360/3460/7189
f 2361/3461/7190 2633/3467/7191 2365/3468/7192
f 2365/3468/7193 2362/3462/7194 2361/3461/7195
f 2362/3462/7196 2365/3468/7197 2635/3469/7198
f 2635/3469/7199 2363/3463/7200 2362/3462/7201
f 2363/3463/7202 2635/3469/7203 2636/3470/7204
f 2636/3470/7205 2364/3464/7206 2363/3463/7207
f 2364/3464/7208 2636/3470/7209 2366/3471/7210
f 2366/3471/7211 2367/3472/7212 2364/3464/7213
f 2367/3472/7214 2366/3471/7215 2630/3473/7216
f 2630/3473/7217 2368/3474/7218 2367/3472/7219
f 2368/3474/7220 2630/3473/7221 2369/3475/7222
f 2369/3475/7223 2370/3476/7224 2368/3474/7225
f 2370/3476/7226 2369/3475/7227 2371/3477/7228
f 2371/3477/7229 2372/3478/7230 2370/3476/7231
f 2358/3458/7232 2364/3464/7233 2367/3472/7234
f 2367/3472/7235 2373/3479/7236 2358/3458/7237
f 2373/3479/7238 2367/3472/7239 2368/3474/7240
f 2368/3474/7241 2374/3480/7242 2373/3479/7243
f 2374/3480/7244 2368/3474/7245 2370/3476/7246
f 2370/3476/7247 2375/3481/7248 2374/3480/7249
f 2375/3481/7250 2370/3476/7251 2372/3478/7252
f 2359/3459/7253 2358/3458/7254 2373/3479/7255
f 2373/3479/7256 2376/3482/7257 2359/3459/7258
f 2376/3482/7259 2373/3479/7260 2374/3480/7261
f 2374/3480/7262 2377/3483/7263 2376/3482/7264
f 2377/3483/7265 2374/3480/7266 2375/3481/7267
f 2379/3484/7268 2372/3478/7269 2378/3485/7270
f 2372/3478/7271 2379/3484/7272 2375/3481/7273
f 2380/3486/7274 2375/3481/7275 2379/3484/7276
f 2375/3481/7277 2380/3486/7278 2377/3483/7279
f 2381/3487/7280 2377/3483/7281 2380/3486/7282
f 2377/3483/7283 2381/3487/7284 2382/3488/7285
f 2383/3489/7286 2382/3488/7287 2381/3487/7288
f 2382/3488/7289 2383/3489/7290 2384/3490/7291
f 2384/3490/7292 2383/3489/7293 2385/3491/7294
f 2385/3491/7295 2386/3492/7296 2384/3490/7297
f 2388/3493/7298 2380/3486/7299 2387/3494/7300
f 2380/3486/7301 2388/3493/7302 2381/3487/7303
f 2389/3495/7304 2381/3487/7305 2388/3493/7306
f 2381/3487/7307 2389/3495/7308 2383/3489/7309
f 2383/3489/7310 2389/3495/7311 2390/3496/7312
f 2390/3496/7313 2385/3491/7314 2383/3489/7315
f 2385/3491/7316 2390/3496/7317 2391/3497/7318
f 2391/3497/7319 2392/3498/7320 2385/3491/7321
f 2393/3499/7322 2392/3498/7323 2391/3497/7324
f 2392/3498/7325 2393/3499/7326 2394/3500/7327
f 2391/3497/7328 2395/3501/7329 2393/3499/7330
f 2395/3501/7331 2391/3497/7332 2396/3502/7333
f 2396/3502/7334 2391/3497/7335 2390/3496/7336
f 2390/3496/7337 2397/3503/7338 2396/3502/7339
f 2397/3503/7340 2390/3496/7341 2389/3495/7342
f 2389/3495/7343 2398/3504/7344 2397/3503/7345
f 2388/3493/7346 2398/3504/7347 2389/3495/7348
f 2398/3504/7349 2388/3493/7350 2399/3505/7351
f 2387/3494/7352 2399/3505/7353 2388/3493/7354
f 2399/3505/7355 2387/3494/7356 2400/3506/7357
f 2396/3502/7358 2401/3507/7359 2395/3501/7360
f 2401/3507/7361 2396/3502/7362 2402/3508/7363
f 2402/3508/7364 2396/3502/7365 2397/3503/7366
f 2397/3503/7367 2403/3509/7368 2402/3508/7369
f 2403/3509/7370 2397/3503/7371 2398/3504/7372
f 2398/3504/7373 2404/3510/7374 2403/3509/7375
f 2399/3505/7376 2404/3510/7377 2398/3504/7378
f 2404/3510/7379 2399/3505/7380 2405/3511/7381
f 2400/3506/7382 2405/3511/7383 2399/3505/7384
f 2405/3511/7385 2400/3506/7386 2406/3512/7387
f 2402/3508/7388 2407/3513/7389 2401/3507/7390
f 2466/3514/7391 2407/3513/7392 2402/3508/7393 2408/3515/7394
f 2408/3515/7395 2402/3508/7396 2403/3509/7397
f 2403/3509/7398 2409/3516/7399 2408/3515/7400
f 2409/3516/7401 2403/3509/7402 2404/3510/7403
f 2404/3510/7404 2410/3517/7405 2409/3516/7406
f 2405/3511/7407 2410/3517/7408 2404/3510/7409
f 2410/3517/7410 2405/3511/7411 2411/3518/7412
f 2411/3518/7413 2412/3519/7414 2410/3517/7415
f 2412/3519/7416 2411/3518/7417 2413/3520/7418
f 2406/3512/7419 2411/3518/7420 2405/3511/7421
f 2411/3518/7422 2406/3512/7423 2414/3521/7424
f 2414/3521/7425 2413/3520/7426 2411/3518/7427
f 2413/3520/7428 2414/3521/7429 2415/3522/7430
f 2415/3522/7431 2416/3523/7432 2413/3520/7433
f 2417/3524/7434 2413/3520/7435 2416/3523/7436
f 2416/3523/7437 2418/3525/7438 2417/3524/7439
f 2417/3524/7440 2418/3525/7441 2419/3526/7442
f 2420/3527/7443 2419/3526/7444 2418/3525/7445
f 2419/3526/7446 2420/3527/7447 2421/3528/7448
f 2413/3520/7449 2417/3524/7450 2412/3519/7451
f 2412/3519/7452 2417/3524/7453 2422/3529/7454
f 2419/3526/7455 2422/3529/7456 2417/3524/7457
f 2422/3529/7458 2419/3526/7459 2423/3530/7460
f 2421/3528/7461 2423/3530/7462 2419/3526/7463
f 2424/3531/7464 2423/3530/7465 2421/3528/7466
f 2421/3528/7467 2425/3532/7468 2424/3531/7469
f 2424/3531/7470 2425/3532/7471 2426/3533/7472
f 2427/3534/7473 2426/3533/7474 2425/3532/7475
f 2426/3533/7476 2427/3534/7477 2428/3535/7478
f 2423/3530/7479 2424/3531/7480 2429/3536/7481
f 2429/3536/7482 2424/3531/7483 2430/3537/7484
f 2426/3533/7485 2430/3537/7486 2424/3531/7487
f 2430/3537/7488 2426/3533/7489 2431/3538/7490
f 2428/3535/7491 2431/3538/7492 2426/3533/7493
f 2432/3539/7494 2431/3538/7495 2428/3535/7496
f 2428/3535/7497 2433/3540/7498 2432/3539/7499
f 2434/3541/7500 2432/3539/7501 2433/3540/7502
f 2433/3540/7503 2435/3542/7504 2434/3541/7505
f 2436/3543/7506 2434/3541/7507 2435/3542/7508
f 2435/3542/7509 2437/3544/7510 2436/3543/7511
f 2434/3541/7512 2436/3543/7513 2438/3545/7514
f 2432/3539/7515 2434/3541/7516 2439/3546/7517
f 2438/3545/7518 2439/3546/7519 2434/3541/7520
f 2439/3546/7521 2438/3545/7522 2440/3547/7523
f 2431/3538/7524 2432/3539/7525 2441/3548/7526
f 2439/3546/7527 2441/3548/7528 2432/3539/7529
f 2441/3548/7530 2439/3546/7531 2440/3547/7532 2442/3549/7533
f 2442/3549/7534 2440/3547/7535 2443/3550/7536
f 3279/3551/7537 2436/3543/7538 2437/3544/7539
f 2436/3543/7540 3279/3551/7541 3280/3552/7542
f 3280/3552/7543 2438/3545/7544 2436/3543/7545
f 2438/3545/7546 3280/3552/7547 3281/3553/7548
f 3281/3553/7549 2440/3547/7550 2438/3545/7551
f 2440/3547/7552 3281/3553/7553 3282/3554/7554
f 3282/3554/7555 2443/3550/7556 2440/3547/7557
f 2443/3550/7558 3282/3554/7559 3283/3555/7560
f 3283/3555/7561 2444/3556/7562 2443/3550/7563
f 2444/3556/7564 3283/3555/7565 2445/3557/7566
f 2431/3538/7567 2446/3558/7568 2430/3537/7569
f 2441/3548/7570 2446/3558/7571 2431/3538/7572
f 2446/3558/7573 2441/3548/7574 2447/3559/7575
f 2442/3549/7576 2447/3559/7577 2441/3548/7578
f 2447/3559/7579 2442/3549/7580 2448/3560/7581
f 2443/3550/7582 2448/3560/7583 2442/3549/7584
f 2448/3560/7585 2443/3550/7586 2444/3556/7587
f 2450/3561/7588 2444/3556/7589 2449/3562/7590
f 2444/3556/7591 2450/3561/7592 2448/3560/7593
f 2451/3563/7594 2448/3560/7595 2450/3561/7596
f 2448/3560/7597 2451/3563/7598 2447/3559/7599
f 2452/3564/7600 2447/3559/7601 2451/3563/7602
f 2447/3559/7603 2452/3564/7604 2446/3558/7605
f 2446/3558/7606 2452/3564/7607 2453/3565/7608
f 2453/3565/7609 2430/3537/7610 2446/3558/7611
f 2430/3537/7612 2453/3565/7613 2429/3536/7614
f 2462/3566/7615 2455/3567/7616 2449/3562/7617 2454/3568/7618
f 2449/3562/7619 2455/3567/7620 2450/3561/7621
f 2456/3569/7622 2450/3561/7623 2455/3567/7624
f 2450/3561/7625 2456/3569/7626 2451/3563/7627
f 2457/3570/7628 2451/3563/7629 2456/3569/7630
f 2451/3563/7631 2457/3570/7632 2452/3564/7633
f 2452/3564/7634 2457/3570/7635 2458/3571/7636
f 2458/3571/7637 2453/3565/7638 2452/3564/7639
f 2453/3565/7640 2458/3571/7641 2459/3572/7642
f 2459/3572/7643 2429/3536/7644 2453/3565/7645
f 2460/3573/7646 2429/3536/7647 2459/3572/7648
f 2462/3566/7649 2454/3568/7650 2461/3574/7651
f 2463/3575/7652 2455/3567/7653 2462/3566/7654
f 2455/3567/7655 2463/3575/7656 2456/3569/7657
f 2464/3576/7658 2456/3569/7659 2463/3575/7660
f 2456/3569/7661 2464/3576/7662 2457/3570/7663
f 2457/3570/7664 2464/3576/7665 2465/3577/7666
f 2465/3577/7667 2458/3571/7668 2457/3570/7669
f 2458/3571/7670 2465/3577/7671 2466/3514/7672
f 2466/3514/7673 2459/3572/7674 2458/3571/7675
f 2467/3578/7676 2459/3572/7677 2466/3514/7678
f 2459/3572/7679 2467/3578/7680 2460/3573/7681
f 2460/3573/7682 2467/3578/7683 2468/3579/7684
f 2466/3514/7685 2408/3515/7686 2467/3578/7687
f 2467/3578/7688 2408/3515/7689 2409/3516/7690
f 2409/3516/7691 2468/3579/7692 2467/3578/7693
f 2468/3579/7694 2409/3516/7695 2410/3517/7696
f 2410/3517/7697 2412/3519/7698 2468/3579/7699
f 2422/3529/7700 2468/3579/7701 2412/3519/7702
f 2468/3579/7703 2422/3529/7704 2460/3573/7705
f 2423/3530/7706 2460/3573/7707 2422/3529/7708
f 2429/3536/7709 2460/3573/7710 2423/3530/7711
f 2470/3580/7712 2461/3574/7713 2469/3581/7714
f 2461/3574/7715 2470/3580/7716 2462/3566/7717
f 2471/3582/7718 2462/3566/7719 2470/3580/7720
f 2462/3566/7721 2471/3582/7722 2463/3575/7723
f 2472/3583/7724 2463/3575/7725 2471/3582/7726
f 2463/3575/7727 2472/3583/7728 2464/3576/7729
f 2464/3576/7730 2472/3583/7731 2473/3584/7732
f 2473/3584/7733 2465/3577/7734 2464/3576/7735
f 2465/3577/7736 2473/3584/7737 2407/3513/7738
f 2407/3513/7739 2466/3514/7740 2465/3577/7741
f 2475/3585/7742 2469/3581/7743 2474/3586/7744
f 2469/3581/7745 2475/3585/7746 2470/3580/7747
f 2476/3587/7748 2470/3580/7749 2475/3585/7750
f 2470/3580/7751 2476/3587/7752 2471/3582/7753
f 2477/3588/7754 2471/3582/7755 2476/3587/7756
f 2471/3582/7757 2477/3588/7758 2472/3583/7759
f 2472/3583/7760 2477/3588/7761 2478/3589/7762
f 2478/3589/7763 2473/3584/7764 2472/3583/7765
f 2473/3584/7766 2478/3589/7767 2401/3507/7768
f 2401/3507/7769 2407/3513/7770 2473/3584/7771
f 2480/3590/7772 2474/3586/7773 2479/3591/7774
f 2474/3586/7775 2480/3590/7776 2475/3585/7777
f 2481/3592/7778 2475/3585/7779 2480/3590/7780
f 2475/3585/7781 2481/3592/7782 2476/3587/7783
f 2482/3593/7784 2476/3587/7785 2481/3592/7786
f 2476/3587/7787 2482/3593/7788 2477/3588/7789
f 2477/3588/7790 2482/3593/7791 2483/3594/7792
f 2483/3594/7793 2478/3589/7794 2477/3588/7795
f 2478/3589/7796 2483/3594/7797 2395/3501/7798
f 2395/3501/7799 2401/3507/7800 2478/3589/7801
f 2485/3595/7802 2479/3591/7803 2484/3596/7804
f 2479/3591/7805 2485/3595/7806 2480/3590/7807
f 2486/3597/7808 2480/3590/7809 2485/3595/7810
f 2480/3590/7811 2486/3597/7812 2481/3592/7813
f 2487/3598/7814 2481/3592/7815 2486/3597/7816
f 2481/3592/7817 2487/3598/7818 2482/3593/7819
f 2482/3593/7820 2487/3598/7821 2488/3599/7822
f 2488/3599/7823 2483/3594/7824 2482/3593/7825
f 2483/3594/7826 2488/3599/7827 2393/3499/7828
f 2393/3499/7829 2395/3501/7830 2483/3594/7831
f 2394/3500/7832 2393/3499/7833 2488/3599/7834
f 2488/3599/7835 2489/3600/7836 2394/3500/7837
f 2489/3600/7838 2488/3599/7839 2487/3598/7840
f 2487/3598/7841 2490/3601/7842 2489/3600/7843
f 2486/3597/7844 2490/3601/7845 2487/3598/7846
f 2490/3601/7847 2486/3597/7848 2491/3602/7849
f 2485/3595/7850 2491/3602/7851 2486/3597/7852
f 2491/3602/7853 2485/3595/7854 2492/3603/7855
f 2484/3596/7856 2492/3603/7857 2485/3595/7858
f 2503/3604/7859 2492/3603/7860 2484/3596/7861 2493/3605/7862
f 2386/3492/7863 2385/3491/7864 2392/3498/7865
f 2392/3498/7866 2494/3606/7867 2386/3492/7868
f 2394/3500/7869 2494/3606/7870 2392/3498/7871
f 2494/3606/7872 2394/3500/7873 2495/3607/7874
f 2495/3607/7875 2394/3500/7876 2489/3600/7877
f 2489/3600/7878 2496/3608/7879 2495/3607/7880
f 2496/3608/7881 2489/3600/7882 2490/3601/7883
f 2490/3601/7884 2497/3609/7885 2496/3608/7886
f 2491/3602/7887 2497/3609/7888 2490/3601/7889
f 2497/3609/7890 2491/3602/7891 2498/3610/7892
f 2499/3611/7893 2495/3607/7894 2496/3608/7895
f 2496/3608/7896 2500/3612/7897 2499/3611/7898
f 2500/3612/7899 2496/3608/7900 2497/3609/7901
f 2497/3609/7902 2501/3613/7903 2500/3612/7904
f 2498/3610/7905 2501/3613/7906 2497/3609/7907
f 2501/3613/7908 2498/3610/7909 2502/3614/7910
f 2503/3604/7911 2502/3614/7912 2498/3610/7913
f 2502/3614/7914 2503/3604/7915 2504/3615/7916
f 2505/3616/7917 2504/3615/7918 2503/3604/7919
f 2504/3615/7920 2505/3616/7921 2506/3617/7922
f 2492/3603/7923 2498/3610/7924 2491/3602/7925
f 2498/3610/7926 2492/3603/7927 2503/3604/7928
f 2503/3604/7929 2493/3605/7930 2505/3616/7931
f 2507/3618/7932 2505/3616/7933 2493/3605/7934
f 2505/3616/7935 2507/3618/7936 2508/3619/7937
f 2508/3619/7938 2506/3617/7939 2505/3616/7940
f 2506/3617/7941 2508/3619/7942 2509/3620/7943
f 2509/3620/7944 2510/3621/7945 2506/3617/7946
f 2510/3621/7947 2509/3620/7948 2259/3622/7949
f 2506/3617/7950 2511/3623/7951 2504/3615/7952
f 2511/3623/7953 2506/3617/7954 2510/3621/7955
f 2510/3621/7956 2512/3624/7957 2511/3623/7958
f 2512/3624/7959 2510/3621/7960 2513/3625/7961
f 2513/3625/7962 2514/3626/7963 2512/3624/7964
f 2514/3626/7965 2513/3625/7966 2515/3627/7967
f 2515/3627/7968 2516/3628/7969 2514/3626/7970
f 2516/3628/7971 2515/3627/7972 2260/3629/7973 2517/3630/7974
f 2517/3630/7975 2518/3631/7976 2516/3628/7977
f 2518/3631/7978 2517/3630/7979 2519/3632/7980
f 2259/3622/7981 2513/3625/7982 2510/3621/7983
f 2513/3625/7984 2259/3622/7985 2520/3633/7986
f 2520/3633/7987 2515/3627/7988 2513/3625/7989
f 2515/3627/7990 2520/3633/7991 2260/3629/7992
f 2517/3630/7993 2260/3629/7994 2261/3634/7995
f 2261/3634/7996 2519/3632/7997 2517/3630/7998
f 2519/3632/7999 2261/3634/8000 2262/3635/8001
f 2262/3635/8002 2521/3636/8003 2519/3632/8004
f 2521/3636/8005 2262/3635/8006 2263/3637/8007
f 2519/3632/8008 2522/3638/8009 2518/3631/8010
f 2522/3638/8011 2519/3632/8012 2521/3636/8013
f 2521/3636/8014 2523/3639/8015 2522/3638/8016
f 2523/3639/8017 2521/3636/8018 2524/3640/8019
f 2524/3640/8020 2525/3641/8021 2523/3639/8022
f 2526/3642/8023 2523/3639/8024 2525/3641/8025
f 2525/3641/8026 2527/3643/8027 2526/3642/8028
f 2528/3644/8029 2526/3642/8030 2527/3643/8031
f 2527/3643/8032 2529/3645/8033 2528/3644/8034
f 2528/3644/8035 2529/3645/8036 2530/3646/8037
f 2263/3637/8038 2524/3640/8039 2521/3636/8040
f 2524/3640/8041 2263/3637/8042 2264/3647/8043
f 2264/3647/8044 2786/3648/8045 2524/3640/8046
f 2525/3641/8047 2524/3640/8048 2786/3648/8049
f 2786/3648/8050 2784/3649/8051 2525/3641/8052
f 2527/3643/8053 2525/3641/8054 2784/3649/8055
f 2784/3649/8056 2781/3650/8057 2527/3643/8058
f 2529/3645/8059 2527/3643/8060 2781/3650/8061
f 2781/3650/8062 2779/3651/8063 2529/3645/8064
f 2529/3645/8065 2779/3651/8066 2531/3652/8067
f 2531/3652/8068 2530/3646/8069 2529/3645/8070
f 2530/3646/8071 2531/3652/8072 2780/3653/8073
f 2780/3653/8074 2532/3654/8075 2530/3646/8076
f 2533/3655/8077 2532/3654/8078 2780/3653/8079
f 2532/3654/8080 2533/3655/8081 2534/3656/8082
f 2534/3656/8083 2533/3655/8084 2535/3657/8085
f 2535/3657/8086 2536/3658/8087 2534/3656/8088
f 2536/3658/8089 2535/3657/8090 2537/3659/8091
f 2537/3659/8092 2302/3396/8093 2536/3658/8094
f 2301/3397/8095 2302/3396/8096 2537/3659/8097
f 2530/3646/8098 2538/3660/8099 2528/3644/8100
f 2538/3660/8101 2530/3646/8102 2532/3654/8103
f 2532/3654/8104 2539/3661/8105 2538/3660/8106
f 2534/3656/8107 2539/3661/8108 2532/3654/8109
f 2539/3661/8110 2534/3656/8111 2540/3662/8112
f 2540/3662/8113 2534/3656/8114 2536/3658/8115
f 2536/3658/8116 2541/3663/8117 2540/3662/8118
f 2541/3663/8119 2536/3658/8120 2302/3396/8121
f 2302/3396/8122 2309/3404/8123 2541/3663/8124
f 2300/3398/8125 2309/3404/8126 2302/3396/8127
f 2526/3642/8128 2528/3644/8129 2542/3664/8130
f 2542/3664/8131 2528/3644/8132 2538/3660/8133
f 2538/3660/8134 2543/3665/8135 2542/3664/8136
f 2543/3665/8137 2538/3660/8138 2539/3661/8139
f 2539/3661/8140 2544/3666/8141 2543/3665/8142
f 2540/3662/8143 2544/3666/8144 2539/3661/8145
f 2544/3666/8146 2540/3662/8147 2545/3667/8148
f 2545/3667/8149 2540/3662/8150 2541/3663/8151
f 2541/3663/8152 2315/3412/8153 2545/3667/8154
f 2315/3412/8155 2541/3663/8156 2309/3404/8157
f 2543/3665/8158 2547/3668/8159 2546/3669/8160
f 2547/3668/8161 2543/3665/8162 2544/3666/8163
f 2544/3666/8164 2548/3670/8165 2547/3668/8166
f 2545/3667/8167 2548/3670/8168 2544/3666/8169
f 2548/3670/8170 2545/3667/8171 2549/3671/8172
f 2549/3671/8173 2545/3667/8174 2315/3412/8175
f 2315/3412/8176 2550/3672/8177 2549/3671/8178
f 2550/3672/8179 2315/3412/8180 2316/3411/8181
f 2316/3411/8182 2322/3417/8183 2550/3672/8184
f 2317/3413/8185 2322/3417/8186 2316/3411/8187
f 2551/3673/8188 2546/3669/8189 2547/3668/8190
f 2547/3668/8191 2552/3674/8192 2551/3673/8193
f 2552/3674/8194 2547/3668/8195 2548/3670/8196
f 2548/3670/8197 2553/3675/8198 2552/3674/8199
f 2549/3671/8200 2553/3675/8201 2548/3670/8202
f 2553/3675/8203 2549/3671/8204 2554/3676/8205
f 2554/3676/8206 2549/3671/8207 2550/3672/8208
f 2550/3672/8209 2555/3677/8210 2554/3676/8211
f 2555/3677/8212 2550/3672/8213 2322/3417/8214
f 2322/3417/8215 2338/3439/8216 2555/3677/8217
f 2321/3418/8218 2338/3439/8219 2322/3417/8220
f 2338/3439/8221 2321/3418/8222 2337/3437/8223
f 2321/3418/8224 2323/3419/8225 2337/3437/8226
f 2556/3678/8227 2551/3673/8228 2552/3674/8229
f 2552/3674/8230 2557/3679/8231 2556/3678/8232
f 2557/3679/8233 2552/3674/8234 2553/3675/8235
f 2553/3675/8236 2558/3680/8237 2557/3679/8238
f 2554/3676/8239 2558/3680/8240 2553/3675/8241
f 2558/3680/8242 2554/3676/8243 2559/3681/8244
f 2559/3681/8245 2554/3676/8246 2555/3677/8247
f 2555/3677/8248 2560/3682/8249 2559/3681/8250
f 2560/3682/8251 2555/3677/8252 2338/3439/8253
f 2338/3439/8254 2339/3438/8255 2560/3682/8256
f 2561/3683/8257 2556/3678/8258 2557/3679/8259
f 2557/3679/8260 2562/3684/8261 2561/3683/8262
f 2562/3684/8263 2557/3679/8264 2558/3680/8265
f 2558/3680/8266 2563/3685/8267 2562/3684/8268
f 2559/3681/8269 2563/3685/8270 2558/3680/8271
f 2563/3685/8272 2559/3681/8273 2564/3686/8274
f 2564/3686/8275 2559/3681/8276 2560/3682/8277
f 2560/3682/8278 2345/3446/8279 2564/3686/8280
f 2345/3446/8281 2560/3682/8282 2339/3438/8283
f 2339/3438/8284 2340/3440/8285 2345/3446/8286
f 2565/3687/8287 2561/3683/8288 2562/3684/8289
f 2562/3684/8290 2566/3688/8291 2565/3687/8292
f 2566/3688/8293 2562/3684/8294 2563/3685/8295
f 2563/3685/8296 2567/3689/8297 2566/3688/8298
f 2564/3686/8299 2567/3689/8300 2563/3685/8301
f 2567/3689/8302 2564/3686/8303 2568/3690/8304
f 2568/3690/8305 2564/3686/8306 2345/3446/8307
f 2345/3446/8308 2346/3445/8309 2568/3690/8310
f 2569/3691/8311 2568/3690/8312 2346/3445/8313
f 2346/3445/8314 2347/3447/8315 2569/3691/8316
f 2570/3692/8317 2565/3687/8318 2566/3688/8319
f 2566/3688/8320 2571/3693/8321 2570/3692/8322
f 2572/3694/8323 2571/3693/8324 2566/3688/8325 2567/3689/8326
f 2568/3690/8327 2572/3694/8328 2567/3689/8329
f 2572/3694/8330 2568/3690/8331 2569/3691/8332
f 2574/3695/8333 2569/3691/8334 2573/3696/8335
f 2569/3691/8336 2574/3695/8337 2572/3694/8338
f 2572/3694/8339 2574/3695/8340 2575/3697/8341
f 2575/3697/8342 2571/3693/8343 2572/3694/8344
f 2571/3693/8345 2575/3697/8346 2576/3698/8347
f 2576/3698/8348 2570/3692/8349 2571/3693/8350
f 2577/3699/8351 2570/3692/8352 2576/3698/8353
f 2570/3692/8354 2577/3699/8355 2578/3700/8356
f 2578/3700/8357 2565/3687/8358 2570/3692/8359
f 2565/3687/8360 2578/3700/8361 2579/3701/8362
f 2575/3697/8363 2500/3612/8364 2501/3613/8365
f 2501/3613/8366 2576/3698/8367 2575/3697/8368
f 2502/3614/8369 2576/3698/8370 2501/3613/8371
f 2576/3698/8372 2502/3614/8373 2577/3699/8374
f 2504/3615/8375 2577/3699/8376 2502/3614/8377
f 2577/3699/8378 2504/3615/8379 2511/3623/8380
f 2511/3623/8381 2578/3700/8382 2577/3699/8383
f 2578/3700/8384 2511/3623/8385 2512/3624/8386
f 2512/3624/8387 2579/3701/8388 2578/3700/8389
f 2579/3701/8390 2512/3624/8391 2514/3626/8392
f 2514/3626/8393 2580/3702/8394 2579/3701/8395
f 2580/3702/8396 2514/3626/8397 2516/3628/8398
f 2516/3628/8399 2581/3703/8400 2580/3702/8401
f 2581/3703/8402 2516/3628/8403 2518/3631/8404
f 2518/3631/8405 2582/3704/8406 2581/3703/8407
f 2582/3704/8408 2518/3631/8409 2522/3638/8410
f 2522/3638/8411 2583/3705/8412 2582/3704/8413
f 2583/3705/8414 2522/3638/8415 2523/3639/8416
f 2523/3639/8417 2526/3642/8418 2583/3705/8419
f 2542/3664/8420 2583/3705/8421 2526/3642/8422
f 2579/3701/8423 2561/3683/8424 2565/3687/8425
f 2561/3683/8426 2579/3701/8427 2580/3702/8428
f 2580/3702/8429 2556/3678/8430 2561/3683/8431
f 2556/3678/8432 2580/3702/8433 2581/3703/8434
f 2581/3703/8435 2551/3673/8436 2556/3678/8437
f 2551/3673/8438 2581/3703/8439 2582/3704/8440
f 2582/3704/8441 2546/3669/8442 2551/3673/8443
f 2546/3669/8444 2582/3704/8445 2583/3705/8446
f 2583/3705/8447 2542/3664/8448 2546/3669/8449
f 2546/3669/8450 2542/3664/8451 2543/3665/8452
f 2586/3706/8453 2585/3707/8454 2584/3708/8455
f 2584/3708/8456 2587/3709/8457 2586/3706/8458
f 2587/3709/8459 2584/3708/8460 2588/3710/8461
f 2588/3710/8462 2589/3711/8463 2587/3709/8464
f 2589/3711/8465 2588/3710/8466 2590/3712/8467
f 2590/3712/8468 2103/3163/8469 2589/3711/8470
f 2103/3163/8471 2590/3712/8472 2101/3161/8473
f 2586/3706/8474 2587/3709/8475 2591/3713/8476
f 2591/3713/8477 2587/3709/8478 2589/3711/8479
f 2589/3711/8480 2592/3714/8481 2591/3713/8482
f 2592/3714/8483 2589/3711/8484 2103/3163/8485
f 2103/3163/8486 2105/3165/8487 2592/3714/8488
f 2591/3713/8489 2592/3714/8490 2593/3715/8491
f 2593/3715/8492 2592/3714/8493 2105/3165/8494
f 2106/3166/8495 2105/3165/8496 2104/3164/8497
f 2105/3165/8498 2106/3166/8499 2593/3715/8500
f 2593/3715/8501 2106/3166/8502 2086/3143/8503
f 2086/3143/8504 2085/3142/8505 2593/3715/8506
f 2084/3141/8507 2593/3715/8508 2085/3142/8509
f 2593/3715/8510 2084/3141/8511 2591/3713/8512
f 2090/3147/8513 2591/3713/8514 2084/3141/8515
f 2591/3713/8516 2090/3147/8517 2586/3706/8518
f 2092/3149/8519 2586/3706/8520 2090/3147/8521
f 2585/3707/8522 2586/3706/8523 2092/3149/8524
f 2092/3149/8525 2095/3155/8526 2585/3707/8527
f 2585/3707/8528 2095/3155/8529 3139/3716/8530
f 2649/3154/8531 3139/3716/8532 2095/3155/8533
f 3139/3716/8534 3138/3717/8535 2585/3707/8536
f 2584/3708/8537 2585/3707/8538 3138/3717/8539
f 3138/3717/8540 2666/3718/8541 2584/3708/8542
f 2588/3710/8543 2584/3708/8544 2666/3718/8545
f 2666/3718/8546 2660/3719/8547 2588/3710/8548
f 2590/3712/8549 2588/3710/8550 2660/3719/8551
f 2660/3719/8552 2659/3720/8553 2590/3712/8554
f 2101/3161/8555 2590/3712/8556 2659/3720/8557
f 2659/3720/8558 2651/3150/8559 2101/3161/8560
f 2093/3152/8561 2101/3161/8562 2651/3150/8563
f 1727/2752/8564 1729/2754/8565 1648/2755/8566
f 2596/3721/8567 2595/3722/8568 2594/3723/8569
f 2597/3724/8570 2594/3723/8571 2595/3722/8572
f 2595/3722/8573 2598/3725/8574 2597/3724/8575
f 2599/3726/8576 2597/3724/8577 2598/3725/8578
f 2598/3725/8579 2600/3727/8580 2599/3726/8581
f 2110/3169/8582 2599/3726/8583 2600/3727/8584
f 2600/3727/8585 2089/3146/8586 2110/3169/8587
f 2107/3167/8588 2110/3169/8589 2089/3146/8590
f 2089/3146/8591 2087/3144/8592 2107/3167/8593
f 2602/3728/8594 2601/3729/8595 3358/3730/8596
f 2603/3731/8597 3358/3730/8598 2601/3729/8599
f 2601/3729/8600 2594/3723/8601 2603/3731/8602
f 2604/3732/8603 2603/3731/8604 2594/3723/8605
f 2594/3723/8606 2597/3724/8607 2604/3732/8608
f 2605/3733/8609 2604/3732/8610 2597/3724/8611
f 2597/3724/8612 2599/3726/8613 2605/3733/8614
f 2606/3734/8615 2605/3733/8616 2599/3726/8617
f 2599/3726/8618 2110/3169/8619 2606/3734/8620
f 2109/3170/8621 2606/3734/8622 2110/3169/8623
f 1913/2947/8624 2607/3735/8625 1914/2948/8626
f 2608/3736/8627 1914/2948/8628 2607/3735/8629
f 2607/3735/8630 2609/3737/8631 2608/3736/8632
f 2610/3738/8633 2608/3736/8634 2609/3737/8635
f 2609/3737/8636 2611/3739/8637 2610/3738/8638
f 2602/3728/8639 2610/3738/8640 2611/3739/8641
f 2611/3739/8642 2612/3740/8643 2602/3728/8644
f 2601/3729/8645 2602/3728/8646 2612/3740/8647
f 2612/3740/8648 2596/3721/8649 2601/3729/8650
f 2594/3723/8651 2601/3729/8652 2596/3721/8653
f 1911/2945/8654 1912/2946/8655 1920/2956/8656
f 3351/3741/8657 1920/2956/8658 1912/2946/8659
f 1912/2946/8660 1914/2948/8661 3351/3741/8662
f 3352/3742/8663 3351/3741/8664 1914/2948/8665
f 1914/2948/8666 2608/3736/8667 3352/3742/8668
f 3354/3743/8669 3352/3742/8670 2608/3736/8671
f 2608/3736/8672 2610/3738/8673 3354/3743/8674
f 3356/3744/8675 3354/3743/8676 2610/3738/8677
f 2610/3738/8678 2602/3728/8679 3356/3744/8680
f 3358/3730/8681 3356/3744/8682 2602/3728/8683
f 3160/3745/8684 2614/3746/8685 2613/3747/8686
f 2613/3747/8687 3161/3748/8688 3160/3745/8689
f 3161/3748/8690 2613/3747/8691 2615/3749/8692
f 2615/3749/8693 2757/3750/8694 3161/3748/8695
f 2757/3750/8696 2615/3749/8697 2616/3751/8698
f 2616/3751/8699 2756/3752/8700 2757/3750/8701
f 2756/3752/8702 2616/3751/8703 2617/3753/8704
f 2617/3753/8705 2758/3754/8706 2756/3752/8707
f 2758/3754/8708 2617/3753/8709 2618/3755/8710
f 2618/3755/8711 2759/3756/8712 2758/3754/8713
f 2759/3756/8714 2618/3755/8715 3335/3757/8716
f 3335/3757/8717 2286/3758/8718 2759/3756/8719
f 3156/3759/8720 3155/3760/8721 2620/3761/8722 2619/3762/8723
f 3156/3759/8724 2619/3762/8725 2621/3763/8726
f 2621/3763/8727 3157/3764/8728 3156/3759/8729
f 3157/3764/8730 2621/3763/8731 2622/3765/8732
f 2622/3765/8733 3158/3766/8734 3157/3764/8735
f 3158/3766/8736 2622/3765/8737 2623/3767/8738
f 2623/3767/8739 3159/3768/8740 3158/3766/8741
f 3159/3768/8742 2623/3767/8743 2614/3746/8744
f 2614/3746/8745 3160/3745/8746 3159/3768/8747
f 3205/3769/8748 2625/3770/8749 2624/3771/8750
f 2624/3771/8751 3206/3772/8752 3205/3769/8753
f 3206/3772/8754 2624/3771/8755 2626/3773/8756
f 2626/3773/8757 3151/3774/8758 3206/3772/8759
f 3151/3774/8760 2626/3773/8761 2627/3775/8762
f 2627/3775/8763 3150/3776/8764 3151/3774/8765
f 3150/3776/8766 2627/3775/8767 2628/3777/8768
f 2628/3777/8769 3154/3778/8770 3150/3776/8771
f 3154/3778/8772 2628/3777/8773 2620/3761/8774
f 2620/3761/8775 3155/3760/8776 3154/3778/8777
f 2630/3779/8778 3350/3780/8779 2629/3781/8780
f 2629/3781/8781 2369/3782/8782 2630/3779/8783
f 2369/3782/8784 2629/3781/8785 3353/3783/8786
f 3353/3783/8787 2371/3784/8788 2369/3782/8789
f 2371/3784/8790 3353/3783/8791 3355/3785/8792
f 3355/3785/8793 3204/3786/8794 2371/3784/8795
f 3204/3786/8796 3355/3785/8797 3357/3787/8798
f 3357/3787/8799 2631/3788/8800 3204/3786/8801
f 2631/3788/8802 3357/3787/8803 2625/3770/8804
f 2625/3770/8805 3205/3769/8806 2631/3788/8807
f 2633/3789/8808 3345/3790/8809 2632/3791/8810
f 2632/3791/8811 2365/3792/8812 2633/3789/8813
f 2365/3792/8814 2632/3791/8815 2634/3793/8816
f 2634/3793/8817 2635/3794/8818 2365/3792/8819
f 2635/3794/8820 2634/3793/8821 3348/3795/8822
f 3348/3795/8823 2636/3796/8824 2635/3794/8825
f 2636/3796/8826 3348/3795/8827 3349/3797/8828
f 3349/3797/8829 2366/3798/8830 2636/3796/8831
f 2366/3798/8832 3349/3797/8833 3350/3780/8834
f 3350/3780/8835 2630/3779/8836 2366/3798/8837
f 2638/3799/8838 3341/3800/8839 2637/3801/8840
f 2637/3801/8841 2639/3802/8842 2638/3799/8843
f 2639/3802/8844 2637/3801/8845 3344/3803/8846
f 3344/3803/8847 2306/3804/8848 2639/3802/8849
f 2306/3804/8850 3344/3803/8851 2640/3805/8852
f 2640/3805/8853 2641/3806/8854 2306/3804/8855
f 2641/3806/8856 2640/3805/8857 2642/3807/8858
f 2642/3807/8859 2643/3808/8860 2641/3806/8861
f 2643/3808/8862 2642/3807/8863 3345/3790/8864
f 3345/3790/8865 2633/3789/8866 2643/3808/8867
f 2286/3809/8868 3335/3810/8869 3336/3811/8870
f 3336/3811/8871 2285/3812/8872 2286/3809/8873
f 2285/3812/8874 3336/3811/8875 3338/3813/8876
f 3338/3813/8877 2279/3814/8878 2285/3812/8879
f 2279/3814/8880 3338/3813/8881 3340/3815/8882
f 3340/3815/8883 2278/3816/8884 2279/3814/8885
f 2278/3816/8886 3340/3815/8887 2644/3817/8888
f 2644/3817/8889 2645/3818/8890 2278/3816/8891
f 2645/3818/8892 2644/3817/8893 3341/3800/8894
f 3341/3800/8895 2638/3799/8896 2645/3818/8897
f 2648/3819/8898 2647/3820/8899 2646/3821/8900
f 2646/3821/8901 2649/3822/8902 2648/3819/8903
f 2648/3819/8904 2651/3823/8905 2650/3824/8906
f 2650/3824/8907 2647/3820/8908 2648/3819/8909
f 2647/3820/8910 2650/3824/8911 2652/3825/8912
f 2652/3825/8913 2653/3826/8914 2647/3820/8915
f 2646/3821/8916 2647/3820/8917 2653/3826/8918
f 2653/3826/8919 2654/3827/8920 2646/3821/8921
f 2656/3828/8922 2655/3829/8923 2653/3826/8924
f 2653/3826/8925 2652/3825/8926 2656/3828/8927
f 2656/3828/8928 2652/3825/8929 2657/3830/8930
f 2657/3830/8931 2652/3825/8932 2650/3824/8933
f 2650/3824/8934 2658/3831/8935 2657/3830/8936
f 2658/3831/8937 2650/3824/8938 2651/3823/8939
f 2651/3823/8940 2659/3832/8941 2658/3831/8942
f 2658/3831/8943 2659/3832/8944 2660/3833/8945
f 2661/3834/8946 2656/3828/8947 2657/3830/8948
f 2661/3834/8949 2663/3835/8950 2662/3836/8951
f 2657/3830/8952 2663/3835/8953 2661/3834/8954
f 2663/3835/8955 2657/3830/8956 2664/3837/8957
f 2664/3837/8958 2657/3830/8959 2658/3831/8960
f 2658/3831/8961 2665/3838/8962 2664/3837/8963
f 2660/3833/8964 2665/3838/8965 2658/3831/8966
f 2665/3838/8967 2660/3833/8968 2666/3839/8969
f 2666/3839/8970 2667/3840/8971 2665/3838/8972
f 2668/3841/8973 2667/3840/8974 2666/3839/8975
f 2669/3842/8976 2667/3840/8977 2668/3841/8978
f 2664/3837/8979 2670/3843/8980 2663/3835/8981
f 2663/3835/8982 2670/3843/8983 2671/3844/8984
f 2671/3844/8985 2662/3836/8986 2663/3835/8987
f 2662/3836/8988 2671/3844/8989 2672/3845/8990
f 2673/3846/8991 2672/3845/8992 2671/3844/8993
f 2671/3844/8994 2674/3847/8995 2673/3846/8996
f 2674/3847/8997 2671/3844/8998 2670/3843/8999
f 2670/3843/9000 2675/3848/9001 2674/3847/9002
f 2675/3848/9003 2670/3843/9004 2664/3837/9005
f 2664/3837/9006 2669/3842/9007 2675/3848/9008
f 2667/3840/9009 2669/3842/9010 2664/3837/9011
f 2664/3837/9012 2665/3838/9013 2667/3840/9014
f 2675/3848/9015 2669/3842/9016 2676/3849/9017
f 2674/3847/9018 2678/3850/9019 2677/3851/9020
f 2677/3851/9021 2673/3846/9022 2674/3847/9023
f 2679/3852/9024 2673/3846/9025 2677/3851/9026
f 2672/3845/9027 2673/3846/9028 2679/3852/9029
f 2679/3852/9030 2680/3853/9031 2672/3845/9032
f 2680/3853/9033 2679/3852/9034 2681/3854/9035
f 2682/3855/9036 2681/3854/9037 2679/3852/9038
f 2681/3854/9039 2682/3855/9040 2683/3856/9041
f 2684/3857/9042 2683/3856/9043 2682/3855/9044
f 2685/3858/9045 2683/3856/9046 2684/3857/9047
f 2687/3859/9048 2662/3836/9049 2686/3860/9050
f 2672/3845/9051 2686/3860/9052 2662/3836/9053
f 2688/3861/9054 2686/3860/9055 2672/3845/9056
f 2672/3845/9057 2680/3853/9058 2688/3861/9059
f 2688/3861/9060 2680/3853/9061 2689/3862/9062
f 2681/3854/9063 2689/3862/9064 2680/3853/9065
f 2689/3862/9066 2681/3854/9067 2690/3863/9068
f 2683/3856/9069 2690/3863/9070 2681/3854/9071
f 2691/3864/9072 2690/3863/9073 2683/3856/9074
f 2683/3856/9075 2685/3858/9076 2691/3864/9077
f 2691/3864/9078 2693/3865/9079 2692/3866/9080 2690/3863/9081
f 2690/3863/9082 2692/3866/9083 2689/3862/9084
f 2694/3867/9085 2689/3862/9086 2692/3866/9087
f 2689/3862/9088 2694/3867/9089 2688/3861/9090
f 2695/3868/9091 2688/3861/9092 2694/3867/9093
f 2686/3860/9094 2688/3861/9095 2695/3868/9096
f 2695/3868/9097 2696/3869/9098 2686/3860/9099
f 2686/3860/9100 2696/3869/9101 2687/3859/9102
f 2697/3870/9103 2687/3859/9104 2696/3869/9105
f 2687/3859/9106 2697/3870/9107 2698/3871/9108
f 2694/3867/9109 2699/3872/9110 2695/3868/9111
f 2699/3872/9112 2694/3867/9113 2700/3873/9114
f 2692/3866/9115 2700/3873/9116 2694/3867/9117
f 2701/3874/9118 2700/3873/9119 2692/3866/9120
f 2692/3866/9121 2693/3865/9122 2701/3874/9123
f 2702/3875/9124 2701/3874/9125 2693/3865/9126
f 2693/3865/9127 2703/3876/9128 2702/3875/9129
f 2704/3877/9130 2702/3875/9131 2703/3876/9132
f 2703/3876/9133 2705/3878/9134 2704/3877/9135
f 2706/3879/9136 2705/3878/9137 2703/3876/9138
f 2202/3880/9139 2706/3879/9140 2707/3881/9141
f 2706/3879/9142 2202/3880/9143 2203/3882/9144
f 2203/3882/9145 2705/3878/9146 2706/3879/9147
f 2705/3878/9148 2203/3882/9149 2204/3883/9150
f 2204/3883/9151 2704/3877/9152 2705/3878/9153
f 2704/3877/9154 2204/3883/9155 2205/3884/9156
f 2205/3884/9157 2708/3885/9158 2704/3877/9159
f 2708/3885/9160 2205/3884/9161 2206/3886/9162
f 2206/3886/9163 2437/3544/9164 2708/3885/9165
f 2437/3544/9166 2206/3886/9167 3279/3551/9168
f 2711/3887/9169 2710/3888/9170 2709/3889/9171
f 2709/3889/9172 2712/3890/9173 2711/3887/9174
f 2712/3890/9175 2709/3889/9176 2707/3881/9177
f 2707/3881/9178 2713/3891/9179 2712/3890/9180
f 2713/3891/9181 2707/3881/9182 2706/3879/9183
f 2706/3879/9184 2714/3892/9185 2713/3891/9186
f 2703/3876/9187 2714/3892/9188 2706/3879/9189
f 2691/3864/9190 2714/3892/9191 2703/3876/9192
f 2703/3876/9193 2693/3865/9194 2691/3864/9195
f 2714/3892/9196 2691/3864/9197 2685/3858/9198
f 2685/3858/9199 2713/3891/9200 2714/3892/9201
f 2713/3891/9202 2685/3858/9203 2715/3893/9204
f 2715/3893/9205 2712/3890/9206 2713/3891/9207
f 2712/3890/9208 2715/3893/9209 2716/3894/9210
f 2716/3894/9211 2711/3887/9212 2712/3890/9213
f 2718/3895/9214 2711/3887/9215 2716/3894/9216 2717/3896/9217
f 2718/3895/9218 2717/3896/9219 2719/3897/9220
f 2720/3898/9221 2719/3897/9222 2717/3896/9223
f 2684/3857/9224 2715/3893/9225 2685/3858/9226
f 2715/3893/9227 2684/3857/9228 2721/3899/9229
f 2721/3899/9230 2716/3894/9231 2715/3893/9232
f 2716/3894/9233 2721/3899/9234 2722/3900/9235
f 2722/3900/9236 2717/3896/9237 2716/3894/9238
f 2717/3896/9239 2722/3900/9240 2720/3898/9241
f 2720/3898/9242 2722/3900/9243 2723/3901/9244
f 2723/3901/9245 2724/3902/9246 2720/3898/9247
f 2724/3902/9248 2723/3901/9249 2725/3903/9250
f 2725/3903/9251 2726/3904/9252 2724/3902/9253
f 2719/3897/9254 2720/3898/9255 2727/3905/9256
f 2727/3905/9257 2720/3898/9258 2724/3902/9259
f 2724/3902/9260 2728/3906/9261 2727/3905/9262
f 2728/3906/9263 2724/3902/9264 2726/3904/9265
f 2726/3904/9266 2729/3907/9267 2728/3906/9268
f 2730/3908/9269 2729/3907/9270 2726/3904/9271
f 2729/3907/9272 2730/3908/9273 2731/3909/9274
f 2731/3909/9275 2730/3908/9276 2732/3910/9277
f 2732/3910/9278 2733/3911/9279 2731/3909/9280
f 2733/3911/9281 2732/3910/9282 2734/3912/9283
f 2735/3913/9284 2726/3904/9285 2725/3903/9286
f 2726/3904/9287 2735/3913/9288 2730/3908/9289
f 2730/3908/9290 2735/3913/9291 2736/3914/9292
f 2736/3914/9293 2732/3910/9294 2730/3908/9295
f 2732/3910/9296 2736/3914/9297 2737/3915/9298
f 2737/3915/9299 2734/3912/9300 2732/3910/9301
f 2738/3916/9302 2734/3912/9303 2737/3915/9304
f 2737/3915/9305 2739/3917/9306 2738/3916/9307
f 2740/3918/9308 2738/3916/9309 2739/3917/9310
f 2739/3917/9311 2741/3919/9312 2740/3918/9313
f 2734/3912/9314 2742/3920/9315 2733/3911/9316
f 2743/3921/9317 2742/3920/9318 2734/3912/9319
f 2734/3912/9320 2738/3916/9321 2743/3921/9322
f 2744/3922/9323 2743/3921/9324 2738/3916/9325
f 2738/3916/9326 2740/3918/9327 2744/3922/9328
f 2745/3923/9329 2744/3922/9330 2740/3918/9331
f 2740/3918/9332 2746/3924/9333 2745/3923/9334
f 2746/3924/9335 2740/3918/9336 2741/3919/9337
f 2741/3919/9338 2747/3925/9339 2746/3924/9340
f 2747/3925/9341 2741/3919/9342 2748/3926/9343
f 2750/3927/9344 2747/3925/9345 2749/3928/9346
f 2747/3925/9347 2750/3927/9348 2751/3929/9349
f 2751/3929/9350 2746/3924/9351 2747/3925/9352
f 2746/3924/9353 2751/3929/9354 2752/3930/9355
f 2752/3930/9356 2745/3923/9357 2746/3924/9358
f 2745/3923/9359 2752/3930/9360 2753/3931/9361
f 2753/3931/9362 2754/3932/9363 2745/3923/9364
f 2744/3922/9365 2745/3923/9366 2754/3932/9367
f 2754/3932/9368 2755/3933/9369 2744/3922/9370
f 2743/3921/9371 2744/3922/9372 2755/3933/9373
f 2750/3927/9374 2757/3934/9375 2756/3935/9376
f 2756/3935/9377 2751/3929/9378 2750/3927/9379
f 2751/3929/9380 2756/3935/9381 2758/3936/9382
f 2758/3936/9383 2752/3930/9384 2751/3929/9385
f 2752/3930/9386 2758/3936/9387 2759/3937/9388
f 2759/3937/9389 2753/3931/9390 2752/3930/9391
f 2753/3931/9392 2759/3937/9393 2286/3938/9394
f 2286/3938/9395 2284/3939/9396 2753/3931/9397
f 2754/3932/9398 2753/3931/9399 2284/3939/9400
f 2284/3939/9401 2283/3940/9402 2754/3932/9403
f 2755/3933/9404 2754/3932/9405 2283/3940/9406
f 2283/3940/9407 2287/3941/9408 2755/3933/9409
f 2760/3942/9410 2755/3933/9411 2287/3941/9412
f 2287/3941/9413 2289/3943/9414 2760/3942/9415
f 2761/3944/9416 2760/3942/9417 2289/3943/9418
f 2289/3943/9419 2296/3945/9420 2761/3944/9421
f 2761/3944/9422 2296/3945/9423 3409/3946/9424
f 3409/3946/9425 2762/3947/9426 2761/3944/9427
f 2762/3947/9428 3409/3946/9429 2763/3948/9430
f 2763/3948/9431 2764/3949/9432 2762/3947/9433
f 2755/3933/9434 2760/3942/9435 2743/3921/9436
f 2742/3920/9437 2743/3921/9438 2760/3942/9439
f 2760/3942/9440 2761/3944/9441 2742/3920/9442
f 2742/3920/9443 2761/3944/9444 2762/3947/9445
f 2762/3947/9446 2733/3911/9447 2742/3920/9448
f 2733/3911/9449 2762/3947/9450 2764/3949/9451
f 2764/3949/9452 2731/3909/9453 2733/3911/9454
f 2765/3950/9455 2731/3909/9456 2764/3949/9457
f 2731/3909/9458 2765/3950/9459 2729/3907/9460
f 2729/3907/9461 2765/3950/9462 2766/3951/9463
f 2767/3952/9464 2764/3949/9465 2763/3948/9466
f 2764/3949/9467 2767/3952/9468 2765/3950/9469
f 2765/3950/9470 2767/3952/9471 2768/3953/9472
f 2768/3953/9473 2766/3951/9474 2765/3950/9475
f 2766/3951/9476 2768/3953/9477 2769/3954/9478
f 2769/3954/9479 2770/3955/9480 2766/3951/9481
f 2771/3956/9482 2770/3955/9483 2769/3954/9484
f 2770/3955/9485 2771/3956/9486 2772/3957/9487
f 2773/3958/9488 2772/3957/9489 2771/3956/9490
f 2772/3957/9491 2773/3958/9492 2774/3959/9493
f 2775/3960/9494 2215/3961/9495 2216/3962/9496
f 2215/3961/9497 2775/3960/9498 2776/3963/9499
f 2773/3958/9500 2776/3963/9501 2775/3960/9502
f 2776/3963/9503 2773/3958/9504 2777/3964/9505
f 2771/3956/9506 2777/3964/9507 2773/3958/9508
f 2777/3964/9509 2771/3956/9510 2778/3965/9511
f 2769/3954/9512 2778/3965/9513 2771/3956/9514
f 2778/3965/9515 2769/3954/9516 2779/3966/9517
f 2779/3966/9518 2769/3954/9519 2768/3953/9520
f 2768/3953/9521 2531/3967/9522 2779/3966/9523
f 2531/3967/9524 2768/3953/9525 2767/3952/9526
f 2767/3952/9527 2780/3968/9528 2531/3967/9529
f 2763/3948/9530 2780/3968/9531 2767/3952/9532
f 2779/3966/9533 2781/3969/9534 2778/3965/9535
f 2782/3970/9536 2778/3965/9537 2781/3969/9538
f 2778/3965/9539 2782/3970/9540 2777/3964/9541
f 2783/3971/9542 2777/3964/9543 2782/3970/9544
f 2777/3964/9545 2783/3971/9546 2776/3963/9547
f 2226/3972/9548 2776/3963/9549 2783/3971/9550
f 2776/3963/9551 2226/3972/9552 2215/3961/9553
f 2781/3969/9554 2784/3973/9555 2782/3970/9556
f 2785/3974/9557 2782/3970/9558 2784/3973/9559
f 2782/3970/9560 2785/3974/9561 2783/3971/9562
f 2266/3975/9563 2783/3971/9564 2785/3974/9565
f 2783/3971/9566 2266/3975/9567 2226/3972/9568
f 2784/3973/9569 2786/3976/9570 2785/3974/9571
f 2265/3977/9572 2785/3974/9573 2786/3976/9574
f 2785/3974/9575 2265/3977/9576 2266/3975/9577
f 2786/3976/9578 2264/3978/9579 2265/3977/9580
f 1676/2693/9581 1677/2692/9582 1679/2696/9583
f 2788/3979/9584 2787/3980/9585 3368/3981/9586
f 2789/3982/9587 2788/3979/9588 3368/3981/9589
f 2790/3983/9590 2789/3982/9591 3368/3981/9592
f 2793/3984/9593 2792/3985/9594 2791/3986/9595
f 2791/3986/9596 2795/3987/9597 2794/3988/9598
f 2794/3988/9599 2796/3989/9600 2791/3986/9601
f 2791/3986/9602 2796/3989/9603 2793/3984/9604
f 2816/3990/9605 2797/3991/9606 2793/3984/9607 2796/3989/9608
f 2793/3984/9609 2797/3991/9610 2798/3992/9611
f 2798/3992/9612 2799/3993/9613 2793/3984/9614
f 2792/3985/9615 2793/3984/9616 2799/3993/9617
f 2799/3993/9618 2800/3994/9619 2792/3985/9620
f 2803/3995/9621 2802/3996/9622 2801/3997/9623
f 2801/3997/9624 2804/3998/9625 2803/3995/9626
f 2804/3998/9627 2801/3997/9628 2795/3987/9629
f 2795/3987/9630 2805/3999/9631 2804/3998/9632
f 2805/3999/9633 2795/3987/9634 2791/3986/9635
f 2791/3986/9636 2806/4000/9637 2805/3999/9638
f 2806/4000/9639 2791/3986/9640 2792/3985/9641
f 2792/3985/9642 2807/4001/9643 2806/4000/9644
f 2807/4001/9645 2792/3985/9646 2800/3994/9647
f 2800/3994/9648 2808/4002/9649 2807/4001/9650
f 2817/4003/9651 2806/4000/9652 2807/4001/9653
f 2807/4001/9654 2815/4004/9655 2817/4003/9656
f 2815/4004/9657 2807/4001/9658 2808/4002/9659
f 2808/4002/9660 2814/4005/9661 2815/4004/9662
f 2809/4006/9663 2813/4007/9664 2814/4005/9665
f 2814/4005/9666 2808/4002/9667 2809/4006/9668
f 2810/4008/9669 2809/4006/9670 2808/4002/9671
f 2808/4002/9672 2800/3994/9673 2810/4008/9674
f 2811/4009/9675 2810/4008/9676 2800/3994/9677
f 2800/3994/9678 2799/3993/9679 2811/4009/9680
f 2812/4010/9681 2811/4009/9682 2799/3993/9683
f 2799/3993/9684 2798/3992/9685 2812/4010/9686
f 2813/4011/9687 2812/4010/9688 2798/3992/9689
f 2798/3992/9690 2814/4012/9691 2813/4011/9692
f 2815/4013/9693 2814/4012/9694 2798/3992/9695 2797/3991/9696
f 2815/4013/9697 2797/3991/9698 2816/3990/9699
f 2816/3990/9700 2817/4014/9701 2815/4013/9702
f 2817/4014/9703 2816/3990/9704 2818/4015/9705
f 2818/4015/9706 3288/4016/9707 2817/4014/9708
f 3288/4016/9709 2818/4015/9710 2819/4017/9711
f 2819/4017/9712 3287/4018/9713 3288/4016/9714
f 3287/4018/9715 2819/4017/9716 2820/4019/9717
f 2820/4019/9718 3286/4020/9719 3287/4018/9720
f 2822/4021/9721 2821/4022/9722 2820/4019/9723
f 2820/4019/9724 2823/4023/9725 2822/4021/9726
f 2823/4023/9727 2820/4019/9728 2819/4017/9729
f 2819/4017/9730 2824/4024/9731 2823/4023/9732
f 2824/4024/9733 2819/4017/9734 2818/4015/9735
f 2818/4015/9736 2794/3988/9737 2824/4024/9738
f 2794/3988/9739 2818/4015/9740 2816/3990/9741
f 2816/3990/9742 2796/3989/9743 2794/3988/9744
f 2827/4025/9745 2826/4026/9746 2825/4027/9747
f 2825/4027/9748 2828/4028/9749 2827/4025/9750
f 2828/4028/9751 2825/4027/9752 2822/4021/9753
f 2822/4021/9754 2829/4029/9755 2828/4028/9756
f 2829/4029/9757 2822/4021/9758 2823/4023/9759
f 2823/4023/9760 2802/3996/9761 2829/4029/9762
f 2802/3996/9763 2823/4023/9764 2824/4024/9765
f 2824/4024/9766 2801/3997/9767 2802/3996/9768
f 2801/3997/9769 2824/4024/9770 2794/3988/9771
f 2794/3988/9772 2795/3987/9773 2801/3997/9774
f 2832/4030/9775 2837/4031/9776 2831/4032/9777 2830/4033/9778
f 2830/4033/9779 2833/4034/9780 2832/4030/9781
f 2833/4034/9782 2830/4033/9783 2827/4025/9784
f 2827/4025/9785 2834/4035/9786 2833/4034/9787
f 2834/4035/9788 2827/4025/9789 2828/4028/9790
f 2828/4028/9791 2835/4036/9792 2834/4035/9793
f 2835/4036/9794 2828/4028/9795 2829/4029/9796
f 2829/4029/9797 2836/4037/9798 2835/4036/9799
f 2836/4037/9800 2829/4029/9801 2802/3996/9802
f 2802/3996/9803 2803/3995/9804 2836/4037/9805
f 2863/4038/9806 2838/4039/9807 2837/4031/9808
f 2837/4031/9809 2861/4040/9810 2863/4038/9811
f 2861/4040/9812 2837/4031/9813 2832/4030/9814
f 2832/4030/9815 2860/4041/9816 2861/4040/9817
f 2860/4041/9818 2832/4030/9819 2833/4034/9820
f 2833/4034/9821 2859/4042/9822 2860/4041/9823
f 2859/4042/9824 2833/4034/9825 2834/4035/9826
f 2834/4035/9827 2858/4043/9828 2859/4042/9829
f 2858/4043/9830 2834/4035/9831 2835/4036/9832
f 2835/4036/9833 2857/4044/9834 2858/4043/9835
f 2841/4045/9836 2840/4046/9837 2839/4047/9838
f 2839/4047/9839 2842/4048/9840 2841/4045/9841
f 2842/4048/9842 2839/4047/9843 2843/4049/9844
f 2843/4049/9845 2844/4050/9846 2842/4048/9847
f 2844/4050/9848 2843/4049/9849 2845/4051/9850
f 2845/4051/9851 2838/4039/9852 2844/4050/9853
f 2838/4039/9854 2845/4051/9855 2846/4052/9856
f 2846/4052/9857 2837/4031/9858 2838/4039/9859
f 2837/4031/9860 2846/4052/9861 2831/4032/9862
f 2843/4049/9863 2848/4053/9864 2847/4054/9865
f 2847/4054/9866 2845/4051/9867 2843/4049/9868
f 2845/4051/9869 2847/4054/9870 2849/4055/9871
f 2849/4055/9872 2846/4052/9873 2845/4051/9874
f 2846/4052/9875 2849/4055/9876 2850/4056/9877
f 2850/4056/9878 2831/4032/9879 2846/4052/9880
f 2831/4032/9881 2850/4056/9882 2851/4057/9883
f 2851/4057/9884 2830/4033/9885 2831/4032/9886
f 2830/4033/9887 2851/4057/9888 2826/4026/9889
f 2826/4026/9890 2827/4025/9891 2830/4033/9892
f 2849/4055/9893 2853/4058/9894 2852/4059/9895
f 2852/4059/9896 2850/4056/9897 2849/4055/9898
f 2850/4056/9899 2852/4059/9900 2854/4060/9901
f 2854/4060/9902 2851/4057/9903 2850/4056/9904
f 2851/4057/9905 2854/4060/9906 2855/4061/9907
f 2855/4061/9908 2826/4026/9909 2851/4057/9910
f 2826/4026/9911 2855/4061/9912 2856/4062/9913
f 2856/4062/9914 2825/4027/9915 2826/4026/9916
f 2822/4021/9917 2825/4027/9918 2856/4062/9919 2821/4022/9920
f 3286/4020/9921 2820/4019/9922 2821/4022/9923
f 2821/4022/9924 3285/4063/9925 3286/4020/9926
f 3285/4063/9927 2821/4022/9928 2856/4062/9929
f 2856/4062/9930 2857/4064/9931 3285/4063/9932
f 2857/4064/9933 2856/4062/9934 2855/4061/9935
f 2855/4061/9936 2858/4065/9937 2857/4064/9938
f 2858/4065/9939 2855/4061/9940 2854/4060/9941
f 2854/4060/9942 2859/4066/9943 2858/4065/9944
f 2859/4066/9945 2854/4060/9946 2852/4059/9947
f 2852/4059/9948 2860/4067/9949 2859/4066/9950
f 2860/4067/9951 2852/4059/9952 2853/4058/9953
f 2853/4058/9954 2861/4068/9955 2860/4067/9956
f 2861/4068/9957 2853/4058/9958 2862/4069/9959
f 2862/4069/9960 2863/4070/9961 2861/4068/9962
f 3292/4071/9963 2863/4070/9964 2862/4069/9965 2864/4072/9966
f 3292/4071/9967 2864/4072/9968 2865/4073/9969
f 2865/4073/9970 3291/4074/9971 3292/4071/9972
f 3291/4074/9973 2865/4073/9974 2866/4075/9975
f 2866/4075/9976 3290/4076/9977 3291/4074/9978
f 2868/4077/9979 2867/4078/9980 2866/4075/9981
f 2866/4075/9982 2869/4079/9983 2868/4077/9984
f 2869/4079/9985 2866/4075/9986 2865/4073/9987
f 2865/4073/9988 2870/4080/9989 2869/4079/9990
f 2870/4080/9991 2865/4073/9992 2864/4072/9993
f 2864/4072/9994 2848/4053/9995 2870/4080/9996
f 2848/4053/9997 2864/4072/9998 2862/4069/9999
f 2862/4069/10000 2847/4054/10001 2848/4053/10002
f 2847/4054/10003 2862/4069/10004 2853/4058/10005
f 2853/4058/10006 2849/4055/10007 2847/4054/10008
f 2874/4081/10009 2873/4082/10010 2872/4083/10011 2871/4084/10012
f 2874/4081/10013 2871/4084/10014 2868/4077/10015
f 2868/4077/10016 2875/4085/10017 2874/4081/10018
f 2875/4085/10019 2868/4077/10020 2869/4079/10021
f 2869/4079/10022 2840/4046/10023 2875/4085/10024
f 2840/4046/10025 2869/4079/10026 2870/4080/10027
f 2870/4080/10028 2839/4047/10029 2840/4046/10030
f 2839/4047/10031 2870/4080/10032 2848/4053/10033
f 2848/4053/10034 2843/4049/10035 2839/4047/10036
f 2878/4086/10037 2877/4087/10038 2876/4088/10039
f 2876/4088/10040 2879/4089/10041 2878/4086/10042
f 2880/4090/10043 2879/4089/10044 2876/4088/10045 2873/4082/10046
f 2880/4090/10047 2873/4082/10048 2874/4081/10049
f 2874/4081/10050 2881/4091/10051 2880/4090/10052
f 2881/4091/10053 2874/4081/10054 2875/4085/10055
f 2875/4085/10056 2882/4092/10057 2881/4091/10058
f 2882/4092/10059 2875/4085/10060 2840/4046/10061
f 2840/4046/10062 2841/4045/10063 2882/4092/10064
f 2906/4093/10065 2884/4094/10066 2883/4095/10067
f 2883/4095/10068 2905/4096/10069 2906/4093/10070
f 2905/4096/10071 2883/4095/10072 2878/4086/10073
f 2878/4086/10074 2904/4097/10075 2905/4096/10076
f 2903/4098/10077 2904/4097/10078 2878/4086/10079 2879/4089/10080
f 2902/4099/10081 2903/4098/10082 2879/4089/10083 2880/4090/10084
f 2902/4099/10085 2880/4090/10086 2881/4091/10087
f 2881/4091/10088 2901/4100/10089 2902/4099/10090
f 2887/4101/10091 2886/4102/10092 2885/4103/10093
f 2885/4103/10094 2888/4104/10095 2887/4101/10096
f 2889/4105/10097 2887/4101/10098 2888/4104/10099
f 2888/4104/10100 2890/4106/10101 2889/4105/10102
f 2891/4107/10103 2889/4105/10104 2890/4106/10105
f 2890/4106/10106 2884/4094/10107 2891/4107/10108
f 2884/4094/10109 2890/4106/10110 2892/4108/10111
f 2892/4108/10112 2883/4095/10113 2884/4094/10114
f 2878/4086/10115 2883/4095/10116 2892/4108/10117 2877/4087/10118
f 2888/4104/10119 2885/4103/10120 2893/4109/10121
f 2893/4109/10122 2894/4110/10123 2888/4104/10124
f 2892/4108/10125 2890/4106/10126 2888/4104/10127 2894/4110/10128
f 2892/4108/10129 2894/4110/10130 2895/4111/10131
f 2895/4111/10132 2877/4087/10133 2892/4108/10134
f 2877/4087/10135 2895/4111/10136 2896/4112/10137
f 2896/4112/10138 2876/4088/10139 2877/4087/10140
f 2873/4082/10141 2876/4088/10142 2896/4112/10143 2872/4083/10144
f 2894/4110/10145 2893/4109/10146 2897/4113/10147
f 2897/4113/10148 2895/4111/10149 2894/4110/10150
f 2895/4111/10151 2897/4113/10152 2898/4114/10153
f 2898/4114/10154 2896/4112/10155 2895/4111/10156
f 2872/4083/10157 2896/4112/10158 2898/4114/10159 2899/4115/10160
f 2872/4083/10161 2899/4115/10162 2900/4116/10163
f 2900/4116/10164 2871/4084/10165 2872/4083/10166
f 2871/4084/10167 2900/4116/10168 2867/4078/10169
f 2867/4078/10170 2868/4077/10171 2871/4084/10172
f 3289/4117/10173 3290/4076/10174 2866/4075/10175 2867/4078/10176
f 3289/4117/10177 2867/4078/10178 2900/4116/10179
f 2900/4116/10180 2901/4118/10181 3289/4117/10182
f 2902/4119/10183 2901/4118/10184 2900/4116/10185 2899/4115/10186
f 2903/4120/10187 2902/4119/10188 2899/4115/10189 2898/4114/10190
f 2903/4120/10191 2898/4114/10192 2897/4113/10193
f 2897/4113/10194 2904/4121/10195 2903/4120/10196
f 2905/4122/10197 2904/4121/10198 2897/4113/10199 2893/4109/10200
f 2906/4123/10201 2905/4122/10202 2893/4109/10203 2885/4103/10204
f 2912/4124/10205 2906/4123/10206 2885/4103/10207 2886/4102/10208
f 2912/4124/10209 2886/4102/10210 2907/4125/10211
f 2907/4125/10212 2911/4126/10213 2912/4124/10214
f 2908/4127/10215 2907/4125/10216 2886/4102/10217
f 2886/4102/10218 2887/4101/10219 2908/4127/10220
f 2889/4105/10221 2909/4128/10222 2908/4127/10223 2887/4101/10224
f 2910/4129/10225 2909/4128/10226 2889/4105/10227
f 2889/4105/10228 2891/4107/10229 2910/4129/10230
f 2911/4130/10231 2910/4129/10232 2891/4107/10233
f 2891/4107/10234 2912/4131/10235 2911/4130/10236
f 2912/4131/10237 2891/4107/10238 2884/4094/10239
f 2884/4094/10240 2906/4093/10241 2912/4131/10242
f 3050/4132/10243 1595/2592/10244 3055/4133/10245
f 1831/2865/10246 1822/2856/10247 1819/2855/10248
f 1819/2855/10249 1832/2868/10250 1831/2865/10251
f 1832/2868/10252 1819/2855/10253 2913/4134/10254
f 2913/4134/10255 2914/4135/10256 1832/2868/10257
f 2914/4135/10258 2913/4134/10259 2915/4136/10260
f 2915/4136/10261 2916/4137/10262 2914/4135/10263
f 2916/4137/10264 2915/4136/10265 2917/4138/10266
f 2920/4139/10267 2919/4140/10268 2918/4141/10269
f 2918/4141/10270 2921/4142/10271 2920/4139/10272
f 2922/4143/10273 2921/4142/10274 2918/4141/10275
f 2917/4138/10276 2921/4142/10277 2922/4143/10278
f 2922/4143/10279 2923/4144/10280 2917/4138/10281
f 2917/4138/10282 2923/4144/10283 2916/4137/10284
f 2924/4145/10285 2916/4137/10286 2923/4144/10287
f 2914/4135/10288 2916/4137/10289 2924/4145/10290
f 2924/4145/10291 1834/2866/10292 2914/4135/10293
f 1832/2868/10294 2914/4135/10295 1834/2866/10296
f 2927/4146/10297 2926/4147/10298 2925/4148/10299
f 2926/4147/10300 2927/4146/10301 2923/4144/10302
f 2923/4144/10303 2927/4146/10304 2924/4145/10305
f 1833/2867/10306 2928/4149/10307 1842/2876/10308
f 2928/4149/10309 1833/2867/10310 1834/2866/10311
f 1834/2866/10312 2929/4150/10313 2928/4149/10314
f 2929/4150/10315 1834/2866/10316 2924/4145/10317
f 2924/4145/10318 2930/4151/10319 2929/4150/10320
f 2930/4151/10321 2924/4145/10322 2927/4146/10323
f 2927/4146/10324 2931/4152/10325 2930/4151/10326
f 2925/4148/10327 2931/4152/10328 2927/4146/10329
f 2931/4152/10330 2925/4148/10331 2932/4153/10332
f 2933/4154/10333 2932/4153/10334 2925/4148/10335
f 2932/4153/10336 2934/4155/10337 2931/4152/10338
f 2930/4151/10339 2931/4152/10340 2934/4155/10341
f 2934/4155/10342 2935/4156/10343 2930/4151/10344
f 2929/4150/10345 2930/4151/10346 2935/4156/10347
f 2935/4156/10348 2936/4157/10349 2929/4150/10350
f 2928/4149/10351 2929/4150/10352 2936/4157/10353
f 2936/4157/10354 2937/4158/10355 2928/4149/10356
f 1842/2876/10357 2928/4149/10358 2937/4158/10359
f 2937/4158/10360 1844/2877/10361 1842/2876/10362
f 1841/2875/10363 1842/2876/10364 1844/2877/10365
f 2932/4153/10366 2939/4159/10367 2938/4160/10368
f 2938/4160/10369 2934/4155/10370 2932/4153/10371
f 2934/4155/10372 2938/4160/10373 2940/4161/10374
f 2940/4161/10375 2935/4156/10376 2934/4155/10377
f 2935/4156/10378 2940/4161/10379 2941/4162/10380
f 2941/4162/10381 2936/4157/10382 2935/4156/10383
f 2936/4157/10384 2941/4162/10385 2942/4163/10386
f 2942/4163/10387 2937/4158/10388 2936/4157/10389
f 2937/4158/10390 2942/4163/10391 1849/2882/10392
f 1849/2882/10393 1844/2877/10394 2937/4158/10395
f 1857/2891/10396 1848/2883/10397 1849/2882/10398
f 1849/2882/10399 2943/4164/10400 1857/2891/10401
f 2943/4164/10402 1849/2882/10403 2942/4163/10404
f 2942/4163/10405 2944/4165/10406 2943/4164/10407
f 2944/4165/10408 2942/4163/10409 2941/4162/10410
f 2941/4162/10411 2945/4166/10412 2944/4165/10413
f 2945/4166/10414 2941/4162/10415 2940/4161/10416
f 2940/4161/10417 2946/4167/10418 2945/4166/10419
f 2946/4167/10420 2940/4161/10421 2938/4160/10422
f 2938/4160/10423 2947/4168/10424 2946/4167/10425
f 2948/4169/10426 2947/4168/10427 2938/4160/10428 2939/4159/10429
f 2947/4168/10430 2948/4169/10431 2949/4170/10432
f 2950/4171/10433 2945/4166/10434 2946/4167/10435
f 2946/4167/10436 2951/4172/10437 2950/4171/10438
f 2951/4172/10439 2946/4167/10440 2947/4168/10441
f 2947/4168/10442 2952/4173/10443 2951/4172/10444
f 2949/4170/10445 2952/4173/10446 2947/4168/10447
f 2952/4173/10448 2949/4170/10449 2953/4174/10450
f 2939/4159/10451 2932/4153/10452 2933/4154/10453
f 2933/4154/10454 2954/4175/10455 2939/4159/10456
f 2948/4169/10457 2939/4159/10458 2954/4175/10459
f 2954/4175/10460 2955/4176/10461 2948/4169/10462
f 2949/4170/10463 2948/4169/10464 2955/4176/10465
f 2955/4176/10466 2956/4177/10467 2949/4170/10468
f 2953/4174/10469 2949/4170/10470 2956/4177/10471
f 2956/4177/10472 2957/4178/10473 2953/4174/10474
f 2059/3118/10475 2953/4174/10476 2957/4178/10477
f 2957/4178/10478 2958/4179/10479 2059/3118/10480
f 2956/4177/10481 2955/4176/10482 2959/4180/10483
f 2959/4180/10484 2960/4181/10485 2956/4177/10486
f 2957/4178/10487 2956/4177/10488 2960/4181/10489
f 2960/4181/10490 2961/4182/10491 2957/4178/10492
f 2958/4179/10493 2957/4178/10494 2961/4182/10495
f 2961/4182/10496 2962/4183/10497 2958/4179/10498
f 2958/4179/10499 2962/4183/10500 2963/4184/10501
f 2964/4185/10502 2125/3188/10503 2963/4184/10504 2962/4183/10505
f 2124/3189/10506 2125/3188/10507 2964/4185/10508
f 2960/4181/10509 2959/4180/10510 2965/4186/10511
f 2965/4186/10512 2966/4187/10513 2960/4181/10514
f 2961/4182/10515 2960/4181/10516 2966/4187/10517
f 2966/4187/10518 2967/4188/10519 2961/4182/10520
f 2962/4183/10521 2961/4182/10522 2967/4188/10523
f 2967/4188/10524 2968/4189/10525 2962/4183/10526
f 2962/4183/10527 2968/4189/10528 2964/4185/10529
f 2969/4190/10530 2964/4185/10531 2968/4189/10532
f 2964/4185/10533 2969/4190/10534 2124/3189/10535
f 2132/3195/10536 2124/3189/10537 2969/4190/10538
f 2970/4191/10539 2135/3198/10540 2134/3197/10541
f 2134/3197/10542 2133/3196/10543 2970/4191/10544
f 2971/4192/10545 2970/4191/10546 2133/3196/10547
f 2133/3196/10548 2132/3195/10549 2971/4192/10550
f 2971/4192/10551 2132/3195/10552 2972/4193/10553
f 2969/4190/10554 2972/4193/10555 2132/3195/10556
f 2972/4193/10557 2969/4190/10558 2973/4194/10559
f 2968/4189/10560 2973/4194/10561 2969/4190/10562
f 2974/4195/10563 2973/4194/10564 2968/4189/10565
f 2968/4189/10566 2967/4188/10567 2974/4195/10568
f 2976/4196/10569 2975/4197/10570 2974/4195/10571
f 2973/4194/10572 2974/4195/10573 2975/4197/10574
f 2975/4197/10575 2977/4198/10576 2973/4194/10577
f 2973/4194/10578 2977/4198/10579 2972/4193/10580
f 2978/4199/10581 2972/4193/10582 2977/4198/10583
f 2972/4193/10584 2978/4199/10585 2971/4192/10586
f 2979/4200/10587 2971/4192/10588 2978/4199/10589
f 2970/4191/10590 2971/4192/10591 2979/4200/10592
f 2979/4200/10593 2143/3206/10594 2970/4191/10595
f 2135/3198/10596 2970/4191/10597 2143/3206/10598
f 2143/3206/10599 2137/3200/10600 2135/3198/10601
f 2143/3206/10602 2979/4200/10603 2144/3207/10604
f 2144/3207/10605 2979/4200/10606 2146/3215/10607
f 2978/4199/10608 2146/3215/10609 2979/4200/10610
f 2146/3215/10611 2978/4199/10612 2148/3217/10613
f 2977/4198/10614 2148/3217/10615 2978/4199/10616
f 2150/3219/10617 2148/3217/10618 2977/4198/10619
f 2977/4198/10620 2975/4197/10621 2150/3219/10622
f 2152/3221/10623 2150/3219/10624 2975/4197/10625
f 2975/4197/10626 2976/4196/10627 2152/3221/10628
f 2980/4201/10629 2152/3221/10630 2976/4196/10631
f 2152/3221/10632 2980/4201/10633 2153/3222/10634
f 2160/3230/10635 2153/3222/10636 2980/4201/10637
f 2980/4201/10638 2981/4202/10639 2160/3230/10640
f 2156/3228/10641 2160/3230/10642 2981/4202/10643
f 2981/4202/10644 2982/4203/10645 2156/3228/10646
f 2156/3228/10647 2982/4203/10648 2158/3226/10649
f 2983/4204/10650 2158/3226/10651 2982/4203/10652
f 2984/4205/10653 2158/3226/10654 2983/4204/10655
f 2983/4204/10656 2985/4206/10657 2984/4205/10658
f 2984/4205/10659 2985/4206/10660 2986/4207/10661
f 2976/4196/10662 2987/4208/10663 2980/4201/10664
f 2981/4202/10665 2980/4201/10666 2987/4208/10667
f 2987/4208/10668 2988/4209/10669 2981/4202/10670
f 2982/4203/10671 2981/4202/10672 2988/4209/10673
f 2988/4209/10674 2989/4210/10675 2982/4203/10676
f 2982/4203/10677 2989/4210/10678 2983/4204/10679
f 2990/4211/10680 2983/4204/10681 2989/4210/10682
f 2985/4206/10683 2983/4204/10684 2990/4211/10685
f 2990/4211/10686 2991/4212/10687 2985/4206/10688
f 2985/4206/10689 2991/4212/10690 2992/4213/10691
f 2991/4212/10692 2990/4211/10693 2993/4214/10694
f 2993/4214/10695 2990/4211/10696 2994/4215/10697
f 2989/4210/10698 2994/4215/10699 2990/4211/10700
f 2995/4216/10701 2994/4215/10702 2989/4210/10703
f 2989/4210/10704 2988/4209/10705 2995/4216/10706
f 2996/4217/10707 2995/4216/10708 2988/4209/10709
f 2988/4209/10710 2987/4208/10711 2996/4217/10712
f 2997/4218/10713 2996/4217/10714 2987/4208/10715
f 2987/4208/10716 2976/4196/10717 2997/4218/10718
f 2974/4195/10719 2997/4218/10720 2976/4196/10721
f 2997/4218/10722 2974/4195/10723 2967/4188/10724
f 2967/4188/10725 2966/4187/10726 2997/4218/10727
f 2996/4217/10728 2997/4218/10729 2966/4187/10730
f 2966/4187/10731 2965/4186/10732 2996/4217/10733
f 2995/4216/10734 2996/4217/10735 2965/4186/10736
f 2965/4186/10737 2998/4219/10738 2995/4216/10739
f 2994/4215/10740 2995/4216/10741 2998/4219/10742
f 2998/4219/10743 2999/4220/10744 2994/4215/10745
f 2994/4215/10746 2999/4220/10747 2993/4214/10748
f 3000/4221/10749 2993/4214/10750 2999/4220/10751
f 2922/4143/10752 3002/4222/10753 3001/4223/10754
f 3003/4224/10755 3001/4223/10756 3002/4222/10757
f 3004/4225/10758 3001/4223/10759 3003/4224/10760
f 3003/4224/10761 3000/4221/10762 3004/4225/10763
f 3004/4225/10764 3000/4221/10765 3005/4226/10766
f 2999/4220/10767 3005/4226/10768 3000/4221/10769
f 3006/4227/10770 3005/4226/10771 2999/4220/10772
f 2999/4220/10773 2998/4219/10774 3006/4227/10775
f 2959/4180/10776 3006/4227/10777 2998/4219/10778
f 2998/4219/10779 2965/4186/10780 2959/4180/10781
f 2923/4144/10782 2922/4143/10783 2926/4147/10784
f 3001/4223/10785 2926/4147/10786 2922/4143/10787
f 2925/4148/10788 2926/4147/10789 3001/4223/10790
f 3001/4223/10791 3004/4225/10792 2925/4148/10793
f 2925/4148/10794 3004/4225/10795 2933/4154/10796
f 3005/4226/10797 2933/4154/10798 3004/4225/10799
f 2954/4175/10800 2933/4154/10801 3005/4226/10802
f 3005/4226/10803 3006/4227/10804 2954/4175/10805
f 2955/4176/10806 2954/4175/10807 3006/4227/10808
f 3006/4227/10809 2959/4180/10810 2955/4176/10811
f 1595/2592/10812 3130/2594/10813 3055/4133/10814
f 2038/3086/10815 2047/3094/10816 2048/3097/10817
f 2048/3097/10818 2037/3085/10819 2038/3086/10820
f 2037/3085/10821 2048/3097/10822 3007/4228/10823
f 3007/4228/10824 3008/4229/10825 2037/3085/10826
f 3008/4229/10827 3007/4228/10828 3009/4230/10829
f 3009/4230/10830 3010/4231/10831 3008/4229/10832
f 3010/4231/10833 3009/4230/10834 3011/4232/10835
f 3011/4232/10836 3012/4233/10837 3010/4231/10838
f 3012/4233/10839 3011/4232/10840 1804/2834/10841
f 1804/2834/10842 1805/2833/10843 3012/4233/10844
f 1790/2820/10845 1789/2818/10846 1802/2832/10847
f 1805/2833/10848 1802/2832/10849 1789/2818/10850
f 1789/2818/10851 3013/4234/10852 1805/2833/10853
f 3012/4233/10854 1805/2833/10855 3013/4234/10856
f 3013/4234/10857 3014/4235/10858 3012/4233/10859
f 3010/4231/10860 3012/4233/10861 3014/4235/10862
f 3014/4235/10863 2035/3083/10864 3010/4231/10865
f 3008/4229/10866 3010/4231/10867 2035/3083/10868
f 2035/3083/10869 2033/3081/10870 3008/4229/10871
f 2037/3085/10872 3008/4229/10873 2033/3081/10874
f 3015/4236/10875 2036/3084/10876 2035/3083/10877 3014/4235/10878
f 3015/4236/10879 3014/4235/10880 3013/4234/10881
f 3013/4234/10882 1788/2819/10883 3015/4236/10884
f 1788/2819/10885 3013/4234/10886 1789/2818/10887
f 1788/2819/10888 1787/2817/10889 1782/2812/10890
f 1782/2812/10891 1783/2813/10892 1788/2819/10893
f 3015/4236/10894 1788/2819/10895 1783/2813/10896
f 1783/2813/10897 3016/4237/10898 3015/4236/10899
f 2036/3084/10900 3015/4236/10901 3016/4237/10902
f 3016/4237/10903 3017/4238/10904 2036/3084/10905
f 2034/3082/10906 2036/3084/10907 3017/4238/10908
f 3017/4238/10909 3018/4239/10910 2034/3082/10911
f 2027/3075/10912 2034/3082/10913 3018/4239/10914
f 3018/4239/10915 2026/3076/10916 2027/3075/10917
f 1783/2813/10918 1769/2800/10919 1770/2799/10920
f 1770/2799/10921 3016/4237/10922 1783/2813/10923
f 3016/4237/10924 1770/2799/10925 3019/4240/10926
f 3019/4240/10927 3017/4238/10928 3016/4237/10929
f 3017/4238/10930 3019/4240/10931 3020/4241/10932
f 3020/4241/10933 3018/4239/10934 3017/4238/10935
f 3018/4239/10936 3020/4241/10937 3021/4242/10938
f 3021/4242/10939 2026/3076/10940 3018/4239/10941
f 2026/3076/10942 3021/4242/10943 2021/3070/10944
f 2021/3070/10945 2022/3069/10946 2026/3076/10947
f 2020/3068/10948 2019/3067/10949 2021/3070/10950
f 2021/3070/10951 3022/4243/10952 2020/3068/10953
f 3022/4243/10954 2021/3070/10955 3021/4242/10956
f 3021/4242/10957 3023/4244/10958 3022/4243/10959
f 3023/4244/10960 3021/4242/10961 3020/4241/10962
f 3020/4241/10963 1763/2792/10964 3023/4244/10965
f 1763/2792/10966 3020/4241/10967 3019/4240/10968
f 3019/4240/10969 1762/2793/10970 1763/2792/10971
f 1762/2793/10972 3019/4240/10973 1770/2799/10974
f 1770/2799/10975 1764/2794/10976 1762/2793/10977
f 2014/3062/10978 2013/3061/10979 2018/3066/10980
f 2018/3066/10981 3024/4245/10982 2014/3062/10983
f 3024/4245/10984 2018/3066/10985 2020/3068/10986
f 2020/3068/10987 3025/4246/10988 3024/4245/10989
f 3025/4246/10990 2020/3068/10991 3022/4243/10992
f 3022/4243/10993 3026/2791/10994 3025/4246/10995
f 3026/2791/10996 3022/4243/10997 3023/4244/10998
f 3023/4244/10999 1761/2790/11000 3026/2791/11001
f 1761/2790/11002 3023/4244/11003 1763/2792/11004
f 1763/2792/11005 1760/2789/11006 1761/2790/11007
f 3026/2791/11008 1755/2784/11009 3027/4247/11010
f 3027/4247/11011 3025/4246/11012 3026/2791/11013
f 3025/4246/11014 3027/4247/11015 3028/4248/11016
f 3028/4248/11017 3024/4245/11018 3025/4246/11019
f 3024/4245/11020 3028/4248/11021 3029/4249/11022
f 3029/4249/11023 2014/3062/11024 3024/4245/11025
f 2014/3062/11026 3029/4249/11027 3030/4250/11028
f 3030/4250/11029 2005/3053/11030 2014/3062/11031
f 2005/3053/11032 3030/4250/11033 1994/3039/11034
f 1740/2769/11035 3027/4247/11036 1755/2784/11037
f 3027/4247/11038 1740/2769/11039 1738/2767/11040
f 1738/2767/11041 3028/4248/11042 3027/4247/11043
f 3029/4249/11044 3028/4248/11045 1738/2767/11046 1735/2764/11047
f 3029/4249/11048 1735/2764/11049 1736/2763/11050
f 1736/2763/11051 3030/4250/11052 3029/4249/11053
f 1994/3039/11054 3030/4250/11055 1736/2763/11056 3031/4251/11057
f 1994/3039/11058 3031/4251/11059 1980/3023/11060
f 1980/3023/11061 3031/4251/11062 1979/3025/11063
f 3032/4252/11064 1979/3025/11065 3031/4251/11066
f 1979/3025/11067 3032/4252/11068 1969/3015/11069
f 3033/4253/11070 1969/3015/11071 3032/4252/11072
f 1964/3008/11073 1969/3015/11074 3033/4253/11075
f 3033/4253/11076 3034/4254/11077 1964/3008/11078
f 1960/3003/11079 1964/3008/11080 3034/4254/11081
f 3034/4254/11082 1950/2989/11083 1960/3003/11084
f 1948/2991/11085 1960/3003/11086 1950/2989/11087
f 3031/4251/11088 1736/2763/11089 3032/4252/11090
f 1734/2765/11091 3032/4252/11092 1736/2763/11093
f 3032/4252/11094 1734/2765/11095 3033/4253/11096
f 3035/4255/11097 3033/4253/11098 1734/2765/11099
f 1734/2765/11100 1737/2766/11101 3035/4255/11102
f 3036/4256/11103 3035/4255/11104 1737/2766/11105
f 1737/2766/11106 1739/2768/11107 3036/4256/11108
f 3037/4257/11109 3036/4256/11110 1739/2768/11111
f 1739/2768/11112 1741/2770/11113 3037/4257/11114
f 3038/4258/11115 3037/4257/11116 1741/2770/11117
f 1893/2927/11118 1892/2926/11119 1900/2934/11120
f 1900/2934/11121 3039/4259/11122 1893/2927/11123
f 3039/4259/11124 1900/2934/11125 3040/4260/11126
f 3040/4260/11127 3041/4261/11128 3039/4259/11129
f 3041/4261/11130 3040/4260/11131 3042/4262/11132
f 3042/4262/11133 3038/4258/11134 3041/4261/11135
f 3038/4258/11136 3042/4262/11137 3043/4263/11138
f 3043/4263/11139 3037/4257/11140 3038/4258/11141
f 3037/4257/11142 3043/4263/11143 3044/4264/11144
f 3044/4264/11145 3036/4256/11146 3037/4257/11147
f 3040/4260/11148 1900/2934/11149 1899/2933/11150 1906/2940/11151
f 3042/4262/11152 3040/4260/11153 1906/2940/11154 3045/4265/11155
f 3042/4262/11156 3045/4265/11157 3046/4266/11158
f 3046/4266/11159 3043/4263/11160 3042/4262/11161
f 3043/4263/11162 3046/4266/11163 3047/4267/11164
f 3047/4267/11165 3044/4264/11166 3043/4263/11167
f 3044/4264/11168 3047/4267/11169 3048/4268/11170
f 3048/4268/11171 3049/4269/11172 3044/4264/11173
f 3036/4256/11174 3044/4264/11175 3049/4269/11176
f 3049/4269/11177 3035/4255/11178 3036/4256/11179
f 1907/2941/11180 3045/4265/11181 1906/2940/11182
f 3045/4265/11183 1907/2941/11184 1922/2957/11185
f 1922/2957/11186 3046/4266/11187 3045/4265/11188
f 3046/4266/11189 1922/2957/11190 1934/2970/11191
f 1934/2970/11192 3047/4267/11193 3046/4266/11194
f 3047/4267/11195 1934/2970/11196 1955/2997/11197
f 1955/2997/11198 3048/4268/11199 3047/4267/11200
f 3048/4268/11201 1955/2997/11202 1949/2990/11203
f 1949/2990/11204 1950/2989/11205 3048/4268/11206
f 3049/4269/11207 3048/4268/11208 1950/2989/11209
f 1950/2989/11210 3034/4254/11211 3049/4269/11212
f 3035/4255/11213 3049/4269/11214 3034/4254/11215
f 3034/4254/11216 3033/4253/11217 3035/4255/11218
f 3130/2594/11219 3214/4270/11220 3055/4133/11221
f 3050/4271/11222 3055/4272/11223 2920/4139/11224
f 2920/4139/11225 3051/4273/11226 3050/4271/11227
f 3051/4273/11228 2920/4139/11229 2921/4142/11230
f 2921/4142/11231 2917/4138/11232 3051/4273/11233
f 3052/4274/11234 3051/4273/11235 2917/4138/11236
f 2917/4138/11237 2915/4136/11238 3052/4274/11239
f 3053/4275/11240 3052/4274/11241 2915/4136/11242
f 2915/4136/11243 2913/4134/11244 3053/4275/11245
f 1820/2854/11246 3053/4275/11247 2913/4134/11248
f 2913/4134/11249 1819/2855/11250 1820/2854/11251
f 3051/4273/11252 3052/4274/11253 3050/4271/11254
f 1595/4276/11255 3050/4271/11256 3052/4274/11257
f 3052/4274/11258 3053/4275/11259 1595/4276/11260
f 3053/4275/11261 1820/2854/11262 1595/4276/11263
f 3054/4277/11264 1595/4276/11265 1820/2854/11266
f 1820/2854/11267 1821/2853/11268 3054/4277/11269
f 1821/2853/11270 1823/2857/11271 3054/4277/11272
f 3130/2848/11273 3054/4277/11274 1823/2857/11275
f 1823/2857/11276 1825/2859/11277 3130/2848/11278
f 1825/2859/11279 1817/2849/11280 3130/2848/11281
f 3214/4270/11282 3224/4278/11283 3055/4133/11284
f 3059/4279/11285 3058/4280/11286 3057/4281/11287 3056/4282/11288
f 3061/4283/11289 3059/4279/11290 3056/4282/11291 3060/4284/11292
f 3061/4283/11293 3063/4285/11294 3062/4286/11295
f 3062/4286/11296 3059/4279/11297 3061/4283/11298
f 3059/4279/11299 3062/4286/11300 3064/4287/11301
f 3064/4287/11302 3058/4280/11303 3059/4279/11304
f 3058/4280/11305 3064/4287/11306 3065/4288/11307
f 3065/4288/11308 3066/4289/11309 3058/4280/11310
f 3057/4281/11311 3058/4280/11312 3066/4289/11313
f 3066/4289/11314 3067/4290/11315 3057/4281/11316
f 3075/4291/11317 3057/4281/11318 3067/4290/11319 3068/4292/11320
f 3079/4293/11321 3078/4294/11322 3068/4292/11323
f 3068/4292/11324 3067/4290/11325 3079/4293/11326
f 3066/4289/11327 3080/4295/11328 3079/4293/11329 3067/4290/11330
f 3069/4296/11331 3080/4295/11332 3066/4289/11333
f 3066/4289/11334 3065/4288/11335 3069/4296/11336
f 3070/4297/11337 3074/4298/11338 3069/4296/11339 3065/4288/11340
f 3070/4297/11341 3065/4288/11342 3064/4287/11343
f 3064/4287/11344 3071/4299/11345 3070/4297/11346
f 3072/4300/11347 3071/4299/11348 3064/4287/11349 3062/4286/11350
f 3073/4301/11351 3072/4300/11352 3062/4286/11353 3063/4285/11354
f 3073/4301/11355 3063/4285/11356 3069/4302/11357
f 3069/4302/11358 3074/4303/11359 3073/4301/11360
f 3057/4281/11361 3075/4291/11362 3076/4304/11363
f 3076/4304/11364 3056/4282/11365 3057/4281/11366
f 3056/4282/11367 3076/4304/11368 3077/4305/11369
f 3077/4305/11370 3060/4284/11371 3056/4282/11372
f 3060/4284/11373 3077/4305/11374 3078/4306/11375
f 3078/4306/11376 3079/4307/11377 3060/4284/11378
f 3061/4283/11379 3060/4284/11380 3079/4307/11381
f 3079/4307/11382 3080/4308/11383 3061/4283/11384
f 3063/4285/11385 3061/4283/11386 3080/4308/11387
f 3080/4308/11388 3069/4302/11389 3063/4285/11390
f 3076/4304/11391 3082/4309/11392 3081/4310/11393
f 3081/4310/11394 3077/4305/11395 3076/4304/11396
f 3077/4305/11397 3081/4310/11398 3105/4311/11399
f 3105/4311/11400 3078/4306/11401 3077/4305/11402
f 3085/4312/11403 3084/4313/11404 3083/4314/11405
f 3083/4314/11406 3086/4315/11407 3085/4312/11408
f 3087/4316/11409 3085/4312/11410 3086/4315/11411
f 3086/4315/11412 3088/4317/11413 3087/4316/11414
f 3089/4318/11415 3087/4316/11416 3088/4317/11417
f 3088/4317/11418 3090/4319/11419 3089/4318/11420
f 3081/4310/11421 3082/4309/11422 3089/4318/11423 3090/4319/11424
f 3081/4310/11425 3090/4319/11426 3104/4320/11427
f 3104/4320/11428 3105/4311/11429 3081/4310/11430
f 3086/4315/11431 3083/4314/11432 3091/4321/11433
f 3091/4321/11434 3092/4322/11435 3086/4315/11436
f 3088/4317/11437 3086/4315/11438 3092/4322/11439
f 3092/4322/11440 3103/4323/11441 3088/4317/11442
f 3090/4319/11443 3088/4317/11444 3103/4323/11445
f 3103/4323/11446 3104/4320/11447 3090/4319/11448
f 3094/4324/11449 3093/4325/11450 3084/4313/11451
f 3084/4313/11452 3085/4312/11453 3094/4324/11454
f 3095/4326/11455 3094/4324/11456 3085/4312/11457
f 3085/4312/11458 3087/4316/11459 3095/4326/11460
f 3096/4327/11461 3095/4326/11462 3087/4316/11463
f 3087/4316/11464 3089/4318/11465 3096/4327/11466
f 3082/4309/11467 3097/4328/11468 3096/4327/11469 3089/4318/11470
f 3075/4291/11471 3097/4328/11472 3082/4309/11473
f 3082/4309/11474 3076/4304/11475 3075/4291/11476
f 3099/4329/11477 3098/4330/11478 3093/4325/11479
f 3093/4325/11480 3094/4324/11481 3099/4329/11482
f 3100/4331/11483 3099/4329/11484 3094/4324/11485
f 3094/4324/11486 3095/4326/11487 3100/4331/11488
f 3101/4332/11489 3100/4331/11490 3095/4326/11491
f 3095/4326/11492 3096/4327/11493 3101/4332/11494
f 3102/4333/11495 3101/4332/11496 3096/4327/11497
f 3096/4327/11498 3097/4328/11499 3102/4333/11500
f 3068/4292/11501 3102/4333/11502 3097/4328/11503
f 3097/4328/11504 3075/4291/11505 3068/4292/11506
f 3092/4334/11507 3091/4335/11508 3098/4330/11509
f 3098/4330/11510 3099/4329/11511 3092/4334/11512
f 3103/4336/11513 3092/4334/11514 3099/4329/11515
f 3099/4329/11516 3100/4331/11517 3103/4336/11518
f 3104/4337/11519 3103/4336/11520 3100/4331/11521
f 3100/4331/11522 3101/4332/11523 3104/4337/11524
f 3105/4338/11525 3104/4337/11526 3101/4332/11527
f 3101/4332/11528 3102/4333/11529 3105/4338/11530
f 3078/4294/11531 3105/4338/11532 3102/4333/11533
f 3102/4333/11534 3068/4292/11535 3078/4294/11536
f 3108/4339/11537 3107/4340/11538 3106/4341/11539
f 3106/4341/11540 3109/4342/11541 3108/4339/11542
f 3110/4343/11543 3108/4339/11544 3109/4342/11545
f 3109/4342/11546 3111/4344/11547 3110/4343/11548
f 3112/4345/11549 3110/4343/11550 3111/4344/11551
f 3111/4344/11552 3113/4346/11553 3112/4345/11554
f 3114/4347/11555 3112/4345/11556 3113/4346/11557
f 3113/4346/11558 3115/4348/11559 3114/4347/11560
f 3098/4330/11561 3114/4347/11562 3115/4348/11563
f 3115/4348/11564 3093/4325/11565 3098/4330/11566
f 3109/4342/11567 3106/4341/11568 3116/4349/11569
f 3116/4349/11570 3117/4350/11571 3109/4342/11572
f 3111/4344/11573 3109/4342/11574 3117/4350/11575
f 3117/4350/11576 3118/4351/11577 3111/4344/11578
f 3113/4346/11579 3111/4344/11580 3118/4351/11581
f 3118/4351/11582 3119/4352/11583 3113/4346/11584
f 3115/4348/11585 3113/4346/11586 3119/4352/11587
f 3119/4352/11588 3120/4353/11589 3115/4348/11590
f 3093/4325/11591 3115/4348/11592 3120/4353/11593
f 3120/4353/11594 3084/4313/11595 3093/4325/11596
f 3117/4350/11597 3116/4349/11598 3121/4354/11599
f 3121/4354/11600 3122/4355/11601 3117/4350/11602
f 3118/4351/11603 3117/4350/11604 3122/4355/11605
f 3122/4355/11606 3123/4356/11607 3118/4351/11608
f 3119/4352/11609 3118/4351/11610 3123/4356/11611
f 3123/4356/11612 3124/4357/11613 3119/4352/11614
f 3120/4353/11615 3119/4352/11616 3124/4357/11617
f 3124/4357/11618 3125/4358/11619 3120/4353/11620
f 3084/4313/11621 3120/4353/11622 3125/4358/11623
f 3125/4358/11624 3083/4314/11625 3084/4313/11626
f 3122/4355/11627 3121/4354/11628 3126/4359/11629
f 3126/4359/11630 3127/4360/11631 3122/4355/11632
f 3123/4356/11633 3122/4355/11634 3127/4360/11635
f 3127/4360/11636 3128/4361/11637 3123/4356/11638
f 3124/4357/11639 3123/4356/11640 3128/4361/11641
f 3128/4361/11642 3129/4362/11643 3124/4357/11644
f 3125/4358/11645 3124/4357/11646 3129/4362/11647
f 3129/4362/11648 3408/4363/11649 3125/4358/11650
f 3083/4314/11651 3125/4358/11652 3408/4363/11653
f 3408/4363/11654 3091/4321/11655 3083/4314/11656
f 3130/2594/11657 3197/4364/11658 3214/4270/11659
f 3133/4365/11660 3132/4366/11661 3131/4367/11662
f 3132/4366/11663 3133/4365/11664 3134/4368/11665
f 3135/4369/11666 3134/4368/11667 3133/4365/11668
f 3136/4370/11669 3134/4368/11670 3135/4369/11671
f 3135/4369/11672 2668/3841/11673 3136/4370/11674
f 3134/4368/11675 3137/4371/11676 3132/4366/11677
f 2666/3839/11678 3138/4372/11679 2668/3841/11680
f 3136/4370/11681 2668/3841/11682 3138/4372/11683
f 3138/4372/11684 3139/4373/11685 3136/4370/11686
f 3136/4370/11687 3139/4373/11688 2649/3822/11689
f 2649/3822/11690 2646/3821/11691 3136/4370/11692
f 3134/4368/11693 3136/4370/11694 2646/3821/11695
f 2646/3821/11696 2654/3827/11697 3134/4368/11698
f 3137/4371/11699 3134/4368/11700 2654/3827/11701
f 2654/3827/11702 3140/4374/11703 3137/4371/11704
f 3141/4375/11705 3140/4374/11706 2654/3827/11707 2653/3826/11708
f 3141/4375/11709 2653/3826/11710 2655/3829/11711
f 2655/3829/11712 3142/4376/11713 3141/4375/11714
f 3131/4367/11715 3144/4377/11716 3143/4378/11717
f 3144/4377/11718 3131/4367/11719 3132/4366/11720
f 3132/4366/11721 3145/4379/11722 3144/4377/11723
f 3145/4379/11724 3132/4366/11725 3137/4371/11726
f 3137/4371/11727 3146/4380/11728 3145/4379/11729
f 3146/4380/11730 3137/4371/11731 3140/4374/11732
f 3140/4374/11733 3147/4381/11734 3146/4380/11735
f 3147/4381/11736 3140/4374/11737 3141/4375/11738
f 3141/4375/11739 3148/4382/11740 3147/4381/11741
f 3149/4383/11742 3148/4382/11743 3141/4375/11744 3142/4376/11745
f 3152/4384/11746 3151/4385/11747 3150/4386/11748
f 3150/4386/11749 3153/4387/11750 3152/4384/11751
f 3153/4387/11752 3150/4386/11753 3154/4388/11754
f 3154/4388/11755 3149/4383/11756 3153/4387/11757
f 3149/4383/11758 3154/4388/11759 3155/4389/11760
f 3155/4389/11761 3148/4382/11762 3149/4383/11763
f 3148/4382/11764 3155/4389/11765 3156/4390/11766
f 3156/4390/11767 3147/4381/11768 3148/4382/11769
f 3147/4381/11770 3156/4390/11771 3157/4391/11772
f 3157/4391/11773 3146/4380/11774 3147/4381/11775
f 3146/4380/11776 3157/4391/11777 3158/4392/11778
f 3158/4392/11779 3145/4379/11780 3146/4380/11781
f 3144/4377/11782 3145/4379/11783 3158/4392/11784 3159/4393/11785
f 3144/4377/11786 3159/4393/11787 3160/4394/11788
f 3160/4394/11789 3143/4378/11790 3144/4377/11791
f 3143/4378/11792 3160/4394/11793 3161/4395/11794
f 3161/4395/11795 3162/4396/11796 3143/4378/11797
f 3162/4396/11798 3161/4395/11799 2757/3934/11800
f 2757/3934/11801 2750/3927/11802 3162/4396/11803
f 2668/3841/11804 3135/4369/11805 2669/3842/11806
f 2669/3842/11807 3135/4369/11808 2676/3849/11809
f 3135/4369/11810 3133/4365/11811 2676/3849/11812
f 2676/3849/11813 3133/4365/11814 3163/4397/11815
f 3131/4367/11816 3163/4397/11817 3133/4365/11818
f 3163/4397/11819 3131/4367/11820 3164/4398/11821
f 3143/4378/11822 3164/4398/11823 3131/4367/11824
f 3164/4398/11825 3143/4378/11826 3162/4396/11827
f 3162/4396/11828 2749/3928/11829 3164/4398/11830
f 2749/3928/11831 3162/4396/11832 2750/3927/11833
f 2748/3926/11834 2749/3928/11835 2747/3925/11836
f 2749/3928/11837 2748/3926/11838 3165/4399/11839
f 3165/4399/11840 3164/4398/11841 2749/3928/11842
f 3164/4398/11843 3165/4399/11844 3163/4397/11845
f 3166/4400/11846 3163/4397/11847 3165/4399/11848
f 3163/4397/11849 3166/4400/11850 2676/3849/11851
f 3170/4401/11852 3167/4402/11853 2676/3849/11854 3166/4400/11855
f 2676/3849/11856 3167/4402/11857 2675/3848/11858
f 2675/3848/11859 3167/4402/11860 2678/3850/11861
f 2678/3850/11862 2674/3847/11863 2675/3848/11864
f 2741/3919/11865 2739/3917/11866 3168/4403/11867
f 3168/4403/11868 2748/3926/11869 2741/3919/11870
f 2748/3926/11871 3168/4403/11872 3169/4404/11873
f 3169/4404/11874 3165/4399/11875 2748/3926/11876
f 3165/4399/11877 3169/4404/11878 3166/4400/11879
f 3170/4401/11880 3166/4400/11881 3169/4404/11882
f 3167/4402/11883 3170/4401/11884 3171/4405/11885
f 3171/4405/11886 2678/3850/11887 3167/4402/11888
f 2678/3850/11889 3171/4405/11890 3172/4406/11891
f 3168/4403/11892 3174/4407/11893 3173/4408/11894
f 3173/4408/11895 3169/4404/11896 3168/4403/11897
f 3169/4404/11898 3173/4408/11899 3170/4401/11900
f 3170/4401/11901 3173/4408/11902 3175/4409/11903
f 3175/4409/11904 3171/4405/11905 3170/4401/11906
f 3171/4405/11907 3175/4409/11908 3176/4410/11909
f 3176/4410/11910 3172/4406/11911 3171/4405/11912
f 3177/4411/11913 3172/4406/11914 3176/4410/11915
f 3172/4406/11916 3177/4411/11917 3178/4412/11918
f 3178/4412/11919 3177/4411/11920 3179/4413/11921
f 3180/4414/11922 3179/4413/11923 3177/4411/11924
f 3177/4411/11925 3181/4415/11926 3180/4414/11927
f 3176/4410/11928 3181/4415/11929 3177/4411/11930
f 3181/4415/11931 3176/4410/11932 3182/4416/11933
f 3182/4416/11934 3176/4410/11935 3175/4409/11936
f 3175/4409/11937 3183/4417/11938 3182/4416/11939
f 3174/4407/11940 3183/4417/11941 3175/4409/11942 3173/4408/11943
f 2723/3901/11944 3180/4414/11945 3181/4415/11946
f 3181/4415/11947 2725/3903/11948 2723/3901/11949
f 3182/4416/11950 2725/3903/11951 3181/4415/11952
f 2725/3903/11953 3182/4416/11954 2735/3913/11955
f 2735/3913/11956 3182/4416/11957 3183/4417/11958
f 3183/4417/11959 2736/3914/11960 2735/3913/11961
f 2736/3914/11962 3183/4417/11963 3174/4407/11964
f 3174/4407/11965 2737/3915/11966 2736/3914/11967
f 2739/3917/11968 2737/3915/11969 3174/4407/11970
f 3174/4407/11971 3168/4403/11972 2739/3917/11973
f 3172/4406/11974 2677/3851/11975 2678/3850/11976
f 3178/4412/11977 2677/3851/11978 3172/4406/11979
f 2677/3851/11980 3178/4412/11981 2679/3852/11982
f 2679/3852/11983 3178/4412/11984 2682/3855/11985
f 3179/4413/11986 2682/3855/11987 3178/4412/11988
f 2682/3855/11989 3179/4413/11990 2684/3857/11991
f 2721/3899/11992 2684/3857/11993 3179/4413/11994
f 3179/4413/11995 3180/4414/11996 2721/3899/11997
f 2722/3900/11998 2721/3899/11999 3180/4414/12000
f 3180/4414/12001 2723/3901/12002 2722/3900/12003
f 3184/4418/12004 2428/3535/12005 2427/3534/12006
f 2433/3540/12007 2428/3535/12008 3184/4418/12009
f 3184/4418/12010 3185/4419/12011 2433/3540/12012
f 2435/3542/12013 2433/3540/12014 3185/4419/12015
f 3185/4419/12016 3186/4420/12017 2435/3542/12018
f 2437/3544/12019 2435/3542/12020 3186/4420/12021
f 3186/4420/12022 2708/3885/12023 2437/3544/12024
f 3187/4421/12025 2421/3528/12026 2420/3527/12027
f 2425/3532/12028 2421/3528/12029 3187/4421/12030
f 3187/4421/12031 3188/4422/12032 2425/3532/12033
f 2425/3532/12034 3188/4422/12035 2427/3534/12036
f 2699/3872/12037 2427/3534/12038 3188/4422/12039
f 2427/3534/12040 2699/3872/12041 3184/4418/12042
f 2700/3873/12043 3184/4418/12044 2699/3872/12045
f 3185/4419/12046 3184/4418/12047 2700/3873/12048
f 2700/3873/12049 2701/3874/12050 3185/4419/12051
f 3186/4420/12052 3185/4419/12053 2701/3874/12054
f 2701/3874/12055 2702/3875/12056 3186/4420/12057
f 2708/3885/12058 3186/4420/12059 2702/3875/12060
f 2702/3875/12061 2704/3877/12062 2708/3885/12063
f 3190/4423/12064 3189/4424/12065 2416/3523/12066
f 2418/3525/12067 2416/3523/12068 3189/4424/12069
f 3189/4424/12070 3191/4425/12071 2418/3525/12072
f 2418/3525/12073 3191/4425/12074 2420/3527/12075
f 2697/3870/12076 2420/3527/12077 3191/4425/12078
f 2420/3527/12079 2697/3870/12080 3187/4421/12081
f 2696/3869/12082 3187/4421/12083 2697/3870/12084
f 3188/4422/12085 3187/4421/12086 2696/3869/12087
f 2696/3869/12088 2695/3868/12089 3188/4422/12090
f 3188/4422/12091 2695/3868/12092 2699/3872/12093
f 3191/4425/12094 2698/3871/12095 2697/3870/12096
f 3192/4426/12097 2698/3871/12098 3191/4425/12099
f 3191/4425/12100 3189/4424/12101 3192/4426/12102
f 3193/4427/12103 3192/4426/12104 3189/4424/12105
f 3189/4424/12106 3190/4423/12107 3193/4427/12108
f 3194/4428/12109 3193/4427/12110 3190/4423/12111
f 3190/4423/12112 3195/4429/12113 3194/4428/12114
f 3153/4387/12115 3194/4428/12116 3195/4429/12117
f 3195/4429/12118 3152/4384/12119 3153/4387/12120
f 3152/4384/12121 3195/4429/12122 3196/4430/12123
f 3194/4428/12124 3153/4387/12125 3149/4383/12126
f 3149/4383/12127 3142/4376/12128 3194/4428/12129
f 3193/4427/12130 3194/4428/12131 3142/4376/12132
f 3142/4376/12133 2655/3829/12134 3193/4427/12135
f 3192/4426/12136 3193/4427/12137 2655/3829/12138
f 2655/3829/12139 2656/3828/12140 3192/4426/12141
f 2698/3871/12142 3192/4426/12143 2656/3828/12144
f 2656/3828/12145 2661/3834/12146 2698/3871/12147
f 2698/3871/12148 2661/3834/12149 2687/3859/12150
f 2662/3836/12151 2687/3859/12152 2661/3834/12153
f 3197/4364/12154 3284/4431/12155 3214/4270/12156
f 3198/4432/12157 2400/3506/12158 2387/3494/12159
f 2400/3506/12160 3198/4432/12161 3199/4433/12162
f 3199/4433/12163 2406/3512/12164 2400/3506/12165
f 2406/3512/12166 3199/4433/12167 3200/4434/12168
f 3200/4434/12169 2414/3521/12170 2406/3512/12171
f 2414/3521/12172 3200/4434/12173 3196/4430/12174
f 3196/4430/12175 2415/3522/12176 2414/3521/12177
f 2415/3522/12178 3196/4430/12179 3195/4429/12180
f 3195/4429/12181 3190/4423/12182 2415/3522/12183
f 2416/3523/12184 2415/3522/12185 3190/4423/12186
f 3196/4430/12187 3201/4435/12188 3152/4384/12189
f 3201/4435/12190 3196/4430/12191 3200/4434/12192
f 3200/4434/12193 3202/4436/12194 3201/4435/12195
f 3202/4436/12196 3200/4434/12197 3199/4433/12198
f 3199/4433/12199 3203/4437/12200 3202/4436/12201
f 3203/4437/12202 3199/4433/12203 3198/4432/12204
f 3198/4432/12205 2378/3485/12206 3203/4437/12207
f 2378/3485/12208 3198/4432/12209 2379/3484/12210
f 2387/3494/12211 2379/3484/12212 3198/4432/12213
f 2379/3484/12214 2387/3494/12215 2380/3486/12216
f 2372/3478/12217 2371/3477/12218 3204/4438/12219
f 3204/4438/12220 2378/3485/12221 2372/3478/12222
f 2378/3485/12223 3204/4438/12224 2631/4439/12225
f 2631/4439/12226 3203/4437/12227 2378/3485/12228
f 3203/4437/12229 2631/4439/12230 3205/4440/12231
f 3205/4440/12232 3202/4436/12233 3203/4437/12234
f 3202/4436/12235 3205/4440/12236 3206/4441/12237
f 3206/4441/12238 3201/4435/12239 3202/4436/12240
f 3201/4435/12241 3206/4441/12242 3151/4385/12243
f 3151/4385/12244 3152/4384/12245 3201/4435/12246
f 3284/4431/12247 3248/4442/12248 3214/4270/12249
f 3209/4443/12250 3208/4444/12251 3207/4445/12252
f 3208/4444/12253 3209/4443/12254 3210/4446/12255
f 3210/4446/12256 3209/4443/12257 3211/4447/12258
f 3211/4447/12259 3212/4448/12260 3210/4446/12261
f 3212/4448/12262 3211/4447/12263 3213/4449/12264
f 3213/4449/12265 2573/3696/12266 3212/4448/12267
f 2499/3611/12268 2573/3696/12269 3213/4449/12270
f 2573/3696/12271 2499/3611/12272 2574/3695/12273
f 2574/3695/12274 2499/3611/12275 2500/3612/12276
f 2500/3612/12277 2575/3697/12278 2574/3695/12279
f 2382/3488/12280 2376/3482/12281 2377/3483/12282
f 2376/3482/12283 2382/3488/12284 3207/4445/12285
f 2384/3490/12286 3207/4445/12287 2382/3488/12288
f 3207/4445/12289 2384/3490/12290 3209/4443/12291
f 3209/4443/12292 2384/3490/12293 2386/3492/12294
f 2386/3492/12295 3211/4447/12296 3209/4443/12297
f 3211/4447/12298 2386/3492/12299 2494/3606/12300
f 2494/3606/12301 3213/4449/12302 3211/4447/12303
f 2495/3607/12304 3213/4449/12305 2494/3606/12306
f 3213/4449/12307 2495/3607/12308 2499/3611/12309
f 3207/4445/12310 2359/3459/12311 2376/3482/12312
f 2359/3459/12313 3207/4445/12314 3208/4444/12315
f 3208/4444/12316 2353/3453/12317 2359/3459/12318
f 2353/3453/12319 3208/4444/12320 2351/3451/12321
f 3210/4446/12322 2351/3451/12323 3208/4444/12324
f 2351/3451/12325 3210/4446/12326 2348/3448/12327
f 2348/3448/12328 3210/4446/12329 3212/4448/12330
f 3212/4448/12331 2347/3447/12332 2348/3448/12333
f 2347/3447/12334 3212/4448/12335 2573/3696/12336
f 2573/3696/12337 2569/3691/12338 2347/3447/12339
f 3248/4442/12340 3215/4450/12341 3214/4270/12342
f 3216/4451/12343 2992/4213/12344 2991/4212/12345
f 3217/4452/12346 2992/4213/12347 3216/4451/12348
f 3216/4451/12349 3218/4453/12350 3217/4452/12351
f 3217/4452/12352 3218/4453/12353 3219/4454/12354
f 3220/4455/12355 3219/4454/12356 3218/4453/12357
f 3218/4453/12358 3221/4456/12359 3220/4455/12360
f 2919/4140/12361 3220/4455/12362 3221/4456/12363
f 3221/4456/12364 2918/4141/12365 2919/4140/12366
f 3002/4222/12367 2918/4141/12368 3221/4456/12369
f 2918/4141/12370 3002/4222/12371 2922/4143/12372
f 2992/4213/12373 2986/4207/12374 2985/4206/12375
f 3222/4457/12376 2986/4207/12377 2992/4213/12378
f 2992/4213/12379 3217/4452/12380 3222/4457/12381
f 3222/4457/12382 3217/4452/12383 3223/4458/12384
f 3219/4454/12385 3223/4458/12386 3217/4452/12387
f 3223/4458/12388 3219/4454/12389 3224/4459/12390
f 3219/4454/12391 3220/4455/12392 3224/4459/12393
f 3055/4272/12394 3224/4459/12395 3220/4455/12396
f 3220/4455/12397 2919/4140/12398 3055/4272/12399
f 2919/4140/12400 2920/4139/12401 3055/4272/12402
f 3224/4459/12403 3214/3252/12404 3223/4458/12405
f 2175/3251/12406 3223/4458/12407 3214/3252/12408
f 3223/4458/12409 2175/3251/12410 3222/4457/12411
f 2170/3246/12412 3222/4457/12413 2175/3251/12414
f 2986/4207/12415 3222/4457/12416 2170/3246/12417
f 2170/3246/12418 2168/3244/12419 2986/4207/12420
f 2986/4207/12421 2168/3244/12422 2984/4205/12423
f 2166/3242/12424 2984/4205/12425 2168/3244/12426
f 2158/3226/12427 2984/4205/12428 2166/3242/12429
f 2166/3242/12430 2157/3227/12431 2158/3226/12432
f 3227/4460/12433 3226/4461/12434 3225/4462/12435
f 3225/4462/12436 3228/4463/12437 3227/4460/12438
f 3228/4463/12439 3225/4462/12440 3229/4464/12441
f 3229/4464/12442 3230/4465/12443 3228/4463/12444
f 3230/4465/12445 3229/4464/12446 3231/4466/12447
f 3231/4466/12448 1885/2919/12449 3230/4465/12450
f 1883/2917/12451 1885/2919/12452 3231/4466/12453 3232/4467/12454
f 1883/2917/12455 3232/4467/12456 1887/2920/12457
f 1887/2920/12458 1881/2915/12459 1883/2917/12460
f 3225/4462/12461 3234/4468/12462 3233/4469/12463
f 3233/4469/12464 3229/4464/12465 3225/4462/12466
f 3229/4464/12467 3233/4469/12468 3235/4470/12469
f 3235/4470/12470 3231/4466/12471 3229/4464/12472
f 3231/4466/12473 3235/4470/12474 3236/4471/12475
f 3236/4471/12476 3232/4467/12477 3231/4466/12478
f 3232/4467/12479 3236/4471/12480 3237/4472/12481
f 3237/4472/12482 1887/2920/12483 3232/4467/12484
f 1887/2920/12485 3237/4472/12486 1895/2928/12487
f 1895/2928/12488 1886/2921/12489 1887/2920/12490
f 2612/3740/12491 3235/4470/12492 3233/4469/12493
f 3235/4470/12494 2612/3740/12495 2611/3739/12496
f 2611/3739/12497 3236/4471/12498 3235/4470/12499
f 3236/4471/12500 2611/3739/12501 2609/3737/12502
f 2609/3737/12503 3237/4472/12504 3236/4471/12505
f 3237/4472/12506 2609/3737/12507 2607/3735/12508
f 2607/3735/12509 1895/2928/12510 3237/4472/12511
f 1895/2928/12512 2607/3735/12513 1913/2947/12514
f 1913/2947/12515 1894/2929/12516 1895/2928/12517
f 1894/2929/12518 1913/2947/12519 1901/2935/12520
f 2069/3126/12521 2071/3128/12522 2080/3137/12523
f 2080/3137/12524 3238/4473/12525 2069/3126/12526
f 3238/4473/12527 2080/3137/12528 3239/4474/12529
f 3239/4474/12530 3240/4475/12531 3238/4473/12532
f 3240/4475/12533 3239/4474/12534 3241/4476/12535
f 3241/4476/12536 3242/4477/12537 3240/4475/12538
f 3242/4477/12539 3241/4476/12540 3243/4478/12541
f 3243/4478/12542 3244/4479/12543 3242/4477/12544
f 3244/4479/12545 3243/4478/12546 3226/4461/12547
f 3226/4461/12548 3227/4460/12549 3244/4479/12550
f 2080/3137/12551 2079/3136/12552 2088/3145/12553
f 2088/3145/12554 3239/4474/12555 2080/3137/12556
f 3239/4474/12557 2088/3145/12558 3245/4480/12559
f 3245/4480/12560 3241/4476/12561 3239/4474/12562
f 3241/4476/12563 3245/4480/12564 3246/4481/12565
f 3246/4481/12566 3243/4478/12567 3241/4476/12568
f 3243/4478/12569 3246/4481/12570 3247/4482/12571
f 3247/4482/12572 3226/4461/12573 3243/4478/12574
f 3226/4461/12575 3247/4482/12576 3234/4468/12577
f 3234/4468/12578 3225/4462/12579 3226/4461/12580
f 2089/3146/12581 3245/4480/12582 2088/3145/12583
f 3245/4480/12584 2089/3146/12585 2600/3727/12586
f 2600/3727/12587 3246/4481/12588 3245/4480/12589
f 3246/4481/12590 2600/3727/12591 2598/3725/12592
f 2598/3725/12593 3247/4482/12594 3246/4481/12595
f 3247/4482/12596 2598/3725/12597 2595/3722/12598
f 2595/3722/12599 3234/4468/12600 3247/4482/12601
f 3234/4468/12602 2595/3722/12603 2596/3721/12604
f 2596/3721/12605 3233/4469/12606 3234/4468/12607
f 3233/4469/12608 2596/3721/12609 2612/3740/12610
f 3284/4431/12611 3249/4483/12612 3248/4442/12613
f 2445/4484/12614 3251/4485/12615 3250/4486/12616
f 3250/4486/12617 3329/4487/12618 2445/4484/12619
f 3329/4487/12620 3250/4486/12621 3252/4488/12622
f 3252/4488/12623 3330/4489/12624 3329/4487/12625
f 3330/4489/12626 3252/4488/12627 3253/4490/12628
f 3253/4490/12629 3254/4491/12630 3330/4489/12631
f 3254/4491/12632 3253/4490/12633 3255/4492/12634
f 3255/4492/12635 3331/4493/12636 3254/4491/12637
f 3332/3366/12638 3331/4493/12639 3255/4492/12640 2270/3361/12641
f 3256/4494/12642 3250/4486/12643 3251/4485/12644
f 3250/4486/12645 3256/4494/12646 3257/4495/12647
f 3257/4495/12648 3252/4488/12649 3250/4486/12650
f 3253/4490/12651 3252/4488/12652 3257/4495/12653 3258/4496/12654
f 3253/4490/12655 3258/4496/12656 3259/4497/12657
f 3259/4497/12658 3255/4492/12659 3253/4490/12660
f 3255/4492/12661 3259/4497/12662 3260/4498/12663
f 3260/4498/12664 2270/3361/12665 3255/4492/12666
f 2270/3361/12667 3260/4498/12668 2272/3359/12669
f 3261/3323/12670 3260/4498/12671 3259/4497/12672
f 3260/4498/12673 3261/3323/12674 3262/4499/12675
f 3262/4499/12676 2272/3359/12677 3260/4498/12678
f 2272/3359/12679 3262/4499/12680 2236/3322/12681
f 2236/3322/12682 3262/4499/12683 3261/3323/12684
f 3261/3323/12685 3263/4500/12686 2235/3320/12687
f 3266/4501/12688 3265/4502/12689 3264/4503/12690
f 3265/4502/12691 3266/4501/12692 3267/4504/12693
f 3267/4504/12694 3256/4494/12695 3265/4502/12696
f 3256/4494/12697 3267/4504/12698 3268/4505/12699
f 3268/4505/12700 3257/4495/12701 3256/4494/12702
f 3257/4495/12703 3268/4505/12704 2235/3320/12705
f 2235/3320/12706 3258/4496/12707 3257/4495/12708
f 3259/4497/12709 3258/4496/12710 2235/3320/12711 3263/4500/12712
f 3259/4497/12713 3263/4500/12714 3261/3323/12715
f 3267/4504/12716 3266/4501/12717 3269/3321/12718
f 2235/3320/12719 3268/4505/12720 3267/4504/12721
f 2235/3320/12722 3267/4504/12723 3269/3321/12724
f 3269/3321/12725 3270/4506/12726 2183/3261/12727
f 3270/4506/12728 3271/4507/12729 2183/3261/12730
f 3269/3321/12731 3272/4508/12732 3270/4506/12733
f 2183/3261/12734 2198/3278/12735 2192/3272/12736
f 2198/3278/12737 2183/3261/12738 3271/4507/12739
f 3271/4507/12740 2200/3280/12741 2198/3278/12742
f 2200/3280/12743 3271/4507/12744 3270/4506/12745
f 3270/4506/12746 3273/4509/12747 2200/3280/12748
f 3273/4509/12749 3270/4506/12750 3272/4508/12751
f 3272/4508/12752 3274/4510/12753 3273/4509/12754
f 3274/4510/12755 3272/4508/12756 3269/3321/12757
f 3269/3321/12758 3264/4503/12759 3274/4510/12760
f 3264/4503/12761 3269/3321/12762 3266/4501/12763
f 2200/3280/12764 3275/4511/12765 2199/3279/12766
f 3275/4511/12767 2200/3280/12768 3273/4509/12769
f 3273/4509/12770 3276/4512/12771 3275/4511/12772
f 3276/4512/12773 3273/4509/12774 3274/4510/12775
f 3274/4510/12776 3277/4513/12777 3276/4512/12778
f 3277/4513/12779 3274/4510/12780 3264/4503/12781
f 3264/4503/12782 3278/4514/12783 3277/4513/12784
f 3278/4514/12785 3264/4503/12786 3265/4502/12787
f 3265/4502/12788 3251/4485/12789 3278/4514/12790
f 3251/4485/12791 3265/4502/12792 3256/4494/12793
f 2206/3287/12794 2197/3277/12795 2199/3279/12796
f 2199/3279/12797 3279/4515/12798 2206/3287/12799
f 3279/4515/12800 2199/3279/12801 3275/4511/12802
f 3275/4511/12803 3280/4516/12804 3279/4515/12805
f 3280/4516/12806 3275/4511/12807 3276/4512/12808
f 3276/4512/12809 3281/4517/12810 3280/4516/12811
f 3281/4517/12812 3276/4512/12813 3277/4513/12814
f 3277/4513/12815 3282/4518/12816 3281/4517/12817
f 3282/4518/12818 3277/4513/12819 3278/4514/12820
f 3278/4514/12821 3283/4519/12822 3282/4518/12823
f 3283/4519/12824 3278/4514/12825 3251/4485/12826
f 3251/4485/12827 2445/4520/12828 3283/4519/12829
f 3197/4364/12830 3416/4521/12831 3284/4431/12832
f 2857/4044/12833 2835/4036/12834 2836/4037/12835
f 2836/4037/12836 3285/4522/12837 2857/4044/12838
f 3286/4523/12839 3285/4522/12840 2836/4037/12841 2803/3995/12842
f 3286/4523/12843 2803/3995/12844 2804/3998/12845
f 2804/3998/12846 3287/4524/12847 3286/4523/12848
f 3287/4524/12849 2804/3998/12850 2805/3999/12851
f 2805/3999/12852 3288/4525/12853 3287/4524/12854
f 3288/4525/12855 2805/3999/12856 2806/4000/12857
f 2806/4000/12858 2817/4003/12859 3288/4525/12860
f 2901/4100/12861 2881/4091/12862 2882/4092/12863
f 2882/4092/12864 3289/4526/12865 2901/4100/12866
f 3289/4526/12867 2882/4092/12868 2841/4045/12869
f 2841/4045/12870 3290/4527/12871 3289/4526/12872
f 3290/4527/12873 2841/4045/12874 2842/4048/12875
f 2842/4048/12876 3291/4528/12877 3290/4527/12878
f 3291/4528/12879 2842/4048/12880 2844/4050/12881
f 2844/4050/12882 3292/4529/12883 3291/4528/12884
f 3292/4529/12885 2844/4050/12886 2838/4039/12887
f 2838/4039/12888 2863/4038/12889 3292/4529/12890
f 1862/2896/12891 1855/2889/12892 1856/2890/12893
f 1856/2890/12894 3293/4530/12895 1862/2896/12896
f 3293/4530/12897 1856/2890/12898 1857/2891/12899
f 1857/2891/12900 3294/4531/12901 3293/4530/12902
f 3294/4531/12903 1857/2891/12904 2943/4164/12905
f 2943/4164/12906 3295/4532/12907 3294/4531/12908
f 3295/4532/12909 2943/4164/12910 2944/4165/12911
f 2944/4165/12912 3296/4533/12913 3295/4532/12914
f 3296/4533/12915 2944/4165/12916 2945/4166/12917
f 2945/4166/12918 2950/4171/12919 3296/4533/12920
f 3297/4534/12921 3295/4532/12922 3296/4533/12923
f 3295/4532/12924 3297/4534/12925 3298/4535/12926
f 3298/4535/12927 3294/4531/12928 3295/4532/12929
f 3294/4531/12930 3298/4535/12931 3299/4536/12932
f 3299/4536/12933 3293/4530/12934 3294/4531/12935
f 3293/4530/12936 3299/4536/12937 3300/4537/12938
f 3300/4537/12939 1862/2896/12940 3293/4530/12941
f 1862/2896/12942 3300/4537/12943 3301/4538/12944
f 3301/4538/12945 1861/2895/12946 1862/2896/12947
f 1861/2895/12948 3301/4538/12949 1863/2897/12950
f 3302/4539/12951 3298/4535/12952 3297/4534/12953
f 3298/4535/12954 3302/4539/12955 3303/4540/12956
f 3303/4540/12957 3299/4536/12958 3298/4535/12959
f 3299/4536/12960 3303/4540/12961 3304/4541/12962
f 3304/4541/12963 3300/4537/12964 3299/4536/12965
f 3300/4537/12966 3304/4541/12967 3305/4542/12968
f 3305/4542/12969 3301/4538/12970 3300/4537/12971
f 3301/4538/12972 3305/4542/12973 3306/4543/12974
f 3306/4543/12975 1863/2897/12976 3301/4538/12977
f 1863/2897/12978 3306/4543/12979 1868/2902/12980
f 1882/2916/12981 1877/2911/12982 1869/2903/12983
f 1869/2903/12984 1868/2902/12985 1882/2916/12986
f 1884/2918/12987 1882/2916/12988 1868/2902/12989
f 1868/2902/12990 3306/4543/12991 1884/2918/12992
f 3307/4544/12993 1884/2918/12994 3306/4543/12995
f 3306/4543/12996 3305/4542/12997 3307/4544/12998
f 3308/4545/12999 3307/4544/13000 3305/4542/13001
f 3305/4542/13002 3304/4541/13003 3308/4545/13004
f 3309/4546/13005 3308/4545/13006 3304/4541/13007
f 3304/4541/13008 3303/4540/13009 3309/4546/13010
f 1884/2918/13011 3307/4544/13012 1885/2919/13013
f 3230/4465/13014 1885/2919/13015 3307/4544/13016
f 3307/4544/13017 3308/4545/13018 3230/4465/13019
f 3228/4463/13020 3230/4465/13021 3308/4545/13022
f 3308/4545/13023 3309/4546/13024 3228/4463/13025
f 3227/4460/13026 3228/4463/13027 3309/4546/13028
f 3309/4546/13029 3310/4547/13030 3227/4460/13031
f 3244/4479/13032 3227/4460/13033 3310/4547/13034
f 3310/4547/13035 3311/4548/13036 3244/4479/13037
f 3242/4477/13038 3244/4479/13039 3311/4548/13040
f 3310/4547/13041 3309/4546/13042 3303/4540/13043
f 3303/4540/13044 3302/4539/13045 3310/4547/13046
f 3311/4548/13047 3310/4547/13048 3302/4539/13049
f 3302/4539/13050 3312/4549/13051 3311/4548/13052
f 3313/4550/13053 3311/4548/13054 3312/4549/13055
f 3312/4549/13056 3314/4551/13057 3313/4550/13058
f 3315/4552/13059 3313/4550/13060 3314/4551/13061
f 3314/4551/13062 3316/4553/13063 3315/4552/13064
f 3317/4554/13065 3315/4552/13066 3316/4553/13067
f 3316/4553/13068 3318/4555/13069 3317/4554/13070
f 3317/4554/13071 3318/4555/13072 3319/4556/13073
f 3320/4557/13074 3319/4556/13075 3318/4555/13076
f 3318/4555/13077 3321/4558/13078 3320/4557/13079
f 3321/4558/13080 3318/4555/13081 3316/4553/13082
f 3316/4553/13083 3322/4559/13084 3321/4558/13085
f 3322/4559/13086 3316/4553/13087 3314/4551/13088
f 3314/4551/13089 3323/4560/13090 3322/4559/13091
f 3323/4560/13092 3314/4551/13093 3312/4549/13094
f 3312/4549/13095 3297/4534/13096 3323/4560/13097
f 3297/4534/13098 3312/4549/13099 3302/4539/13100
f 3319/4556/13101 3324/4561/13102 3317/4554/13103
f 2059/3118/13104 3319/4556/13105 3320/4557/13106
f 3320/4557/13107 2953/4174/13108 2059/3118/13109
f 2953/4174/13110 3320/4557/13111 2952/4173/13112
f 2952/4173/13113 3320/4557/13114 3321/4558/13115
f 3321/4558/13116 2951/4172/13117 2952/4173/13118
f 2951/4172/13119 3321/4558/13120 3322/4559/13121
f 3322/4559/13122 2950/4171/13123 2951/4172/13124
f 2950/4171/13125 3322/4559/13126 3323/4560/13127
f 3323/4560/13128 3296/4533/13129 2950/4171/13130
f 3296/4533/13131 3323/4560/13132 3297/4534/13133
f 3311/4548/13134 3313/4550/13135 3242/4477/13136
f 3240/4475/13137 3242/4477/13138 3313/4550/13139
f 3313/4550/13140 3315/4552/13141 3240/4475/13142
f 3238/4473/13143 3240/4475/13144 3315/4552/13145
f 3315/4552/13146 3317/4554/13147 3238/4473/13148
f 2069/3126/13149 3238/4473/13150 3317/4554/13151
f 3317/4554/13152 3324/4561/13153 2069/3126/13154
f 2069/3126/13155 3324/4561/13156 2060/3117/13157
f 2060/3117/13158 3324/4561/13159 3319/4556/13160
f 3319/4556/13161 2059/3118/13162 2060/3117/13163
f 2059/3118/13164 2958/4179/13165 2061/3116/13166
f 2963/4184/13167 2066/3123/13168 2061/3116/13169 2958/4179/13170
f 2125/3188/13171 2066/3123/13172 2963/4184/13173
f 2064/3119/13174 2066/3123/13175 2125/3188/13176
f 2125/3188/13177 2126/3187/13178 2064/3119/13179
f 2063/3120/13180 2064/3119/13181 2126/3187/13182
f 2126/3187/13183 2128/3191/13184 2063/3120/13185
f 2073/3132/13186 2063/3120/13187 2128/3191/13188
f 2128/3191/13189 2117/3178/13190 2073/3132/13191
f 1741/2770/13192 1743/2772/13193 3038/4258/13194
f 3041/4261/13195 3038/4258/13196 1743/2772/13197
f 1743/2772/13198 1745/2774/13199 3041/4261/13200
f 3039/4259/13201 3041/4261/13202 1745/2774/13203
f 1745/2774/13204 1747/2776/13205 3039/4259/13206
f 1893/2927/13207 3039/4259/13208 1747/2776/13209
f 1747/2776/13210 1873/2907/13211 1893/2927/13212
f 1891/2925/13213 1893/2927/13214 1873/2907/13215
f 1873/2907/13216 1874/2908/13217 1891/2925/13218
f 1878/2913/13219 1891/2925/13220 1874/2908/13221
f 2775/3960/13222 2774/3959/13223 2773/3958/13224
f 2774/3959/13225 2775/3960/13226 3325/4562/13227
f 2216/3962/13228 3325/4562/13229 2775/3960/13230
f 3325/4562/13231 2216/3962/13232 3326/4563/13233
f 3326/4563/13234 2710/3888/13235 3325/4562/13236
f 2710/3888/13237 3326/4563/13238 3327/4564/13239
f 3327/4564/13240 2709/3889/13241 2710/3888/13242
f 2709/3889/13243 3327/4564/13244 3328/4565/13245
f 3328/4565/13246 2707/3881/13247 2709/3889/13248
f 2707/3881/13249 3328/4565/13250 2202/3880/13251
f 2766/3951/13252 2728/3906/13253 2729/3907/13254
f 2728/3906/13255 2766/3951/13256 2770/3955/13257
f 2770/3955/13258 2727/3905/13259 2728/3906/13260
f 2772/3957/13261 2727/3905/13262 2770/3955/13263
f 2727/3905/13264 2772/3957/13265 2719/3897/13266
f 2774/3959/13267 2719/3897/13268 2772/3957/13269
f 2719/3897/13270 2774/3959/13271 2718/3895/13272
f 3325/4562/13273 2718/3895/13274 2774/3959/13275
f 2718/3895/13276 3325/4562/13277 2710/3888/13278
f 2710/3888/13279 2711/3887/13280 2718/3895/13281
f 2445/3557/13282 2449/3562/13283 2444/3556/13284
f 2449/3562/13285 2445/3557/13286 3329/4566/13287
f 3329/4566/13288 2454/3568/13289 2449/3562/13290
f 2454/3568/13291 3329/4566/13292 3330/4567/13293
f 3330/4567/13294 2461/3574/13295 2454/3568/13296
f 2461/3574/13297 3330/4567/13298 3254/4568/13299
f 3254/4568/13300 2469/3581/13301 2461/3574/13302
f 2469/3581/13303 3254/4568/13304 3331/4569/13305
f 3331/4569/13306 2474/3586/13307 2469/3581/13308
f 2474/3586/13309 3331/4569/13310 3332/4570/13311
f 3332/4570/13312 2479/3591/13313 2474/3586/13314
f 2479/3591/13315 3332/4570/13316 2277/4571/13317
f 2277/4571/13318 2484/3596/13319 2479/3591/13320
f 2484/3596/13321 2277/4571/13322 3333/4572/13323
f 3333/4572/13324 2493/3605/13325 2484/3596/13326
f 2493/3605/13327 3333/4572/13328 2507/3618/13329
f 2245/3332/13330 2257/3344/13331 2251/3338/13332
f 2257/3344/13333 2245/3332/13334 2239/3327/13335
f 2239/3327/13336 2219/3301/13337 2257/3344/13338
f 2219/3301/13339 2239/3327/13340 2240/3326/13341
f 2240/3326/13342 2220/3304/13343 2219/3301/13344
f 2220/3304/13345 2240/3326/13346 2232/3317/13347
f 2232/3317/13348 2222/3306/13349 2220/3304/13350
f 2222/3306/13351 2232/3317/13352 2233/3318/13353
f 2233/3318/13354 2224/3308/13355 2222/3306/13356
f 2224/3308/13357 2233/3318/13358 2227/3312/13359
f 3336/3811/13360 3335/3810/13361 3334/3009/13362
f 3334/3009/13363 3337/3004/13364 3336/3811/13365
f 3338/3813/13366 3336/3811/13367 3337/3004/13368
f 3337/3004/13369 3339/3000/13370 3338/3813/13371
f 3340/3815/13372 3338/3813/13373 3339/3000/13374
f 3339/3000/13375 1957/2998/13376 3340/3815/13377
f 2644/3817/13378 3340/3815/13379 1957/2998/13380
f 1957/2998/13381 1954/2996/13382 2644/3817/13383
f 3341/3800/13384 2644/3817/13385 1954/2996/13386
f 1954/2996/13387 3342/2994/13388 3341/3800/13389
f 2637/3801/13390 3341/3800/13391 3342/2994/13392
f 3342/2994/13393 3343/2983/13394 2637/3801/13395
f 3344/3803/13396 2637/3801/13397 3343/2983/13398
f 3343/2983/13399 1943/2985/13400 3344/3803/13401
f 2640/3805/13402 3344/3803/13403 1943/2985/13404
f 1943/2985/13405 1947/2988/13406 2640/3805/13407
f 2642/3807/13408 2640/3805/13409 1947/2988/13410
f 1947/2988/13411 1916/2950/13412 2642/3807/13413
f 3345/3790/13414 2642/3807/13415 1916/2950/13416
f 1916/2950/13417 3346/2952/13418 3345/3790/13419
f 2632/3791/13420 3345/3790/13421 3346/2952/13422
f 3346/2952/13423 3347/2953/13424 2632/3791/13425
f 2634/3793/13426 2632/3791/13427 3347/2953/13428
f 3347/2953/13429 1918/2954/13430 2634/3793/13431
f 3348/3795/13432 2634/3793/13433 1918/2954/13434
f 1918/2954/13435 1919/2955/13436 3348/3795/13437
f 3349/3797/13438 3348/3795/13439 1919/2955/13440
f 1919/2955/13441 1920/2956/13442 3349/3797/13443
f 3350/3780/13444 3349/3797/13445 1920/2956/13446
f 1920/2956/13447 3351/3741/13448 3350/3780/13449
f 2629/3781/13450 3350/3780/13451 3351/3741/13452
f 3351/3741/13453 3352/3742/13454 2629/3781/13455
f 3353/3783/13456 2629/3781/13457 3352/3742/13458
f 3352/3742/13459 3354/3743/13460 3353/3783/13461
f 3355/3785/13462 3353/3783/13463 3354/3743/13464
f 3354/3743/13465 3356/3744/13466 3355/3785/13467
f 3357/3787/13468 3355/3785/13469 3356/3744/13470
f 3356/3744/13471 3358/3730/13472 3357/3787/13473
f 2625/3770/13474 3357/3787/13475 3358/3730/13476
f 3358/3730/13477 2603/3731/13478 2625/3770/13479
f 2624/3771/13480 2625/3770/13481 2603/3731/13482
f 2603/3731/13483 2604/3732/13484 2624/3771/13485
f 2626/3773/13486 2624/3771/13487 2604/3732/13488
f 2604/3732/13489 2605/3733/13490 2626/3773/13491
f 2627/3775/13492 2626/3773/13493 2605/3733/13494
f 2605/3733/13495 2606/3734/13496 2627/3775/13497
f 2628/3777/13498 2627/3775/13499 2606/3734/13500
f 2606/3734/13501 2109/3170/13502 2628/3777/13503
f 2620/3761/13504 2628/3777/13505 2109/3170/13506
f 2109/3170/13507 2111/3171/13508 2620/3761/13509
f 2112/3172/13510 2619/3762/13511 2620/3761/13512 2111/3171/13513
f 2621/3763/13514 2619/3762/13515 2112/3172/13516
f 2112/3172/13517 2113/3173/13518 2621/3763/13519
f 2622/3765/13520 2621/3763/13521 2113/3173/13522
f 2113/3173/13523 2114/3174/13524 2622/3765/13525
f 2623/3767/13526 2622/3765/13527 2114/3174/13528
f 2114/3174/13529 2115/3175/13530 2623/3767/13531
f 2614/3746/13532 2623/3767/13533 2115/3175/13534
f 2115/3175/13535 2116/3176/13536 2614/3746/13537
f 2613/3747/13538 2614/3746/13539 2116/3176/13540
f 2116/3176/13541 3359/3177/13542 2613/3747/13543
f 2615/3749/13544 2613/3747/13545 3359/3177/13546
f 3359/3177/13547 2119/3180/13548 2615/3749/13549
f 2616/3751/13550 2615/3749/13551 2119/3180/13552
f 2119/3180/13553 3360/3182/13554 2616/3751/13555
f 2617/3753/13556 2616/3751/13557 3360/3182/13558
f 3360/3182/13559 2122/3184/13560 2617/3753/13561
f 2618/3755/13562 2617/3753/13563 2122/3184/13564
f 2122/3184/13565 3361/3186/13566 2618/3755/13567
f 3335/3757/13568 2618/3755/13569 3361/3186/13570
f 3361/3186/13571 3334/3208/13572 3335/3757/13573
f 3362/4573/13574 2789/4574/13575 2790/4575/13576
f 2790/4575/13577 3363/4576/13578 3362/4573/13579
f 3384/4577/13580 3362/4573/13581 3363/4576/13582
f 3363/4576/13583 3364/4578/13584 3384/4577/13585
f 3385/4579/13586 3384/4577/13587 3364/4578/13588
f 3364/4578/13589 3365/4580/13590 3385/4579/13591
f 3386/4581/13592 3385/4579/13593 3365/4580/13594
f 3365/4580/13595 3366/4582/13596 3386/4581/13597
f 3387/4583/13598 3386/4581/13599 3366/4582/13600
f 3366/4582/13601 3367/4584/13602 3387/4583/13603
f 3363/4576/13604 2790/4575/13605 3368/4585/13606
f 3368/4585/13607 3369/4586/13608 3363/4576/13609
f 3364/4578/13610 3363/4576/13611 3369/4586/13612
f 3369/4586/13613 3370/4587/13614 3364/4578/13615
f 3365/4580/13616 3364/4578/13617 3370/4587/13618
f 3370/4587/13619 3371/4588/13620 3365/4580/13621
f 3366/4582/13622 3365/4580/13623 3371/4588/13624
f 3371/4588/13625 3372/4589/13626 3366/4582/13627
f 3373/4590/13628 3367/4584/13629 3366/4582/13630 3372/4589/13631
f 3369/4586/13632 3368/4585/13633 2787/4591/13634
f 2787/4591/13635 3374/4592/13636 3369/4586/13637
f 3370/4587/13638 3369/4586/13639 3374/4592/13640
f 3374/4592/13641 3375/4593/13642 3370/4587/13643
f 3371/4588/13644 3370/4587/13645 3375/4593/13646
f 3375/4593/13647 3376/4594/13648 3371/4588/13649
f 3372/4589/13650 3371/4588/13651 3376/4594/13652
f 3376/4594/13653 3377/4595/13654 3372/4589/13655
f 3378/4596/13656 3373/4590/13657 3372/4589/13658 3377/4595/13659
f 3374/4592/13660 2787/4591/13661 2788/4597/13662
f 2788/4597/13663 3379/4598/13664 3374/4592/13665
f 3375/4593/13666 3374/4592/13667 3379/4598/13668
f 3379/4598/13669 3380/4599/13670 3375/4593/13671
f 3376/4594/13672 3375/4593/13673 3380/4599/13674
f 3380/4599/13675 3381/4600/13676 3376/4594/13677
f 3382/4601/13678 3377/4595/13679 3376/4594/13680 3381/4600/13681
f 3378/4596/13682 3377/4595/13683 3382/4601/13684
f 3382/4601/13685 3383/4602/13686 3378/4596/13687
f 3379/4598/13688 2788/4597/13689 2789/4603/13690
f 2789/4603/13691 3362/4604/13692 3379/4598/13693
f 3380/4599/13694 3379/4598/13695 3362/4604/13696
f 3362/4604/13697 3384/4605/13698 3380/4599/13699
f 3381/4600/13700 3380/4599/13701 3384/4605/13702
f 3384/4605/13703 3385/4606/13704 3381/4600/13705
f 3382/4601/13706 3381/4600/13707 3385/4606/13708
f 3385/4606/13709 3386/4607/13710 3382/4601/13711
f 3383/4602/13712 3382/4601/13713 3386/4607/13714
f 3386/4607/13715 3387/4608/13716 3383/4602/13717
f 3388/4609/13718 3383/4602/13719 3387/4608/13720
f 3387/4608/13721 3406/4610/13722 3388/4609/13723
f 3389/4611/13724 3388/4609/13725 3406/4610/13726
f 3406/4610/13727 3407/4612/13728 3389/4611/13729
f 3390/4613/13730 3389/4611/13731 3407/4612/13732
f 3407/4612/13733 3391/4614/13734 3390/4613/13735
f 3392/4615/13736 3390/4613/13737 3391/4614/13738
f 3391/4614/13739 3393/4616/13740 3392/4615/13741
f 3121/4354/13742 3392/4615/13743 3393/4616/13744
f 3393/4616/13745 3126/4359/13746 3121/4354/13747
f 3394/4617/13748 3378/4596/13749 3383/4602/13750
f 3383/4602/13751 3388/4609/13752 3394/4617/13753
f 3395/4618/13754 3394/4617/13755 3388/4609/13756
f 3388/4609/13757 3389/4611/13758 3395/4618/13759
f 3396/4619/13760 3395/4618/13761 3389/4611/13762
f 3389/4611/13763 3390/4613/13764 3396/4619/13765
f 3397/4620/13766 3396/4619/13767 3390/4613/13768
f 3390/4613/13769 3392/4615/13770 3397/4620/13771
f 3116/4349/13772 3397/4620/13773 3392/4615/13774
f 3392/4615/13775 3121/4354/13776 3116/4349/13777
f 3394/4617/13778 3398/4621/13779 3373/4590/13780 3378/4596/13781
f 3399/4622/13782 3398/4621/13783 3394/4617/13784
f 3394/4617/13785 3395/4618/13786 3399/4622/13787
f 3400/4623/13788 3399/4622/13789 3395/4618/13790
f 3395/4618/13791 3396/4619/13792 3400/4623/13793
f 3401/4624/13794 3400/4623/13795 3396/4619/13796
f 3396/4619/13797 3397/4620/13798 3401/4624/13799
f 3106/4341/13800 3401/4624/13801 3397/4620/13802
f 3397/4620/13803 3116/4349/13804 3106/4341/13805
f 3402/4625/13806 3367/4584/13807 3373/4590/13808
f 3373/4590/13809 3398/4621/13810 3402/4625/13811
f 3403/4626/13812 3402/4625/13813 3398/4621/13814
f 3398/4621/13815 3399/4622/13816 3403/4626/13817
f 3404/4627/13818 3403/4626/13819 3399/4622/13820
f 3399/4622/13821 3400/4623/13822 3404/4627/13823
f 3405/4628/13824 3404/4627/13825 3400/4623/13826
f 3400/4623/13827 3401/4624/13828 3405/4628/13829
f 3107/4340/13830 3405/4628/13831 3401/4624/13832
f 3401/4624/13833 3106/4341/13834 3107/4340/13835
f 3402/4625/13836 3406/4629/13837 3387/4583/13838 3367/4584/13839
f 3407/4630/13840 3406/4629/13841 3402/4625/13842
f 3402/4625/13843 3403/4626/13844 3407/4630/13845
f 3391/4631/13846 3407/4630/13847 3403/4626/13848
f 3403/4626/13849 3404/4627/13850 3391/4631/13851
f 3393/4632/13852 3391/4631/13853 3404/4627/13854
f 3404/4627/13855 3405/4628/13856 3393/4632/13857
f 3126/4633/13858 3393/4632/13859 3405/4628/13860
f 3405/4628/13861 3107/4340/13862 3126/4633/13863
f 3127/4634/13864 3126/4633/13865 3107/4340/13866
f 3107/4340/13867 3108/4339/13868 3127/4634/13869
f 3128/4635/13870 3127/4634/13871 3108/4339/13872
f 3108/4339/13873 3110/4343/13874 3128/4635/13875
f 3129/4636/13876 3128/4635/13877 3110/4343/13878
f 3110/4343/13879 3112/4345/13880 3129/4636/13881
f 3408/4637/13882 3129/4636/13883 3112/4345/13884
f 3112/4345/13885 3114/4347/13886 3408/4637/13887
f 3091/4335/13888 3408/4637/13889 3114/4347/13890
f 3114/4347/13891 3098/4330/13892 3091/4335/13893
f 2780/3653/13894 2763/4638/13895 2533/3655/13896
f 2533/3655/13897 2763/4638/13898 3409/4639/13899
f 3409/4639/13900 2535/3657/13901 2533/3655/13902
f 2535/3657/13903 3409/4639/13904 2296/3391/13905
f 2296/3391/13906 2537/3659/13907 2535/3657/13908
f 2295/3390/13909 2537/3659/13910 2296/3391/13911
f 2537/3659/13912 2295/3390/13913 2301/3397/13914
f 2294/3389/13915 2301/3397/13916 2295/3390/13917
f 2301/3397/13918 2294/3389/13919 2298/3392/13920
f 2293/3384/13921 2298/3392/13922 2294/3389/13923
f 3410/4640/13924 2993/4214/13925 3000/4221/13926
f 3000/4221/13927 3003/4224/13928 3410/4640/13929
f 3410/4640/13930 3003/4224/13931 3411/4641/13932
f 3002/4222/13933 3411/4641/13934 3003/4224/13935
f 3221/4456/13936 3411/4641/13937 3002/4222/13938
f 3411/4641/13939 3221/4456/13940 3218/4453/13941
f 3218/4453/13942 3216/4451/13943 3411/4641/13944
f 3411/4641/13945 3216/4451/13946 3410/4640/13947
f 2991/4212/13948 3410/4640/13949 3216/4451/13950
f 2993/4214/13951 3410/4640/13952 2991/4212/13953
f 3416/4521/13954 2055/4642/13955 3284/4431/13956
f 3412/4643/13957 1816/2846/13958 1803/2835/13959
f 1803/2835/13960 1804/2834/13961 3412/4643/13962
f 3413/4644/13963 3412/4643/13964 1804/2834/13965
f 1804/2834/13966 3011/4232/13967 3413/4644/13968
f 3009/4230/13969 3414/4645/13970 3413/4644/13971 3011/4232/13972
f 3415/4646/13973 3414/4645/13974 3009/4230/13975
f 3009/4230/13976 3007/4228/13977 3415/4646/13978
f 2049/3096/13979 3415/4646/13980 3007/4228/13981
f 3007/4228/13982 2048/3097/13983 2049/3096/13984
f 1816/2846/13985 3412/4643/13986 3197/2852/13987
f 3412/4643/13988 3413/4644/13989 3197/2852/13990
f 3417/4647/13991 3197/2852/13992 3413/4644/13993
f 3413/4644/13994 3414/4645/13995 3417/4647/13996
f 3414/4645/13997 3415/4646/13998 3417/4647/13999
f 3416/4648/14000 3417/4647/14001 3415/4646/14002
f 3415/4646/14003 2049/3096/14004 3416/4648/14005
f 2049/3096/14006 2050/3095/14007 3416/4648/14008
f 2055/3102/14009 3416/4648/14010 2050/3095/14011
f 2050/3095/14012 2051/3098/14013 2055/3102/14014
f 3197/4364/14015 3417/4649/14016 3416/4521/14017
f 3130/2594/14018 3418/4650/14019 1818/4651/14020
f 3130/2594/14021 1818/4651/14022 3197/4364/14023
f 1818/4651/14024 3419/4652/14025 3197/4364/14026
